ClientID,subClientID,Entity1,Team,strActiveBroker,strActiveTrader,strLiquidityProvider,strMarketMaker,Accreditation,Deal_Source_Group,House_Client,Clearing_Fee,rebateAmount,Net_Revenue,Product1,Year_Month,Currency,Clearing_Member,Fiscal_Year,Fiscal_Quarter,Fiscal_Month,Fiscal_Half,Net_Revenue_SGD,Business_Type_Group,Entity2,Country,masDesc_final,Business_Type,Final_Allocation,Region_Group,Traded_Volume,Net_Revenue_Adjusted,Clearing_Fee_SGD,Rebates_SGD,Entity,Tier,Account_Manager,Net_Revenue_Factor,Product_Group,Product_Group1,Product_Type,Product_Type2,Product2,Product2_Label,Product1_Label,Member_Short_Name,Trading_Days,RegionAllocation,TeamAllocation,masDescription,Trade_Session,BUM_Disclosure_Year
5121,5121,ALACROFT,China,ActiveBroker,ActiveTrader,LiquidityProvider,MarketMaker,TOHL,Screen,Client,17855.5,0,64,3MF,2023-07,USD,S389,2023,Q3,7,2H,619.2,PTG,Undisclosed,India,LiquidityProvider,Advisory Firm,0.125,China,9679,535.5564,632.90625,2298.588353,ALACROFT,GAM,Yan Xuan Li,,Commods,Commods,Oil,Oil,Oil,Oil,Platts Singapore FO 380cst Index Futures,JP Morgan,19,1,1,ActiveTrader,T,FY17
5121,5121,ALACROFT,China,ActiveBroker,ActiveTrader,LiquidityProvider,MarketMaker,LUSHB|GOCSEIR,Screen,Client,133.5,1002.130324,15346.65049,ACF,2024-05,USD,S011,2023,Q2,5,1H,3.096,Buy-Side,CIFCO Group,India,LiquidityProvider,Advisory Firm,1,Europe,3134,1970,233.9286,4278.2592,ALACROFT,Tier 1,Craig Cohen,,Commods,Commods,Coking Coal,Coking Coal,Coking Coal,Coking Coal,Coking Coal Futures,Morgan Stanley,20,1,1,MarketMaker,T,FY23
5121,5121,ALACROFT,GAM,ActiveBroker,ActiveTrader,LiquidityProvider,MarketMaker,LUSHB|KOHBRENNA,Screen,Client,2553,3288.45,18890.3,AMF,2025-06,USD,S866,2024,Q2,6,1H,207.045,Trading Firms,Holaspa Global Trading,India,ActiveTrader,Advisory Firm,1,SG ROA,100,696.213,1080.504,0,ALACROFT,Tier 2,Renaud Gocsei,,Commods,Commods,Dairy,Dairy,Dairy,Dairy,SGX-NZX Global Anhydrous Milk Fat (AMF) Futures,JP Morgan,21,1,1,LiquidityProvider,T,FY14
5121,5121,ALACROFT,China,ActiveBroker,ActiveTrader,LiquidityProvider,MarketMaker,WANGV,Screen,Client,1115.45,2141.605739,15,BRL,2024-08,USD,S061,2024,Q3,8,2H,121.4162806,Brokerage/Agency,Broad Reach,India,LiquidityProvider,Advisory Firm,0.5,Hong Kong,390,1.29,261.612,0,ALACROFT,Tier 1,Vivian Wang Min,,Financials,FX/IR,FX,FX,BRL,SGX BRL/USD Futures,SGX BRL/USD Futures,CIMB,22,1,1,ActiveTrader,T+1,FY15
5121,5121,ALACROFT,SGROA RM,ActiveBroker,ActiveTrader,LiquidityProvider,MarketMaker,WANGV,NLT,Client,93673.8,0,69.3,BZ,2022-07,USD,S389,2022,Q3,7,2H,27187.29825,PTG,White Oak AM,India,ActiveTrader,Advisory Firm,0.25,Hong Kong,384,42.40875,28038.15,0,ALACROFT,Tier 1,Britney Tan Hwee Sian,,Commods,Commods,Petchem,Petchem,Petchem,Petchem,Platts BZ FOB Korea Swap,SG Securities,20,1,1,LiquidityProvider,T,FY23
5121,5121,ALACROFT,Commodities Sales,ActiveBroker,ActiveTrader,LiquidityProvider,MarketMaker,KOHBRENNA|GROTHK,NLT,Client,456.5,2100,151.914835,BZF,2023-03,USD,S009,2022,Q1,3,1H,258,Brokerage/Agency,Quantree Investment,India,ActiveTrader,Advisory Firm,1,SG ROA,25223,361.845,2.58,21.672,ALACROFT,Tier 1,Lily Chia,,Commods,Commods,Petchem,Petchem,Petchem,Petchem,Platts BZ FOB Korea Futures,ABN Amro,21,1,1,ActiveBroker,T,FY23
5121,5121,ALACROFT,Commodities Sales,ActiveBroker,ActiveTrader,LiquidityProvider,MarketMaker,DAVEYC|LEEKJ,NLT,Client,3093,36.94002869,0,BZN,2022-05,USD,S020,2021,Q2,5,1H,32.637,Brokers Prop,Boronia Diversified Fund (Master) Ltd,India,ActiveTrader,Advisory Firm,1,SG ROA,200,5073.828,6193.29,0,ALACROFT,GAM,Carl Davey,,Commods,Commods,Petchem,Petchem,Petchem,Petchem,BZ-Naphtha Spread Swap,Citigroup,21,1,1,LiquidityProvider,T,FY18
5121,5121,ALACROFT,Omnibus,ActiveBroker,ActiveTrader,LiquidityProvider,MarketMaker,KOHBRENNA|GROTHK,Screen,Client,197.4,0,40,BZNF,2024-06,USD,S339,2023,Q2,6,1H,-77008.4348,Brokerage/Agency,Coin Hako,India,LiquidityProvider,Advisory Firm,1,China,6.75,154.8,464.4,164.088,ALACROFT,Tier 1,Kenneth Ng Say Chong,,Commods,Commods,Petchem,Petchem,Petchem,Petchem,BZ-Naphtha Spread Futures,ABN Amro,20,1,1,LiquidityProvider,T,FY24
5121,5121,ALACROFT,Commodities Sales,ActiveBroker,ActiveTrader,LiquidityProvider,MarketMaker,KOHBRENNA,Screen,Client,2505,0,1246.8,CN,2021-10,USD,S009,2021,Q4,10,2H,1410.895447,Buy-Side,Mansukh Securities,India,MarketMaker,Advisory Firm,1,SG ROA,1151,123.84,387,4310.687327,ALACROFT,Tier 1,Renaud Gocsei,,Financials,Equity Derivatives,Equity,Equity Index,CN,China A50 Index Futures,China A50 Index Futures,Merrill Lynch,21,1,1,LiquidityProvider,T,FY23
5121,5121,ALACROFT,GAM,ActiveBroker,ActiveTrader,LiquidityProvider,MarketMaker,WANGD,Screen,Client,10096.4,0,9115.59,CWF,2023-10,SGD,S389,2023,Q4,10,2H,0,Brokerage/Agency,Citigroup Prop,India,ActiveTrader,Advisory Firm,1,Hong Kong,1,935.25,29680.925,0,ALACROFT,Tier 1,Lily Chia,,Commods,Commods,FFA,FFA,FFA,FFA,Capesize Time Charter Average (5 Routes) Futures,OCBC Securities,22,1,1,MarketMaker,T+1,FY15
5121,5121,ALACROFT,Europe NBS,ActiveBroker,ActiveTrader,LiquidityProvider,MarketMaker,KOHBRENNA,NLT,Client,0,0,1239.39746,CWFO,2025-07,USD,S389,2025,Q3,7,2H,-1290,Brokerage/Agency,SkandinaViska E B. AB.,India,LiquidityProvider,Advisory Firm,1,China,10274,142.2502468,105696.05,0,ALACROFT,GAM,Vivian Wang Min,,Commods,Commods,FFA,FFA,FFA,FFA,Capesize Time Charter (5 Routes) Average Futures O,Deutsche,22,1,1,ActiveTrader,T,FY17
5121,5121,ALACROFT,International Sales RM,ActiveBroker,ActiveTrader,LiquidityProvider,MarketMaker,DAVEYC|LEEKJ,NLT,Client,72,0,-4315.724162,FCH,2022-04,USD,S888,2021,Q2,4,1H,516,PTG,Hartree Partners Power & Gas Company,India,LiquidityProvider,Advisory Firm,0.25,SG ROA,6480,1.29,929.574,0,ALACROFT,Commods,Tashya Zhuo Xiaofan,,Financials,Equity Derivatives,Equity,Equity Index,FCH,FTSE China H50 Index Futures,FTSE China H50 Index Futures,Phillip,18,0.125,1,ActiveTrader,T,FY18
5121,5121,ALACROFT,GAM,ActiveBroker,ActiveTrader,LiquidityProvider,MarketMaker,TANSY,NLT,Client,109.2,0,177.0306122,FEF,2022-03,USD,S389,2021,Q1,3,1H,2398.786931,Buy-Side,JMK Capital Pte Ltd,India,MarketMaker,Advisory Firm,1,Hong Kong,58.75,620.49,145.77,0,ALACROFT,Tier 2,David Chiam,,Commods,Commods,Iron ore,Iron ore,Iron Ore,Iron ore,TSI Iron Ore CFR China (62% Fe Fines) Index Future,Merrill Lynch,21,1,1,LiquidityProvider,T+1,FY14
5121,5121,ALACROFT,GAM,ActiveBroker,ActiveTrader,LiquidityProvider,MarketMaker,KOHBRENNA|TANBHS,Screen,Client,641,10.4,2113.1,FEFO,2021-12,USD,S138,2021,Q4,12,2H,56.115,Buy-Side,Vitry Middle East General Trading LLC,India,LiquidityProvider,Advisory Firm,1,China,7271,4386,729.0306,0,ALACROFT,Tier 3,Kenny Groth,,Commods,Commods,Iron ore,Iron ore,Iron Ore,Iron ore,TSI Iron Ore CFR China (62% FE Fines) Index Future,HGNH,22,1,1,LiquidityProvider,T+1,FY25
5121,5121,ALACROFT,Omnibus,ActiveBroker,ActiveTrader,LiquidityProvider,MarketMaker,LUSHB,Screen,Client,-1.15e-14,0,36,FEFTS,2024-03,USD,S168,2023,Q1,3,1H,38.14329466,Brokerage/Agency,Undisclosed,India,MarketMaker,Advisory Firm,1,SG ROA,11865,1547.566953,0,693481.515,ALACROFT,China,Richard Wenk,,Commods,Commods,Iron Ore,Iron Ore,Iron Ore,Iron Ore,TSI Iron Ore CFR China (62% Fe Fines) Index Futures (Trade-at-Settlement),GH Financials,19,1,1,LiquidityProvider,T,FY17
5121,5121,ALACROFT,GAM,ActiveBroker,ActiveTrader,LiquidityProvider,MarketMaker,TANBHS,Screen,Client,0.6,0,2760,FID,2025-01,USD,S883,2024,Q1,1,1H,1715.7,PTG,Marshall Wace,India,LiquidityProvider,Advisory Firm,1,SG ROA,3207,1989.18,3145.125,45809.55841,ALACROFT,Omnibus,omnibus,,Financials,Equity Derivatives,Equity,Equity Index,FID,FTSE Indonesia Index Futures,FTSE Indonesia Index Futures,DBS Vickers,19,1,1,ActiveTrader,T+1,FY16
5121,5121,ALACROFT,International Sales RM,ActiveBroker,ActiveTrader,LiquidityProvider,MarketMaker,JUDGEM,Screen,Client,1419,48.75,73.8,FVN,2025-04,USD,S009,2024,Q2,4,1H,4031.25,Buy-Side,Glencore International AG,India,ActiveTrader,Advisory Firm,0.125,SG ROA,250,368.94,12700.775,0,ALACROFT,Commods,Kenny Groth,,Financials,Equity Derivatives,Equity,Equity Index,FVN,SGX FTSE Vietnam 30 Index Futures,FTSE Vietnam 30 Index Futures,Morgan Stanley,22,0.125,1,ActiveTrader,T,FY23
5121,5121,ALACROFT,GAM,ActiveBroker,ActiveTrader,LiquidityProvider,MarketMaker,LEEKJ|WENKR,Screen,Client,666,0,402,GIN,2023-06,USD,S660,2022,Q2,6,1H,395.65,Trading Firms,Qube,India,LiquidityProvider,Advisory Firm,1,SG ROA,5504,5149.082933,1419,0.9675,ALACROFT,GAM,Britney Tan Hwee Sian,,Financials,Equity Derivatives,Equity,Equity Index,GIN,GIFT Derivatives,GIFT City Index Futures,Marex,21,1,1,LiquidityProvider,T,FY25
5121,5121,ALACROFT,International Sales RM,ActiveBroker,ActiveTrader,LiquidityProvider,MarketMaker,TOHL,NLT,Client,75,0,13.2,HAF,2021-07,USD,S016,2021,Q3,7,2H,14205.48,PTG,Undisclosed,India,LiquidityProvider,Advisory Firm,0.25,Omnibus,651,40.4415,1044.9,3263.7,ALACROFT,GAM,Yan Xuan Li,,Commods,Commods,FFA,FFA,FFA,FFA,SGX Baltic Handysize Time Charter Average (4 Routes) ATL Futures,Phillip,22,1,1,LiquidityProvider,T,FY24
5121,5121,ALACROFT,China,ActiveBroker,ActiveTrader,LiquidityProvider,MarketMaker,WENKR,Screen,Client,16.2,0,58656.4,HWF,2023-09,USD,S138,2023,Q3,9,2H,207165.744,Brokerage/Agency,Akuna Capital,India,LiquidityProvider,Advisory Firm,1,USA,1160,1.29,2773.5,0,ALACROFT,Tier 1,Tan Say Liang,,Commods,Commods,FFA,FFA,FFA,FFA,Baltic Handysize Time Charter Average (7 Routes) Futures,YongAn,21,1,1,ActiveTrader,T,FY22
5121,5121,ALACROFT,China,ActiveBroker,ActiveTrader,LiquidityProvider,MarketMaker,KOHBRENNA|WANGV,NLT,Client,2242.8,0,148.8,INX,2021-02,USD,S660,2020,Q1,2,1H,3160.5,PTG,Alam Commodities DMCC,India,LiquidityProvider,Advisory Firm,1,SG ROA,792,309.6,193.5,0,ALACROFT,Commods,David Chiam,,Financials,FX/IR,FX,FX,INX,INR/USD FX Month End Futures,INR/USD FX Month End Futures,SG Securities,19,1,1,LiquidityProvider,T+1,FY20
5121,5121,ALACROFT,China,ActiveBroker,ActiveTrader,LiquidityProvider,MarketMaker,TANSY,NLT,Client,33,0,3162.12,IU,2021-11,USD,S560,2021,Q4,11,2H,57467.565,Brokerage/Agency,Sino Commodities,India,LiquidityProvider,Advisory Firm,1,USA,208982.5,6066.225,19812.078,261.225,ALACROFT,Tier 1,Renaud Gocsei,,Financials,FX/IR,FX,FX,IU,INR/USD FX Futures,INR/USD Futures,Morgan Stanley,21,0.25,1,MarketMaker,T,FY14
5121,5121,ALACROFT,GAM,ActiveBroker,ActiveTrader,LiquidityProvider,MarketMaker,LUSHB|KOHBRENNA,NLT,Client,866,1261.4,859.5,JB,2024-04,SGD,S078,2023,Q2,4,1H,436.3425,Trading Firms,Haitian Hengchuang Industrial,India,LiquidityProvider,Advisory Firm,0.5,Europe,1200,170.28,732.639375,0,ALACROFT,Tier 2,David Wang Lipeng,,Financials,FX/IR,Interest Rates,Interest Rates,JB,JGB Futures,Mini Japanese Government Bond (JGB) Futures,JP Morgan,21,1,1,ActiveTrader,T+1,FY16
5121,5121,ALACROFT,GAM,ActiveBroker,ActiveTrader,LiquidityProvider,MarketMaker,GROTHK,NLT,Client,5.5,0,78,KU,2023-04,USD,S138,2022,Q2,4,1H,3512.412,Buy-Side,Hong Tai International,India,LiquidityProvider,Advisory Firm,1,China,220736,36.894,387,38.958,ALACROFT,Tier 2,Yan Xuan Li,,Financials,FX/IR,FX,FX,KU,KRW/USD FX Futures (Mini),KRW/USD FX Futures (Mini),Merrill Lynch,19,1,1,LiquidityProvider,T,FY21
5121,5121,ALACROFT,America NBS,ActiveBroker,ActiveTrader,LiquidityProvider,MarketMaker,LIYAN,Screen,Client,3,0,3,LIHF,2023-01,USD,S883,2022,Q1,1,1H,31149.63,Trading Firms,Hugo Renard,India,LiquidityProvider,Advisory Firm,1,SG ROA,15,5.805,3063.105,116.9256,ALACROFT,China,Yan Xuan Li,,Commods,Commods,Energy Metals,Energy Metals,Energy Metals,Energy Metals,SGX FM Lithium Hydroxide CIF CJK (Battery Grade) Futures,Macquarie,22,1,1,ActiveTrader,T,FY22
5121,5121,ALACROFT,HK NBS,ActiveBroker,ActiveTrader,LiquidityProvider,MarketMaker,GROTHK,NLT,Client,1570.3,101.1,22.5,LPF,2025-03,SGD,S339,2024,Q1,3,1H,-45.7821,Buy-Side,Theme,India,LiquidityProvider,Advisory Firm,0.5,China,85,620.8125,4935.7335,0,ALACROFT,Commods,Toh Li,,Commods,Commods,Iron ore,Iron ore,Iron Ore,Iron ore,Platts Iron Ore CFR China (Lump Premium) Index Fut,Deutsche,22,1,1,MarketMaker,T,FY24
5121,5121,ALACROFT,Omnibus,ActiveBroker,ActiveTrader,LiquidityProvider,MarketMaker,WANGV|LIYAN,Screen,House,134255.5,4180,318.4,M65F,2022-11,USD,S168,2022,Q4,11,2H,54.18,Buy-Side,Macquarie Bank,India,LiquidityProvider,Advisory Firm,1,SG ROA,90,41.151,20.64,0,ALACROFT,China,Bobby Lush,,Commods,Commods,Iron ore,Iron ore,Iron Ore,Iron ore,MB Iron Ore CFR China (65% Fe Fines) Index Futures,JP Morgan,18,1,1,ActiveTrader,T+1,FY14
5121,5121,ALACROFT,America NBS,ActiveBroker,ActiveTrader,LiquidityProvider,MarketMaker,KOHBRENNA|TANBHS,Screen,Client,29151.15,0,226.8,MC,2023-05,USD,S020,2022,Q2,5,1H,2836.71,Buy-Side,AlberBlanc,India,LiquidityProvider,Advisory Firm,1,Omnibus,1100,3052.0368,3640.38,0,ALACROFT,Tier 1,Tan Say Liang,,Commods,Commods,Petchem,Petchem,Petchem,Petchem,ICIS Methanol CFR CN Swap,BNP Paribas,19,1,1,LiquidityProvider,T,FY14
5121,5121,ALACROFT,Commodities Sales Europe,ActiveBroker,ActiveTrader,LiquidityProvider,MarketMaker,KOHBRENNA,Screen,Client,0.6,360.8181818,-28.37447682,MCF,2021-06,USD,S350,2020,Q2,6,1H,15.48,Brokerage/Agency,Fubon Futures Agency,India,LiquidityProvider,Advisory Firm,0.25,SG ROA,6125.5,0,229.104,0,ALACROFT,Tier 3,omnibus,,Commods,Commods,Petchem,Petchem,MCF,ICIS Methanol CFR CN Futures,ICIS Methanol CFR CN Futures,IBKR,19,1,1,MarketMaker,T+1,FY20
5121,5121,ALACROFT,GAM,ActiveBroker,ActiveTrader,LiquidityProvider,MarketMaker,GROTHK,Screen,Client,108,52151,1420,MCNWO,2021-01,USD,S020,2020,Q1,1,1H,-7893.881933,Bank Trading Desks,Legend Investments,India,ActiveTrader,Advisory Firm,1,SG ROA,12,3128.631217,5165.16,0,ALACROFT,GAM,Paul Macchione,,Financials,Equity Derivatives,Equity,Equity Index,MCA,MSCI World Climate Action Index Net USD,MSCI World Climate Action Index Net USD,OCBC Securities,18,1,1,ActiveTrader,T,FY19
5121,5121,ALACROFT,GAM,ActiveBroker,ActiveTrader,LiquidityProvider,MarketMaker,LUSHB|GOCSEIR,NLT,House,4.8,0,1620,MF5F,2022-09,USD,S168,2022,Q3,9,2H,21667.485,Buy-Side,Qube,India,LiquidityProvider,Advisory Firm,0.25,SG ROA,222,1483.5,350.493,0,ALACROFT,Omnibus,John Hogger,,Commods,Commods,Oil,Oil,Oil,Oil,Platts Marine Fuel 0.5% FOB Singapore Futures,HGNH,19,1,1,MarketMaker,T+1,FY17
5121,5121,ALACROFT,Omnibus,ActiveBroker,ActiveTrader,LiquidityProvider,MarketMaker,DAVEYC|LEEKJ,Screen,Client,90.4,945.75,16458,MTWN,2023-12,USD,S560,2023,Q4,12,2H,1573.161598,Brokerage/Agency,Vanda Global Fund,India,LiquidityProvider,Advisory Firm,1,China,4750,50427.003,557.28,0,ALACROFT,Tier 2,Brenna Koh,,Financials,Equity Derivatives,Equity,Equity Index,MTWN,Micro FTSE Taiwan Index Futures,Micro FTSE Taiwan Index Futures,JP Morgan,19,1,1,LiquidityProvider,T,FY22
5121,5121,ALACROFT,Europe NBS,ActiveBroker,ActiveTrader,LiquidityProvider,MarketMaker,WANGV,Screen,House,208.25,34.84,77582.94833,MX,2021-03,USD,S009,2020,Q1,3,1H,-29.5152,Brokerage/Agency,Morgan Stanley House,India,ActiveTrader,Advisory Firm,0.5,Omnibus,112,2486.088,11645.07188,0,ALACROFT,Commods,Bobby Lush,,Commods,Commods,Petchem,Petchem,Petchem,Petchem,SGX ICIS Isomer MX FOB Korea Swap,SG Securities,21,1,1,ActiveTrader,T,FY21
5121,5121,ALACROFT,America NBS,ActiveBroker,ActiveTrader,LiquidityProvider,MarketMaker,CHIALPL,Screen,House,25.5,0,429.12,ND,2023-08,USD,S092,2023,Q3,8,2H,11759.1111,Buy-Side,Allwise Investments Limited,India,LiquidityProvider,Advisory Firm,0.5,China,8,59.4432,1163.58,82.5,ALACROFT,Tier 3,Vivian Wang Min,,Financials,Equity Derivatives,Equity,Dividend Index,ND,Nikkei Stock Average Dividend Point Index Futures,Nikkei Stock Average Dividend Point Index Futures,SG Securities,19,1,1,LiquidityProvider,T,FY23
5121,5121,ALACROFT,GAM,ActiveBroker,ActiveTrader,LiquidityProvider,MarketMaker,WANGD,Screen,Client,97.5,0,926.1,NK,2022-02,USD,S660,2021,Q1,2,1H,554.184,PTG,Barclays House,India,LiquidityProvider,Advisory Firm,1,Omnibus,5,29193.087,481.299,0,ALACROFT,Tier 2,Lily Chia,,Financials,Equity Derivatives,Equity,Equity Index,NK,Nikkei 225 Index Futures,Nikkei 225 Index Futures,KGI,19,1,1,LiquidityProvider,T,FY26
5121,5121,ALACROFT,GAM,ActiveBroker,ActiveTrader,LiquidityProvider,MarketMaker,LIYAN,NLT,Client,480,13.2,218.8,PWF,2024-02,USD,S888,2023,Q1,2,1H,4309.632,Brokerage/Agency,Hongkong Hengzhongyuen,India,LiquidityProvider,Advisory Firm,1,China,13068,80.625,1739.178,12725.24621,ALACROFT,GAM,Penny Pan Ranran,,Commods,Commods,FFA,FFA,FFA,FFA,Baltic Panamax Time Charter Average (5 Routes) Futures,Goldman Sachs,18,1,1,ActiveTrader,T,FY17
5121,5121,ALACROFT,GAM,ActiveBroker,ActiveTrader,LiquidityProvider,MarketMaker,WANGV,Screen,Client,21,109.1975156,4.1,PWFO,2024-12,USD,S888,2024,Q4,12,2H,15484.128,Trading Firms,Robeco Institutional Asset Management,India,ActiveTrader,Advisory Firm,1,Hong Kong,8,10.32,3.225,0,ALACROFT,Tier 2,David Wang Lipeng,,Commods,Commods,FFA,FFA,FFA,FFA,Baltic Panamax Time Charter Average (5 Route) Options,JP Morgan,21,1,1,ActiveTrader,T,FY19
5121,5121,ALACROFT,GAM,ActiveBroker,ActiveTrader,LiquidityProvider,MarketMaker,WANGD,Screen,Client,5739.6,0,6071.701885,PX,2022-08,USD,S660,2022,Q3,8,2H,70.95,Buy-Side,Capital Fund Management S.A.,India,ActiveTrader,Advisory Firm,0.5,Europe,10,826.89,38551.392,0,ALACROFT,Tier 2,Britney Tan Hwee Sian,,Commods,Commods,Petchem,Petchem,Petchem,Petchem,Platts PX CFR Taiwan/China Swap,SG Securities,21,1,1,LiquidityProvider,T,FY26
5121,5121,ALACROFT,GAM,ActiveBroker,ActiveTrader,LiquidityProvider,MarketMaker,LUSHB|KOHBRENNA,Screen,Client,440,1705,1173,PXF,2022-10,USD,S001,2022,Q4,10,2H,1854.327219,Buy-Side,JP Morgan House,India,ActiveTrader,Advisory Firm,1,China,220,4.257,10417.008,0,ALACROFT,AMAO,Richard Wenk,,Commods,Commods,Petchem,Petchem,Petchem,Petchem,Platts PX CFR Taiwan/China Futures,StoneX,18,1,1,LiquidityProvider,T+1,FY22
5121,5121,ALACROFT,China,ActiveBroker,ActiveTrader,LiquidityProvider,MarketMaker,WANGD|WANGV,NLT,Client,4730,0,2175,PXN,2022-12,SGD,S020,2022,Q4,12,2H,4334.4,Trading Firms,Quantitative Investment Management LLC,India,LiquidityProvider,Advisory Firm,1,China,46,410.22,77.4,0,ALACROFT,Commods,omnibus,,Commods,Commods,Petchem,Petchem,Petchem,Petchem,PX-Naphtha Spread Swaps,HSBC,22,1,1,LiquidityProvider,T+1,FY26
5121,5121,ALACROFT,HK NBS,ActiveBroker,ActiveTrader,LiquidityProvider,MarketMaker,WANGD,Screen,Client,367.25,2944.8,4440,PXNF,2021-09,USD,S009,2021,Q3,9,2H,774,Buy-Side,AHL-Man,India,LiquidityProvider,Advisory Firm,1,Europe,2270,2605.284,37391.94,0,ALACROFT,Tier 2,Kenneth Ng Say Chong,,Commods,Commods,Petchem,Petchem,Petchem,Petchem,PX-Naphtha Spread Futures,Barclays,21,0.5,1,ActiveTrader,T,FY25
5121,5121,ALACROFT,SGROA RM,ActiveBroker,ActiveTrader,LiquidityProvider,MarketMaker,LUSHB|KOHBRENNA,Screen,Client,195,4.5,2200,SGP,2022-01,USD,S138,2021,Q1,1,1H,712.08,Buy-Side,Citigroup Prop,India,ActiveTrader,Advisory Firm,0.25,China,10820,251.55,541.8,276.6663,ALACROFT,GAM,Kenneth Ng Say Chong,,Financials,Equity Derivatives,Equity,Equity Index,SGP,MSCI Singapore Free Index Futures,MSCI Singapore Free Index Futures,BPI,22,1,1,ActiveBroker,T,FY25
5121,5121,ALACROFT,China,ActiveBroker,ActiveTrader,LiquidityProvider,MarketMaker,LIYAN,Screen,Client,18231,0,4158,SMP,2024-07,USD,S009,2024,Q3,7,2H,758.52,Buy-Side,Millennium Capital Management,India,LiquidityProvider,Advisory Firm,1,USA,310,14.706,102.168,49.2,ALACROFT,Tier 2,Britney Tan Hwee Sian,,Commods,Commods,Dairy,Dairy,Dairy,Dairy,SGX-NZX Global Skim Milk Powder (SMP) Futures,JP Morgan,20,1,1,LiquidityProvider,T,FY19
5121,5121,ALACROFT,America NBS,ActiveBroker,ActiveTrader,LiquidityProvider,MarketMaker,LUSHB|TANBHS,Screen,Client,2772,8703.36,0,SWF,2025-02,USD,S660,2024,Q1,2,1H,119.97,Buy-Side,CIFCO Group,India,ActiveBroker,Advisory Firm,1,SG ROA,200,838.242,1746.144,0,ALACROFT,Tier 1,Craig Cohen,,Commods,Commods,FFA,FFA,FFA,FFA,Baltic Supramax Time Charter (10 Routes) Average F,Goldman Sachs,21,1,1,MarketMaker,T,FY14
5121,5121,ALACROFT,Commodities Sales Europe,ActiveBroker,ActiveTrader,LiquidityProvider,MarketMaker,LIYAN,Screen,Client,110.7,0,567,TF,2023-11,USD,S009,2023,Q4,11,2H,428.8090013,PTG,Solo Securities Limited,India,MarketMaker,Advisory Firm,1,Europe,10,66.048,40.635,0,ALACROFT,Tier 2,Renaud Gocsei,,Commods,Commods,Rubber,Rubber,Rubber,Rubber,SICOM TSR20 Futures,Guotai Junan,19,1,1,MarketMaker,T,FY23
5121,5121,ALACROFT,China,ActiveBroker,ActiveTrader,LiquidityProvider,MarketMaker,LUSHB|KOHBRENNA,Screen,Client,2631,0,120,TWN,2022-06,USD,S888,2021,Q2,6,1H,212.85,PTG,BitDelta Limited - House Account,India,ActiveBroker,Advisory Firm,0.25,USA,7739,68.499,580.5,0,ALACROFT,China,Britney Tan Hwee Sian,,Financials,Equity Derivatives,Equity,Equity Index,TWN,FTSE Taiwan Index Futures,FTSE Taiwan Index Futures,Phillip,20,0.125,1,ActiveTrader,T,FY15
5121,5121,ALACROFT,China,ActiveBroker,ActiveTrader,LiquidityProvider,MarketMaker,DAVEYC,Screen,House,6677.1,37.68,5227.5,UC,2023-02,USD,S888,2022,Q1,2,1H,153.89829,Trading Firms,Tiger Brokers (NZ) Limited,India,LiquidityProvider,Advisory Firm,1,Europe,42349,92.88,17595.9225,0,ALACROFT,GAM,Britney Tan Hwee Sian,,Financials,FX/IR,FX,FX,UC,USD/CNH Futures,USD/CNH FX Futures,JP Morgan,22,1,1,MarketMaker,T+1,FY16
5121,5121,ALACROFT,AMAO,ActiveBroker,ActiveTrader,LiquidityProvider,MarketMaker,TANBHS,NLT,Client,2037.2,0,0.6,US,2024-11,USD,S009,2024,Q4,11,2H,567.6,Bank Trading Desks,Point 72,India,LiquidityProvider,Advisory Firm,1,China,10,258,8.7075,0,ALACROFT,GAM,David Chiam,,Financials,FX/IR,FX,FX,US,USD/SGD FX Futures,USD/SGD FX Futures (Mini),JP Morgan,21,1,1,MarketMaker,T,FY26
5121,5121,ALACROFT,International Sales RM,ActiveBroker,ActiveTrader,LiquidityProvider,MarketMaker,LEEKJ|WENKR,NLT,Client,4250,16.8,322.4,ZACE,2024-01,USD,S007,2023,Q1,1,1H,18390.24,PTG,Bluepool Trading,India,ActiveTrader,Advisory Firm,1,China,58450,15711.7098,567.6,445.05,ALACROFT,Tier 3,Vivian Wang Min,,Financials,Equity Derivatives,Equity,SSF,Indian SSF,Indian Single Stock Futures,Ambuja Cements Futures,JP Morgan,18,1,1,LiquidityProvider,T+1,FY22
5121,5121,ALACROFT,SGROA RM,ActiveBroker,ActiveTrader,LiquidityProvider,MarketMaker,LUSHB|GOCSEIR,Screen,House,9366.5,0,7.76,ZAXS,2025-05,USD,S016,2024,Q2,5,1H,13.545,PTG,Jump Trading,India,LiquidityProvider,Advisory Firm,1,China,754,39723.615,999.75,0,ALACROFT,Tier 2,David Wang Lipeng,,Financials,Equity Derivatives,Equity,SSF,Indian SSF,Indian Single Stock Futures,Axis Bank Futures,UBS Futures,18,1,1,LiquidityProvider,T+1,FY23
5121,5121,ALACROFT,GAM,ActiveBroker,ActiveTrader,LiquidityProvider,MarketMaker,LUSHB|KOHBRENNA,NLT,Client,50.6,4.225,820.6,ZGAI,2021-04,USD,S020,2020,Q2,4,1H,1637.25,Trading Firms,Levmet Trading DMCC,India,LiquidityProvider,Advisory Firm,1,SG ROA,0.5,541.8,4192.5,0,ALACROFT,China,Kenny Groth,,Financials,Equity Derivatives,Equity,SSF,Indian SSF,Indian Single Stock Futures,GAIL India Futures,ABN Amro,19,1,1,MarketMaker,T+1,FY25
5121,5121,ALACROFT,SGROA NBS,ActiveBroker,ActiveTrader,LiquidityProvider,MarketMaker,CHIALPL,Screen,Client,446.6,0,0,ZHMC,2021-05,USD,S078,2020,Q2,5,1H,3435.012,Trading Firms,Theme,India,ActiveTrader,Advisory Firm,0.5,Omnibus,5928,10668.3,7256.25,0,ALACROFT,Tier 1,Tan Say Liang,,Financials,Equity Derivatives,Equity,SSF,Indian SSF,Indian Single Stock Futures,Hero MotoCorp Futures,BNP Paribas,18,0.5,1,LiquidityProvider,T,FY24
5121,5121,ALACROFT,China,ActiveBroker,ActiveTrader,LiquidityProvider,MarketMaker,LIYAN,Screen,Client,3111.9,0,5000.119427,ZHND,2024-09,USD,S016,2024,Q3,9,2H,3192.75,Bank Trading Desks,Schonfeld Strategic,India,ActiveTrader,Advisory Firm,1,SG ROA,1695,71.54549189,1317.735,0,ALACROFT,Tier 1,David Wang Lipeng,,Financials,Equity Derivatives,Equity,SSF,Indian SSF,Indian Single Stock Futures,Hindalco Industries Futures,HGNH,21,1,1,ActiveTrader,T,FY15
5121,5121,ALACROFT,Commodities Sales,ActiveBroker,ActiveTrader,LiquidityProvider,MarketMaker,WANGV,NLT,House,560,0,-60.85526316,ZIOC,2021-08,USD,S350,2021,Q3,8,2H,77.4,PTG,Direct Access,India,MarketMaker,Advisory Firm,1,Europe,2822,39.75,171.57,0,ALACROFT,GAM,Kenneth Ng Say Chong,,Financials,Equity Derivatives,Equity,SSF,Indian SSF,Indian Single Stock Futures,Indian Oil Corp Futures,SG Securities,19,1,1,LiquidityProvider,T+1,FY22
5121,5121,ALACROFT,International Sales RM,ActiveBroker,ActiveTrader,LiquidityProvider,MarketMaker,GOCSEIR,NLT,Client,577.5,1609.265499,691.5,ZLPC,2024-10,USD,S560,2024,Q4,10,2H,16.4,Buy-Side,Transtrend,India,MarketMaker,Advisory Firm,1,Hong Kong,210,2.064,614.1432,0,ALACROFT,Commods,Renaud Gocsei,,Financials,Equity Derivatives,Equity,SSF,Indian SSF,Indian Single Stock Futures,Lupin Futures,JP Morgan,21,1,1,ActiveTrader,T,FY26
1039,1039,AS Klaveness Chartering,HK NBS,ActiveBroker,ActiveTrader,LiquidityProvider,MarketMaker,LUSHB|KOHBRENNA,Screen,Client,1200,0,10449.125,3MF,2025-06,USD,S328,2024,Q2,6,1H,1418.355,Trading Firms,Morgan Stanley Omnibus,Afghanistan,ActiveBroker,Academic,1,Omnibus,60,301.086,133.25,0,AS Klaveness Chartering,Commods,omnibus,,Commods,Commods,Oil,Oil,Oil,Oil,Platts Singapore FO 380cst Index Futures,ABN Amro,18,1,1,LiquidityProvider,T+1,FY18
1039,1039,AS Klaveness Chartering,GAM,ActiveBroker,ActiveTrader,LiquidityProvider,MarketMaker,LIYAN,NLT,Client,22990.8,0,15,BZ,2024-06,USD,S660,2023,Q2,6,1H,1331.925,PTG,Squarepoint Operations,Afghanistan,LiquidityProvider,Academic,1,China,4942,38.7,6708,1935,AS Klaveness Chartering,Commods,Kenny Groth,,Commods,Commods,Petchem,Petchem,Petchem,Petchem,Platts BZ FOB Korea Swap,BPI,18,1,1,ActiveTrader,T,FY17
1039,1039,AS Klaveness Chartering,SGROA RM,ActiveBroker,ActiveTrader,LiquidityProvider,MarketMaker,TANBHS|DAVEYC,Screen,Client,51462,25.08,499.8238884,BZF,2025-02,USD,S020,2024,Q1,2,1H,19492.803,PTG,SDTR Marine Pte Ltd,Afghanistan,LiquidityProvider,Academic,1,Europe,8,0,2353.4,0,AS Klaveness Chartering,Tier 3,Julie Joseph,,Commods,Commods,Petchem,Petchem,Petchem,Petchem,Platts BZ FOB Korea Futures,Barclays,19,1,1,ActiveTrader,T+1,FY24
1039,1039,AS Klaveness Chartering,America NBS,ActiveBroker,ActiveTrader,LiquidityProvider,MarketMaker,LUSHB,Screen,Client,354.08,4150,2700,BZN,2024-04,USD,S001,2023,Q2,4,1H,37.152,Buy-Side,Qube,Afghanistan,ActiveTrader,Academic,1,SG ROA,477,8.256,212.85,31.734,AS Klaveness Chartering,GAM,David Chiam,,Commods,Commods,Petchem,Petchem,Petchem,Petchem,BZ-Naphtha Spread Swap,JP Morgan,21,1,1,LiquidityProvider,T+1,FY16
1039,1039,AS Klaveness Chartering,SGROA RM,ActiveBroker,ActiveTrader,LiquidityProvider,MarketMaker,LUSHB|KOHBRENNA,NLT,Client,6125,0,249,CN,2023-09,USD,S009,2023,Q3,9,2H,7069.2,Buy-Side,Hongkong Fuxing,Afghanistan,LiquidityProvider,Academic,1,Omnibus,75,23.2974,241.5396,0,AS Klaveness Chartering,Tier 1,Richard Wenk,,Financials,Equity Derivatives,Equity,Equity Index,CN,China A50 Index Futures,China A50 Index Futures,Marex,21,1,1,ActiveTrader,T,FY14
1039,1039,AS Klaveness Chartering,HK NBS,ActiveBroker,ActiveTrader,LiquidityProvider,MarketMaker,KOHBRENNA,NLT,Client,49.2,9513.854551,35559.82748,CWF,2025-09,USD,S011,2025,Q3,9,2H,5991.921,PTG,Vela Capital Fund,Afghanistan,LiquidityProvider,Academic,0.125,USA,3113,692.472,2422.3125,1543.296535,AS Klaveness Chartering,Tier 1,John Hogger,,Commods,Commods,FFA,FFA,FFA,FFA,Capesize Time Charter Average (5 Routes) Futures,SG Securities,21,1,1,LiquidityProvider,T+1,FY18
1039,1039,AS Klaveness Chartering,GAM,ActiveBroker,ActiveTrader,LiquidityProvider,MarketMaker,TOHL,NLT,Client,2220,2816.371168,2325,CZFO,2022-04,USD,S813,2021,Q2,4,1H,-4011.351782,Brokerage/Agency,Axia Trading,Afghanistan,ActiveTrader,Academic,0.125,USA,110,121.42125,164.604,0,AS Klaveness Chartering,Tier 3,Brenna Koh,,Commods,Commods,FFA,FFA,FFA,FFA,SGX Options on Baltic Capesize Time Charter Average (5 Routes) 182 Futures,DBS Vickers,19,1,1,LiquidityProvider,T+1,FY14
1039,1039,AS Klaveness Chartering,Commodities Sales,ActiveBroker,ActiveTrader,LiquidityProvider,MarketMaker,LEEKJ,Screen,House,300,0,18349.1,FCH,2024-03,USD,S108,2023,Q1,3,1H,62.952,Brokerage/Agency,Quantiq Partners,Afghanistan,LiquidityProvider,Academic,1,China,1174,450.0576997,2923.14,4625.351771,AS Klaveness Chartering,Tier 1,Paul Macchione,,Financials,Equity Derivatives,Equity,Equity Index,FCH,FTSE China H50 Index Futures,FTSE China H50 Index Futures,Goldman Sachs,18,1,1,LiquidityProvider,T+1,FY16
1039,1039,AS Klaveness Chartering,International Sales RM,ActiveBroker,ActiveTrader,LiquidityProvider,MarketMaker,WANGV|LIYAN,NLT,Client,18240,0,994,FEF,2024-02,SGD,S288,2023,Q1,2,1H,71.75,Brokerage/Agency,Qube,Afghanistan,ActiveTrader,Academic,1,USA,484,53.664,12487.2,0,AS Klaveness Chartering,Tier 3,Bobby Lush,,Commods,Commods,Iron ore,Iron ore,Iron Ore,Iron ore,TSI Iron Ore CFR China (62% Fe Fines) Index Future,Mizuho SG,19,1,1,ActiveTrader,T+1,FY12
1039,1039,AS Klaveness Chartering,America NBS,ActiveBroker,ActiveTrader,LiquidityProvider,MarketMaker,GOCSEIR,Screen,House,625,0,841,FEFO,2023-11,USD,S020,2023,Q4,11,2H,611.46,Bank Trading Desks,Citigroup Omnibus,Afghanistan,ActiveTrader,Academic,0.25,Europe,12186,2774.145,1106.82,0,AS Klaveness Chartering,Tier 1,Britney Tan Hwee Sian,,Commods,Commods,Iron ore,Iron ore,Iron Ore,Iron ore,TSI Iron Ore CFR China (62% FE Fines) Index Future,SG Securities,21,0.25,1,MarketMaker,T,FY24
1039,1039,AS Klaveness Chartering,SGROA NBS,ActiveBroker,ActiveTrader,LiquidityProvider,MarketMaker,TANBHS,NLT,Client,520.7,90.9499466,371.5266055,GIN,2025-05,USD,S020,2024,Q2,5,1H,308.2455,PTG,Xinhu International Futures,Afghanistan,LiquidityProvider,Academic,1,Europe,2001.25,700.986,151.833,1123.213432,AS Klaveness Chartering,Tier 1,Kenneth Ng Say Chong,,Financials,Equity Derivatives,Equity,Equity Index,GIN,GIFT Derivatives,GIFT City Index Futures,ABN Amro,22,1,1,ActiveTrader,T,FY24
1039,1039,AS Klaveness Chartering,China,ActiveBroker,ActiveTrader,LiquidityProvider,MarketMaker,KOHBRENNA|WANGV,Screen,Client,97520.5,3.342440312,6423.5,HAF,2023-06,USD,S018,2022,Q2,6,1H,1096.5,PTG,Onyx Commodities,Afghanistan,MarketMaker,Academic,1,SG ROA,2,101.91,1051.35,3807.1254,AS Klaveness Chartering,GAM,Yan Xuan Li,,Commods,Commods,FFA,FFA,FFA,FFA,SGX Baltic Handysize Time Charter Average (4 Routes) ATL Futures,SG Securities,21,0.5,1,LiquidityProvider,T,FY15
1039,1039,AS Klaveness Chartering,Commodities Sales Europe,ActiveBroker,ActiveTrader,LiquidityProvider,MarketMaker,COHENC,Screen,Client,176.4,0,209.7950311,HKC,2021-09,USD,S020,2021,Q3,9,2H,356.04,Brokerage/Agency,Eddid Securities and Futures Limited,Afghanistan,LiquidityProvider,Academic,1,Hong Kong,525,91.332,11981.52,16.8,AS Klaveness Chartering,Tier 3,Bobby Lush,,Financials,FX/IR,FX,FX,HKC,HKD/CNH Futures,HKD/CNH Futures,Phillip,20,0.5,1,ActiveTrader,T,FY20
1039,1039,AS Klaveness Chartering,International Sales RM,ActiveBroker,ActiveTrader,LiquidityProvider,MarketMaker,KOHBRENNA|LEEKJ,Screen,Client,12575,0,23648.9,HWF,2025-08,USD,S020,2025,Q3,8,2H,129,Trading Firms,HRTC,Afghanistan,ActiveTrader,Academic,1,SG ROA,223.875,77.4,16176.6,0,AS Klaveness Chartering,Commods,David Chiam,,Commods,Commods,FFA,FFA,FFA,FFA,Baltic Handysize Time Charter Average (7 Routes) Futures,Morgan Stanley,20,1,1,LiquidityProvider,T,FY22
1039,1039,AS Klaveness Chartering,International Sales RM,ActiveBroker,ActiveTrader,LiquidityProvider,MarketMaker,KOHBRENNA|TANBHS,NLT,Client,1703.5,322.9678274,-1500,IN10,2021-11,USD,S020,2021,Q4,11,2H,4988.43,Buy-Side,KB Securities (House),Afghanistan,LiquidityProvider,Academic,1,Omnibus,98874,485.685,4658.22225,12.6549,AS Klaveness Chartering,Tier 1,Bobby Lush,,Financials,FX/IR,Interest Rates,Interest Rates,AGB,SGX FTSE 10-Year India Government Bond Futures,SGX FTSE 10-Year India Government Bond Futures,Marex,18,0.5,1,LiquidityProvider,T,FY23
1039,1039,AS Klaveness Chartering,HK NBS,ActiveBroker,ActiveTrader,LiquidityProvider,MarketMaker,GOCSEIR|TOHL,Screen,Client,180,0,1501.5,INX,2023-01,USD,S168,2022,Q1,1,1H,51.6,Buy-Side,Citigroup Prop,Afghanistan,LiquidityProvider,Academic,1,SG ROA,401,13746.24,1981.44,0,AS Klaveness Chartering,GAM,Britney Tan Hwee Sian,,Financials,FX/IR,FX,FX,INX,INR/USD FX Month End Futures,INR/USD FX Month End Futures,Phillip,21,1,1,ActiveTrader,T,FY15
1039,1039,AS Klaveness Chartering,SGROA RM,ActiveBroker,ActiveTrader,LiquidityProvider,MarketMaker,DAVEYC|WENKR,Screen,Client,5700,0,3660.8,IU,2023-10,SGD,S108,2023,Q4,10,2H,20481.44653,Bank Trading Desks,Rio Tinto Shipping (Asia) Pte Ltd,Afghanistan,MarketMaker,Academic,1,Omnibus,2365,1.29,2911,0,AS Klaveness Chartering,GAM,Brenna Koh,,Financials,FX/IR,FX,FX,IU,INR/USD FX Futures,INR/USD Futures,HSBC,22,1,1,LiquidityProvider,T,FY14
1039,1039,AS Klaveness Chartering,Commodities Sales Europe,ActiveBroker,ActiveTrader,LiquidityProvider,MarketMaker,LIYAN,Screen,Client,22,0,310.2,KU,2025-03,USD,S660,2024,Q1,3,1H,18.576,Buy-Side,GSA Capital LLP,Afghanistan,ActiveTrader,Academic,0.25,Europe,14,30.186,5.16,0,AS Klaveness Chartering,GAM,David Wang Lipeng,,Financials,FX/IR,FX,FX,KU,KRW/USD FX Futures (Mini),KRW/USD FX Futures (Mini),UBS Futures,21,0.25,1,ActiveTrader,T,FY25
1039,1039,AS Klaveness Chartering,GAM,ActiveBroker,ActiveTrader,LiquidityProvider,MarketMaker,LEEKJ,Screen,House,32.4,0,60,LIHF,2024-12,USD,S078,2024,Q4,12,2H,106751.37,Brokerage/Agency,Millennium Capital Management,Afghanistan,LiquidityProvider,Academic,1,China,11606,75.465,1008.6,0,AS Klaveness Chartering,China,Penny Pan Ranran,,Commods,Commods,Energy Metals,Energy Metals,Energy Metals,Energy Metals,SGX FM Lithium Hydroxide CIF CJK (Battery Grade) Futures,Deutsche,22,0.25,1,MarketMaker,T,FY12
1039,1039,AS Klaveness Chartering,Commodities Sales Europe,ActiveBroker,ActiveTrader,LiquidityProvider,MarketMaker,TANBHS|LEEKJ,Screen,Client,825,0,0,M65F,2024-10,USD,S660,2024,Q4,10,2H,250.776,Trading Firms,Schonfeld Strategic,Afghanistan,LiquidityProvider,Academic,1,Hong Kong,723,4.35375,87.7329,0,AS Klaveness Chartering,Commods,Renaud Gocsei,,Commods,Commods,Iron ore,Iron ore,Iron Ore,Iron ore,MB Iron Ore CFR China (65% Fe Fines) Index Futures,Marex,21,1,1,ActiveTrader,T,FY20
1039,1039,AS Klaveness Chartering,Europe NBS,ActiveBroker,ActiveTrader,LiquidityProvider,MarketMaker,KOHBRENNA|TANBHS,Screen,Client,209.65,0,3120,MC,2025-04,USD,S020,2024,Q2,4,1H,2838,Brokers Prop,Ovata Capital Management,Afghanistan,LiquidityProvider,Academic,0.5,Europe,180,154.8,321.21,0,AS Klaveness Chartering,Tier 1,Lily Chia,,Commods,Commods,Petchem,Petchem,Petchem,Petchem,ICIS Methanol CFR CN Swap,Macquarie,21,1,1,ActiveTrader,T+1,FY17
1039,1039,AS Klaveness Chartering,Commodities Sales Europe,ActiveBroker,ActiveTrader,LiquidityProvider,MarketMaker,LEEJW,Screen,Client,1.4,0,130,MCF,2023-05,USD,S560,2022,Q2,5,1H,963.501,Trading Firms,Alam Commodities DMCC,Afghanistan,ActiveTrader,Academic,1,SG ROA,820,25354.44202,1053.7,0,AS Klaveness Chartering,GAM,Lily Chia,,Commods,Commods,Petchem,Petchem,MCF,ICIS Methanol CFR CN Futures,ICIS Methanol CFR CN Futures,SG Securities,22,1,1,ActiveBroker,T,FY14
1039,1039,AS Klaveness Chartering,China,ActiveBroker,ActiveTrader,LiquidityProvider,MarketMaker,TANBHS|LEEKJ,Screen,Client,428,40.5,8917.5,MCNAX,2022-09,USD,S111,2022,Q3,9,2H,59.598,PTG,ABC Arbitrage AM Asia,Afghanistan,LiquidityProvider,Academic,1,SG ROA,2264,19898.6112,114.81,0,AS Klaveness Chartering,Commods,Renaud Gocsei,,Financials,Equity Derivatives,Equity,Equity Index,MCA,MSCI AC Asia Ex Japan Climate Action Index Net USD,MSCI AC Asia Ex Japan Climate Action Index Net USD,Morgan Stanley,20,1,1,LiquidityProvider,T,FY14
1039,1039,AS Klaveness Chartering,SGROA NBS,ActiveBroker,ActiveTrader,LiquidityProvider,MarketMaker,LEEKJ,Screen,Client,6139,0,33.5753802,MCNWO,2022-12,USD,S078,2022,Q4,12,2H,80.496,Brokerage/Agency,UBS Omnibus,Afghanistan,LiquidityProvider,Academic,0.125,China,8432,464.4,1167.2694,0,AS Klaveness Chartering,Tier 1,Craig Cohen,,Financials,Equity Derivatives,Equity,Equity Index,MCA,MSCI World Climate Action Index Net USD,MSCI World Climate Action Index Net USD,JP Morgan,19,1,1,LiquidityProvider,T+1,FY22
1039,1039,AS Klaveness Chartering,HK NBS,ActiveBroker,ActiveTrader,LiquidityProvider,MarketMaker,COHENC,Screen,Client,60,0,58.5,MF5F,2024-08,USD,S009,2024,Q3,8,2H,442.728,Others,Interactive Brokers Agency,Afghanistan,ActiveTrader,Academic,1,China,55,141.9,28456.11,0,AS Klaveness Chartering,Commods,David Wang Lipeng,,Commods,Commods,Oil,Oil,Oil,Oil,Platts Marine Fuel 0.5% FOB Singapore Futures,JP Morgan,19,1,1,MarketMaker,T,FY23
1039,1039,AS Klaveness Chartering,SGROA RM,ActiveBroker,ActiveTrader,LiquidityProvider,MarketMaker,LIYAN,NLT,Client,70315,0,-1248.419221,MKPO,2021-10,USD,S009,2021,Q4,10,2H,7043.4,Buy-Side,Versor Investments,Afghanistan,ActiveTrader,Academic,0.125,SG ROA,540,2.9025,263.934,1673.077744,AS Klaveness Chartering,GAM,Lily Chia,,Commods,Commods,Dairy,Dairy,Dairy,Dairy,SGX-NZX NZ Milk Price (MKP) Options,SG Securities,19,1,1,ActiveTrader,T,FY24
1039,1039,AS Klaveness Chartering,China,ActiveBroker,ActiveTrader,LiquidityProvider,MarketMaker,COHENC,Screen,Client,4678,0,0,MTWN,2025-11,USD,S078,2025,Q4,11,2H,1071.99,Buy-Side,HGNH Futures,Afghanistan,LiquidityProvider,Academic,1,USA,37.625,860.559,3432.69,0,AS Klaveness Chartering,Commods,Renaud Gocsei,,Financials,Equity Derivatives,Equity,Equity Index,MTWN,Micro FTSE Taiwan Index Futures,Micro FTSE Taiwan Index Futures,Merrill Lynch,19,1,1,ActiveBroker,T+1,FY22
1039,1039,AS Klaveness Chartering,HK NBS,ActiveBroker,ActiveTrader,LiquidityProvider,MarketMaker,CHIALPL,Screen,Client,1800,0,228,MX,2023-02,USD,S198,2022,Q1,2,1H,0,Trading Firms,Rand Financial Business,Afghanistan,LiquidityProvider,Academic,0.25,USA,60,36374.13,77.4,0,AS Klaveness Chartering,China,Brenna Koh,,Commods,Commods,Petchem,Petchem,Petchem,Petchem,SGX ICIS Isomer MX FOB Korea Swap,Orient Futures,21,1,1,MarketMaker,T,FY20
1039,1039,AS Klaveness Chartering,SGROA RM,ActiveBroker,ActiveTrader,LiquidityProvider,MarketMaker,LUSHB|KOHBRENNA,Screen,Client,365.25,0,43.5,ND,2025-07,USD,S078,2025,Q3,7,2H,2683.1742,Trading Firms,Millennium Capital Management,Afghanistan,ActiveTrader,Academic,1,Hong Kong,1.25,911.9307692,266.0625,5060.152979,AS Klaveness Chartering,Omnibus,Penny Pan Ranran,,Financials,Equity Derivatives,Equity,Dividend Index,ND,Nikkei Stock Average Dividend Point Index Futures,Nikkei Stock Average Dividend Point Index Futures,SG Securities,18,1,1,ActiveBroker,T,FY17
1039,1039,AS Klaveness Chartering,Omnibus,ActiveBroker,ActiveTrader,LiquidityProvider,MarketMaker,LIYAN,NLT,Client,26.65,13503.1,43.52,NK,2024-01,USD,S883,2023,Q1,1,1H,-1814.459016,Buy-Side,Samsung Futures (Client),Afghanistan,MarketMaker,Academic,0.5,SG ROA,118.75,4.515,1504.14,0,AS Klaveness Chartering,GAM,Britney Tan Hwee Sian,,Financials,Equity Derivatives,Equity,Equity Index,NK,Nikkei 225 Index Futures,Nikkei 225 Index Futures,CIMB,21,1,1,MarketMaker,T+1,FY24
1039,1039,AS Klaveness Chartering,SGROA RM,ActiveBroker,ActiveTrader,LiquidityProvider,MarketMaker,TANBHS|DAVEYC,NLT,House,492,660,7.15,NU,2022-11,USD,S888,2022,Q4,11,2H,25.155,Trading Firms,Interactive Brokers Agency,Afghanistan,ActiveBroker,Academic,1,SG ROA,3,1006.68375,383.03325,0,AS Klaveness Chartering,Tier 2,Renaud Gocsei,,Financials,Equity Derivatives,Equity,Equity Index,NU,USD Nikkei 225 Index Futures,USD Nikkei 225 Index Futures,SG Securities,19,1,1,ActiveTrader,T+1,FY14
1039,1039,AS Klaveness Chartering,China,ActiveBroker,ActiveTrader,LiquidityProvider,MarketMaker,LIYAN,NLT,Client,48,93.81,176,PX,2024-07,SGD,S111,2024,Q3,7,2H,712.08,PTG,Zhenyang,Afghanistan,LiquidityProvider,Academic,1,Omnibus,5,4469.109764,108.36,0,AS Klaveness Chartering,China,Kenneth Ng Say Chong,,Commods,Commods,Petchem,Petchem,Petchem,Petchem,Platts PX CFR Taiwan/China Swap,Phillip,20,1,1,ActiveTrader,T,FY22
1039,1039,AS Klaveness Chartering,Commodities Sales,ActiveBroker,ActiveTrader,LiquidityProvider,MarketMaker,LEEJW,Screen,Client,82753,0,51.35,PXF,2024-09,USD,S350,2024,Q3,9,2H,4803.315,Bank Trading Desks,Citigroup Prop,Afghanistan,MarketMaker,Academic,1,SG ROA,1600,2064,7998,0,AS Klaveness Chartering,Tier 1,Jason Lee,,Commods,Commods,Petchem,Petchem,Petchem,Petchem,Platts PX CFR Taiwan/China Futures,Deutsche,22,1,1,LiquidityProvider,T,FY18
1039,1039,AS Klaveness Chartering,China,ActiveBroker,ActiveTrader,LiquidityProvider,MarketMaker,KOHBRENNA|TANBHS,Screen,Client,130,5.7,26.65,PXN,2024-11,USD,S011,2024,Q4,11,2H,5.805,Brokers Prop,Nova Marine Carriers,Afghanistan,ActiveTrader,Academic,1,Europe,18906,55.47,1935,0,AS Klaveness Chartering,Tier 1,Carl Davey,,Commods,Commods,Petchem,Petchem,Petchem,Petchem,PX-Naphtha Spread Swaps,CIMB,19,0.25,1,LiquidityProvider,T+1,FY14
1039,1039,AS Klaveness Chartering,GAM,ActiveBroker,ActiveTrader,LiquidityProvider,MarketMaker,COHENC,Screen,Client,46.5,0,410.0599713,PXNF,2023-08,USD,S560,2023,Q3,8,2H,193.5,Trading Firms,Transtrend,Afghanistan,MarketMaker,Academic,0.5,SG ROA,2343,12.9,4398.9,0,AS Klaveness Chartering,Commods,Brenna Koh,,Commods,Commods,Petchem,Petchem,Petchem,Petchem,PX-Naphtha Spread Futures,Morgan Stanley,22,1,1,ActiveTrader,T,FY22
1039,1039,AS Klaveness Chartering,SGROA RM,ActiveBroker,ActiveTrader,LiquidityProvider,MarketMaker,WANGD,NLT,Client,1197.6,0,100,SGP,2023-12,USD,S350,2023,Q4,12,2H,4889.6289,PTG,Life Trading,Afghanistan,LiquidityProvider,Academic,1,Europe,2931,75.05255567,3966.75,0,AS Klaveness Chartering,China,Jun Won Lee,,Financials,Equity Derivatives,Equity,Equity Index,SGP,MSCI Singapore Free Index Futures,MSCI Singapore Free Index Futures,Goldman Sachs,21,0.5,1,ActiveBroker,T,FY15
1039,1039,AS Klaveness Chartering,America NBS,ActiveBroker,ActiveTrader,LiquidityProvider,MarketMaker,KOHBRENNA,Screen,Client,237.8,0,691.5,SMC,2021-02,USD,S007,2020,Q1,2,1H,556.6995,Buy-Side,Aquavita International,Afghanistan,MarketMaker,Academic,0.125,China,37.5,238.2021281,19.35,0.625068799,AS Klaveness Chartering,Omnibus,Britney Tan Hwee Sian,,Commods,Commods,Petchem,Petchem,Petchem,Petchem,ICIS SM CFR China Swap,SG Securities,16,1,1,LiquidityProvider,T,FY15
1039,1039,AS Klaveness Chartering,Commodities Sales,ActiveBroker,ActiveTrader,LiquidityProvider,MarketMaker,LUSHB,Screen,Client,219,9.1,1177.813416,SWFO,2022-01,USD,S883,2021,Q1,1,1H,39.732,Brokerage/Agency,Grandly Financial Services Limited,Afghanistan,LiquidityProvider,Academic,1,SG ROA,150,5.528571429,4922.64,0,AS Klaveness Chartering,GAM,Britney Tan Hwee Sian,,Commods,Commods,FFA,FFA,FFA,FFA,SWFO,ABN Amro,19,1,1,ActiveTrader,T+1,FY14
1039,1039,AS Klaveness Chartering,International Sales RM,ActiveBroker,ActiveTrader,LiquidityProvider,MarketMaker,KOHBRENNA,Screen,Client,1100,1.876485472,108.6027284,SZFO,2022-10,USD,S020,2022,Q4,10,2H,56.76,Bank Trading Desks,Goldman Sachs Omnibus,Afghanistan,ActiveTrader,Academic,1,Hong Kong,2784,9461.5179,521.2125,0,AS Klaveness Chartering,Tier 2,Brenna Koh,,Commods,Commods,FFA,FFA,FFA,FFA,SGX Baltic Supramax Time Charter Average (11 Routes) Swap,ADMIS,18,1,1,LiquidityProvider,T+1,FY17
1039,1039,AS Klaveness Chartering,Commodities Sales Europe,ActiveBroker,ActiveTrader,LiquidityProvider,MarketMaker,COHENC,Screen,Client,1410,3.19675174,0.6,TD,2021-07,USD,S009,2021,Q3,7,2H,1947.384,Brokerage/Agency,Stern Multi Strategy Fund,Afghanistan,ActiveTrader,Academic,1,Hong Kong,1199,18244.07894,45.924,672.4139289,AS Klaveness Chartering,Tier 1,Vivian Wang Min,,Financials,FX/IR,FX,FX,TD,TWD/USD FX Futures (Mini),TWD/USD FX Futures (Mini),JP Morgan,21,0.5,1,LiquidityProvider,T,FY18
1039,1039,AS Klaveness Chartering,Omnibus,ActiveBroker,ActiveTrader,LiquidityProvider,MarketMaker,TANBHS,Screen,Client,18.45,0,45677.89598,TF,2025-10,USD,S560,2025,Q4,10,2H,2154.042,Trading Firms,Valuable Capital Limited,Afghanistan,LiquidityProvider,Academic,0.5,SG ROA,1123,112.359,0,4,AS Klaveness Chartering,Tier 1,Penny Pan Ranran,,Commods,Commods,Rubber,Rubber,Rubber,Rubber,SICOM TSR20 Futures,Mizuho SG,21,1,0.5,LiquidityProvider,T+1,FY19
1039,1039,AS Klaveness Chartering,International Sales RM,ActiveBroker,ActiveTrader,LiquidityProvider,MarketMaker,WENKR,NLT,Client,180,208,2,TWN,2024-05,USD,S138,2023,Q2,5,1H,236.715,Brokerage/Agency,BPI Futures (HK),Afghanistan,ActiveTrader,Academic,1,SG ROA,250,387,400.545,0,AS Klaveness Chartering,GAM,Renaud Gocsei,,Financials,Equity Derivatives,Equity,Equity Index,TWN,FTSE Taiwan Index Futures,FTSE Taiwan Index Futures,Phillip,21,1,1,LiquidityProvider,T+1,FY22
1039,1039,AS Klaveness Chartering,China,ActiveBroker,ActiveTrader,LiquidityProvider,MarketMaker,GROTHK,NLT,Client,7677,0,3549.6,TWNO,2022-06,USD,S138,2021,Q2,6,1H,567.6,Buy-Side,Holaspa Global Trading,Afghanistan,LiquidityProvider,Academic,0.5,Europe,718,3034.026478,40.248,0,AS Klaveness Chartering,Tier 2,Carl Davey,,Financials,Equity Derivatives,Equity,Equity Index,TWNO,FTSE Taiwan Index Options,FTSE Taiwan Index Options,Phillip,19,1,1,ActiveTrader,T,FY25
1039,1039,AS Klaveness Chartering,GAM,ActiveBroker,ActiveTrader,LiquidityProvider,MarketMaker,WANGD,NLT,Client,376.5,4578.6,98.6,UC,2025-01,USD,S009,2024,Q1,1,1H,19486.1208,Buy-Side,Undisclosed,Afghanistan,LiquidityProvider,Academic,1,Hong Kong,86,6697.68,6691.2,7497.738,AS Klaveness Chartering,GAM,David Wang Lipeng,,Financials,FX/IR,FX,FX,UC,USD/CNH Futures,USD/CNH FX Futures,Phillip,21,1,1,LiquidityProvider,T,FY25
1039,1039,AS Klaveness Chartering,Commodities Sales,ActiveBroker,ActiveTrader,LiquidityProvider,MarketMaker,KOHBRENNA|TANBHS,Screen,Client,1034,2374.5,3974.2,YWIL,2022-05,USD,S350,2021,Q2,5,1H,25455.15285,Bank Trading Desks,Zheshang International Financial Holdings Co Ltd,Afghanistan,ActiveTrader,Academic,1,Europe,55651,27331.15731,283.8,0,AS Klaveness Chartering,Omnibus,Yan Xuan Li,,Financials,Equity Derivatives,Equity,SSF,Singapore SSF,Singapore Single Stock Futures,Wilmar Futures,Macquarie,19,0.5,1,LiquidityProvider,T+1,FY22
1039,1039,AS Klaveness Chartering,International Sales RM,ActiveBroker,ActiveTrader,LiquidityProvider,MarketMaker,LIYAN,Screen,Client,220,0,326.4,ZARB,2022-08,USD,S813,2022,Q3,8,2H,-4546.115334,PTG,Tudor Capital Singapore Pte Ltd,Afghanistan,MarketMaker,Academic,1,SG ROA,595.75,1138.775,1315.8,0,AS Klaveness Chartering,Tier 1,Brenna Koh,,Financials,Equity Derivatives,Equity,SSF,Indian SSF,Indian Single Stock Futures,Aurobindo Pharma Futures,ADMIS,19,0.25,1,LiquidityProvider,T,FY24
1039,1039,AS Klaveness Chartering,China,ActiveBroker,ActiveTrader,LiquidityProvider,MarketMaker,JUDGEM|TANSY,NLT,Client,395.65,0,0,ZDRR,2022-03,USD,S111,2021,Q1,3,1H,434.988,Buy-Side,Genk Capital,Afghanistan,MarketMaker,Academic,1,Omnibus,13490,792.576,42.7635,0,AS Klaveness Chartering,Omnibus,Lily Chia,,Financials,Equity Derivatives,Equity,SSF,Indian SSF,Indian Single Stock Futures,Dr Reddy's Laboratories Futures,Merrill Lynch,19,1,1,ActiveTrader,T+1,FY24
1039,1039,AS Klaveness Chartering,Commodities Sales,ActiveBroker,ActiveTrader,LiquidityProvider,MarketMaker,LEEKJ,Screen,House,14623.55,0,-3500,ZEIM,2021-08,USD,S092,2021,Q3,8,2H,13359.24,Brokerage/Agency,JMK Capital Pte Ltd,Afghanistan,LiquidityProvider,Academic,0.25,Europe,18607.75,516,9226.338,624.36,AS Klaveness Chartering,Tier 3,Tashya Zhuo Xiaofan,,Financials,Equity Derivatives,Equity,SSF,Indian SSF,Indian Single Stock Futures,Eicher Motors Futures,Morgan Stanley,21,1,1,LiquidityProvider,T,FY25
1039,1039,AS Klaveness Chartering,SGROA RM,ActiveBroker,ActiveTrader,LiquidityProvider,MarketMaker,LUSHB,Screen,Client,3273.6,0,420,ZGAI,2023-03,USD,S660,2022,Q1,3,1H,2167.2,Brokerage/Agency,Ovata Capital Management,Afghanistan,ActiveTrader,Academic,1,SG ROA,1429,80.496,4125.42,0,AS Klaveness Chartering,China,Craig Cohen,,Financials,Equity Derivatives,Equity,SSF,Indian SSF,Indian Single Stock Futures,GAIL India Futures,ADMIS,19,0.25,1,LiquidityProvider,T,FY18
1039,1039,AS Klaveness Chartering,HK NBS,ActiveBroker,ActiveTrader,LiquidityProvider,MarketMaker,KOHBRENNA|WANGV,NLT,Client,7747.35,0,2485.2,ZGRA,2021-04,USD,S078,2020,Q2,4,1H,1119.591,PTG,Citadel Advisors LLC,Afghanistan,MarketMaker,Academic,0.5,SG ROA,1456,642.936,47.8719,3096,AS Klaveness Chartering,GAM,Britney Tan Hwee Sian,,Financials,Equity Derivatives,Equity,SSF,USA SSF,USA Single Stock Futures,USA SSF Futures,Phillip,21,1,1,LiquidityProvider,T,FY22
1039,1039,AS Klaveness Chartering,GAM,ActiveBroker,ActiveTrader,LiquidityProvider,MarketMaker,GULYAW,Screen,Client,614.4,0.05,135,ZHMC,2023-04,USD,S009,2022,Q2,4,1H,1501.56,PTG,Undisclosed,Afghanistan,ActiveTrader,Academic,0.125,Hong Kong,1174,11900.4564,1491.9882,0,AS Klaveness Chartering,Tier 2,Jason Lee,,Financials,Equity Derivatives,Equity,SSF,Indian SSF,Indian Single Stock Futures,Hero MotoCorp Futures,Barclays,19,1,1,LiquidityProvider,T,FY14
1039,1039,AS Klaveness Chartering,SGROA RM,ActiveBroker,ActiveTrader,LiquidityProvider,MarketMaker,KOHBRENNA|WANGV,Screen,Client,1840.5,0,12,ZHUL,2021-06,USD,S560,2020,Q2,6,1H,46.9044,Trading Firms,Sumitomo Corporation Global Commodities Limited,Afghanistan,LiquidityProvider,Academic,0.5,SG ROA,650,3403.665,24942.15,0,AS Klaveness Chartering,Tier 1,Kenny Groth,,Financials,Equity Derivatives,Equity,SSF,Indian SSF,Indian Single Stock Futures,Hindustan Unilever ZHUL Futures,HGNH,19,0.125,1,MarketMaker,T,FY16
1039,1039,AS Klaveness Chartering,SGROA NBS,ActiveBroker,ActiveTrader,LiquidityProvider,MarketMaker,TOHL,NLT,Client,1011.4,8079,21.6,ZICI,2021-03,USD,S660,2020,Q1,3,1H,19474.356,Trading Firms,Rich Hedging Investments,Afghanistan,LiquidityProvider,Academic,1,Hong Kong,374,2012.4,0,0,AS Klaveness Chartering,Tier 1,omnibus,,Financials,Equity Derivatives,Equity,SSF,Indian SSF,Indian Single Stock Futures,ICICI Bank Futures,JP Morgan,22,1,1,ActiveTrader,T,FY25
1039,1039,AS Klaveness Chartering,America NBS,ActiveBroker,ActiveTrader,LiquidityProvider,MarketMaker,LUSHB|KOHBRENNA,Screen,Client,19896.8,0,3,ZIOC,2023-07,SGD,S088,2023,Q3,7,2H,4257,Buy-Side,Schonfeld Strategic,Afghanistan,LiquidityProvider,Academic,0.5,Europe,2939,32.25,16099.845,129,AS Klaveness Chartering,GAM,Brenna Koh,,Financials,Equity Derivatives,Equity,SSF,Indian SSF,Indian Single Stock Futures,Indian Oil Corp Futures,SG Securities,19,1,1,LiquidityProvider,T+1,FY19
1039,1039,AS Klaveness Chartering,America NBS,ActiveBroker,ActiveTrader,LiquidityProvider,MarketMaker,LUSHB|KOHBRENNA,Screen,Client,1225,0,150,ZITD,2021-01,USD,S389,2020,Q1,1,1H,2900.565,Brokerage/Agency,Flow Traders,Afghanistan,ActiveBroker,Academic,1,Omnibus,1,383.13,155.187,8108.148271,AS Klaveness Chartering,Tier 1,Jun Won Lee,,Financials,Equity Derivatives,Equity,SSF,Indian SSF,Indian Single Stock Futures,ITC Futures,JP Morgan,19,1,1,ActiveTrader,T,FY22
1039,1039,AS Klaveness Chartering,Omnibus,ActiveBroker,ActiveTrader,LiquidityProvider,MarketMaker,GROTHK,Screen,Client,784.3,0,120,ZLT,2022-02,USD,S888,2021,Q1,2,1H,142.986861,Brokers Prop,SG Securities Omnibus,Afghanistan,MarketMaker,Academic,1,SG ROA,115498,9949.940746,226.525,0,AS Klaveness Chartering,Tier 3,Craig Cohen,,Financials,Equity Derivatives,Equity,SSF,Indian SSF,Indian Single Stock Futures,Larsen & Toubro Futures,Merrill Lynch,19,1,1,LiquidityProvider,T+1,FY17
1039,1039,AS Klaveness Chartering,International Sales RM,ActiveBroker,ActiveTrader,LiquidityProvider,MarketMaker,LUSHB|GOCSEIR,Screen,Client,2,302.3427606,1154.527407,ZSUN,2021-12,USD,S660,2021,Q4,12,2H,1449.445197,Brokerage/Agency,Yuanta Securities - Prop,Afghanistan,LiquidityProvider,Academic,1,China,2464.25,75.64230345,12.335625,0,AS Klaveness Chartering,Tier 1,Kenneth Ng Say Chong,,Financials,Equity Derivatives,Equity,SSF,Indian SSF,Indian Single Stock Futures,Sun Pharm Ind Futures,ABN Amro,19,1,1,LiquidityProvider,T,FY12
1039,1039,AS Klaveness Chartering,GAM,ActiveBroker,ActiveTrader,LiquidityProvider,MarketMaker,LIYAN,Screen,Client,1126.4,0,1,ZUPL,2022-07,USD,S108,2022,Q3,7,2H,2474.865,Buy-Side,Fomento Commodities,Afghanistan,MarketMaker,Academic,1,China,2,1417.9035,278.64,13236.432,AS Klaveness Chartering,GAM,omnibus,,Financials,Equity Derivatives,Equity,SSF,Indian SSF,Indian Single Stock Futures,UPL Futures,CIMB,18,1,1,LiquidityProvider,T,FY24
1039,1039,AS Klaveness Chartering,Commodities Sales Europe,ActiveBroker,ActiveTrader,LiquidityProvider,MarketMaker,TANBHS|DAVEYC,Screen,Client,166,0,1,ZWPR,2021-05,USD,S016,2020,Q2,5,1H,77.4,Trading Firms,Verscale,Afghanistan,LiquidityProvider,Academic,0.125,Hong Kong,800,372.4875,479.88,0,AS Klaveness Chartering,Tier 2,Yan Xuan Li,,Financials,Equity Derivatives,Equity,SSF,Indian SSF,Indian Single Stock Futures,Wipro Futures,KGI,21,0.125,1,LiquidityProvider,T,FY14
1371,1371,Citadel Securities,Europe NBS,ActiveBroker,ActiveTrader,LiquidityProvider,MarketMaker,LUSHB,Screen,Client,1000,0,163.2631579,CX11F,2022-05,USD,S009,2021,Q2,5,1H,13.158,Buy-Side,Interactive Brokers Agency,Afghanistan,ActiveTrader,Academic,1,SG ROA,8499.5,-39461.86049,18.447,4885.598302,Citadel Securities,Omnibus,Britney Tan Hwee Sian,,Commods,Commods,FFA,FFA,FFA,FFA,SGX Baltic Container Freight Route FBX11 Futures,Barclays,19,1,1,LiquidityProvider,T,FY21
1371,1371,Citadel Securities,Commodities Sales,ActiveBroker,ActiveTrader,LiquidityProvider,MarketMaker,KOHBRENNA|WANGV,Screen,Client,22,97.1448468,16796.5,CZF,2021-09,USD,S560,2021,Q3,9,2H,1.29,PTG,Profision Shipping Capital Management Ltd,Afghanistan,MarketMaker,Academic,1,China,410,10.062,145.512,1548,Citadel Securities,Tier 2,Jun Won Lee,,Commods,Commods,FFA,FFA,FFA,FFA,SGX Baltic Capesize Time Charter Average (5 Routes) 182 Futures,ABN Amro,19,1,1,LiquidityProvider,T,FY18
1371,1371,Citadel Securities,International Sales RM,ActiveBroker,ActiveTrader,LiquidityProvider,MarketMaker,WANGV,Screen,Client,123,0,58892.63655,CZFO,2024-10,USD,S020,2024,Q4,10,2H,154.8,Buy-Side,Contech L.P.,Afghanistan,LiquidityProvider,Academic,0.125,Hong Kong,49,2300.0055,373.068,0,Citadel Securities,Tier 2,Lily Chia,,Commods,Commods,FFA,FFA,FFA,FFA,SGX Options on Baltic Capesize Time Charter Average (5 Routes) 182 Futures,JP Morgan,21,0.25,1,LiquidityProvider,T+1,FY16
1371,1371,Citadel Securities,GAM,ActiveBroker,ActiveTrader,LiquidityProvider,MarketMaker,LUSHB|TANBHS,NLT,Client,111,0,486.33,GINO,2021-08,USD,S092,2021,Q3,8,2H,877.2,Buy-Side,Headlands Technologies,Afghanistan,ActiveTrader,Academic,1,China,175,232.2,129,0,Citadel Securities,Tier 3,Britney Tan Hwee Sian,,Financials,Equity Derivatives,Equity,Equity Index,GINO,GIFT Derivatives,GIFT City Index Options,ABN Amro,22,0.5,1,LiquidityProvider,T,FY17
1371,1371,Citadel Securities,SGROA RM,ActiveBroker,ActiveTrader,LiquidityProvider,MarketMaker,LUSHB,Screen,House,20,6021.728836,240,HKC,2024-03,USD,S350,2023,Q1,3,1H,4349.88,Brokerage/Agency,Korea Investment & Securities (Client),Afghanistan,ActiveTrader,Academic,0.125,SG ROA,970,10958.3049,480.94425,17.028,Citadel Securities,GAM,Kenny Groth,,Financials,FX/IR,FX,FX,HKC,HKD/CNH Futures,HKD/CNH Futures,Marex,18,1,1,LiquidityProvider,T+1,FY17
1371,1371,Citadel Securities,China,ActiveBroker,ActiveTrader,LiquidityProvider,MarketMaker,WANGV,Screen,Client,7.2,25361.94813,714,HKU,2023-03,USD,S011,2022,Q1,3,1H,77.4,Trading Firms,SDTR Marine Pte Ltd,Afghanistan,ActiveTrader,Academic,1,Europe,14,56.889,32627.067,0,Citadel Securities,Tier 1,Bobby Lush,,Financials,FX/IR,FX,FX,HKU,HKD/USD Futures,HKD/USD Futures,Phillip,21,1,1,MarketMaker,T+1,FY26
1371,1371,Citadel Securities,SGROA NBS,ActiveBroker,ActiveTrader,LiquidityProvider,MarketMaker,KOHBRENNA,Screen,Client,2375,0,86.45,IDR,2022-08,USD,S660,2022,Q3,8,2H,193.5,Brokerage/Agency,Guangfa Futures,Afghanistan,ActiveBroker,Academic,1,Hong Kong,900,1754.0517,28062.144,0,Citadel Securities,Commods,Britney Tan Hwee Sian,,Financials,FX/IR,FX,FX,IDR,IDR/USD FX Futures,IDR/USD Futures,Morgan Stanley,22,1,1,MarketMaker,T+1,FY15
1371,1371,Citadel Securities,SGROA RM,ActiveBroker,ActiveTrader,LiquidityProvider,MarketMaker,TANSY,Screen,Client,508.9,14607.85272,-1715.63436,IN10,2024-05,USD,S560,2023,Q2,5,1H,461.175,Buy-Side,Millennium Capital Management,Afghanistan,LiquidityProvider,Academic,1,China,0,959.6138244,1313.091,0,Citadel Securities,Tier 2,Carl Davey,,Financials,FX/IR,Interest Rates,Interest Rates,AGB,SGX FTSE 10-Year India Government Bond Futures,SGX FTSE 10-Year India Government Bond Futures,Marex,19,1,1,ActiveTrader,T,FY23
1371,1371,Citadel Securities,SGROA NBS,ActiveBroker,ActiveTrader,LiquidityProvider,MarketMaker,GOCSEIR,Screen,House,1603.8,0,6,INX,2025-07,USD,S560,2025,Q3,7,2H,1128.75,Buy-Side,Montu,Afghanistan,LiquidityProvider,Academic,1,Europe,125,20903.805,1169.256,0,Citadel Securities,Tier 1,Renaud Gocsei,,Financials,FX/IR,FX,FX,INX,INR/USD FX Month End Futures,INR/USD FX Month End Futures,Merrill Lynch,19,1,1,ActiveBroker,T+1,FY14
1371,1371,Citadel Securities,China,ActiveBroker,ActiveTrader,LiquidityProvider,MarketMaker,LIYAN,NLT,Client,156.2,737.4,16.4,MCNAX,2025-03,USD,S288,2024,Q1,3,1H,759.165,Buy-Side,Walleye Capital,Afghanistan,ActiveTrader,Academic,1,Hong Kong,580,65.79,496.65,0,Citadel Securities,Tier 2,Carl Davey,,Financials,Equity Derivatives,Equity,Equity Index,MCA,MSCI AC Asia Ex Japan Climate Action Index Net USD,MSCI AC Asia Ex Japan Climate Action Index Net USD,JP Morgan,20,1,1,MarketMaker,T+1,FY23
1371,1371,Citadel Securities,HK NBS,ActiveBroker,ActiveTrader,LiquidityProvider,MarketMaker,LUSHB|KOHBRENNA,Screen,Client,12685.2,0,-1487.729191,MCNWO,2025-06,SGD,S009,2024,Q2,6,1H,-2213.168325,Brokerage/Agency,IMR Metallurgical Resources,Afghanistan,LiquidityProvider,Academic,1,SG ROA,1595,1539.615,127491.474,0,Citadel Securities,Commods,Renaud Gocsei,,Financials,Equity Derivatives,Equity,Equity Index,MCA,MSCI World Climate Action Index Net USD,MSCI World Climate Action Index Net USD,Morgan Stanley,21,1,1,ActiveTrader,T+1,FY12
1371,1371,Citadel Securities,GAM,ActiveBroker,ActiveTrader,LiquidityProvider,MarketMaker,LEEKJ,NLT,Client,4470,12320.67151,302.7853632,MKPO,2024-04,USD,S660,2023,Q2,4,1H,50.29462252,Brokerage/Agency,HGNH Futures,Afghanistan,ActiveTrader,Academic,1,China,55,7.74,972.015,4645.29,Citadel Securities,Omnibus,Penny Pan Ranran,,Commods,Commods,Dairy,Dairy,Dairy,Dairy,SGX-NZX NZ Milk Price (MKP) Options,Morgan Stanley,21,1,1,ActiveTrader,T,FY17
1371,1371,Citadel Securities,Commodities Sales,ActiveBroker,ActiveTrader,LiquidityProvider,MarketMaker,TANBHS,Screen,Client,3427.28,0,33,NS,2022-02,USD,S288,2021,Q1,2,1H,45.279,Buy-Side,Bedrock (Singapore) Company Limited,Afghanistan,LiquidityProvider,Academic,1,Omnibus,727,612.75,190.92,0,Citadel Securities,Commods,Brenna Koh,,Financials,Equity Derivatives,Equity,Equity Index,NS,NIKKEI 225 MINI,NIKKEI 225 MINI,SG Securities,20,0.75,1,LiquidityProvider,T,FY14
1371,1371,Citadel Securities,China,ActiveBroker,ActiveTrader,LiquidityProvider,MarketMaker,KOHBRENNA|WANGV,NLT,Client,2007,6,6,NU,2025-05,USD,S061,2024,Q2,5,1H,2944.7862,Buy-Side,New Continent,Afghanistan,ActiveTrader,Academic,1,SG ROA,5464,294.9717421,4655.61,66.048,Citadel Securities,China,omnibus,,Financials,Equity Derivatives,Equity,Equity Index,NU,USD Nikkei 225 Index Futures,USD Nikkei 225 Index Futures,Guotai Junan,21,1,1,ActiveTrader,T,FY14
1371,1371,Citadel Securities,SGROA NBS,ActiveBroker,ActiveTrader,LiquidityProvider,MarketMaker,LEEKJ,Screen,Client,516,0,334.8,RBF,2022-12,USD,S078,2022,Q4,12,2H,395.65,Buy-Side,Tower Research,Afghanistan,MarketMaker,Academic,1,SG ROA,6,424.24875,382.614,0,Citadel Securities,China,Tan Say Liang,,Commods,Commods,Rebar,Rebar,Rebar,Rebar,SGX Mysteel Shanghai Rebar (USD) Futures,Merrill Lynch,19,0.25,1,ActiveTrader,T,FY24
1371,1371,Citadel Securities,SGROA NBS,ActiveBroker,ActiveTrader,LiquidityProvider,MarketMaker,LUSHB|KOHBRENNA,Screen,Client,381.7,666.6,4555.1,SMC,2023-08,USD,S883,2023,Q3,8,2H,4079.1348,Buy-Side,JP Morgan House,Afghanistan,ActiveTrader,Academic,1,Omnibus,2610,68.112,263.676,0,Citadel Securities,Tier 2,Jun Won Lee,,Commods,Commods,Petchem,Petchem,Petchem,Petchem,ICIS SM CFR China Swap,Merrill Lynch,22,1,1,MarketMaker,T,FY17
1371,1371,Citadel Securities,International Sales RM,ActiveBroker,ActiveTrader,LiquidityProvider,MarketMaker,WENKR,NLT,Client,57.31,0,674.4,SND,2023-06,USD,S198,2022,Q2,6,1H,-37.85485455,Buy-Side,Phillip Nova,Afghanistan,MarketMaker,Academic,1,Hong Kong,5313,6513.21,1064.25,0,Citadel Securities,Tier 2,Penny Pan Ranran,,Financials,FX/IR,FX,FX,SND,USD/SGD FX Futures (Full-sized),USD/SGD FX Futures (Full-Sized),Morgan Stanley,19,1,1,LiquidityProvider,T,FY19
1371,1371,Citadel Securities,America NBS,ActiveBroker,ActiveTrader,LiquidityProvider,MarketMaker,LEEKJ|WENKR,Screen,Client,127,3473.875096,825,SWFO,2024-07,USD,S560,2024,Q3,7,2H,3639.735,PTG,Jiangtong International,Afghanistan,LiquidityProvider,Academic,1,SG ROA,147,374.4098253,4794.4375,33.54,Citadel Securities,GAM,Carl Davey,,Commods,Commods,FFA,FFA,FFA,FFA,SWFO,Goldman Sachs,19,1,1,LiquidityProvider,T,FY19
1371,1371,Citadel Securities,GAM,ActiveBroker,ActiveTrader,LiquidityProvider,MarketMaker,GOCSEIR|TOHL,NLT,Client,31.5,550.0501462,198,SZFO,2025-04,USD,S886,2024,Q2,4,1H,1738.275,Buy-Side,XTX Markets,Afghanistan,LiquidityProvider,Academic,1,Europe,209,292.314,49865.595,0,Citadel Securities,Tier 2,Julie Joseph,,Commods,Commods,FFA,FFA,FFA,FFA,SGX Baltic Supramax Time Charter Average (11 Routes) Swap,Barclays,21,1,1,ActiveTrader,T,FY19
1371,1371,Citadel Securities,SGROA NBS,ActiveBroker,ActiveTrader,LiquidityProvider,MarketMaker,WANGV,Screen,Client,18751.5,0,33,TD,2024-01,USD,S350,2023,Q1,1,1H,95.718,Buy-Side,CSC Commodities UK LTD,Afghanistan,LiquidityProvider,Academic,1,Hong Kong,2296,2116.7481,148.35,16.8,Citadel Securities,China,Bobby Lush,,Financials,FX/IR,FX,FX,TD,TWD/USD FX Futures (Mini),TWD/USD FX Futures (Mini),Barclays,21,1,1,ActiveBroker,T+1,FY19
1371,1371,Citadel Securities,International Sales RM,ActiveBroker,ActiveTrader,LiquidityProvider,MarketMaker,KOHBRENNA,Screen,Client,104302,0,1668.779257,TONA,2021-12,USD,S020,2021,Q4,12,2H,2.58,Buy-Side,Theme,Afghanistan,ActiveBroker,Academic,1,USA,10,315.0976434,5399.424,0,Citadel Securities,Tier 3,Craig Cohen,,Financials,FX/IR,Interest Rates,Interest Rates,TONA,SGX Three-Month Tokyo Overnight Average Rate (TONA) Futures,SGX Three-Month Tokyo Overnight Average Rate (TONA) Futures,CIMB,21,1,1,ActiveTrader,T,FY16
1371,1371,Citadel Securities,International Sales RM,ActiveBroker,ActiveTrader,LiquidityProvider,MarketMaker,LUSHB,NLT,Client,9202.7,0,-11.7,TWD,2021-05,USD,S560,2020,Q2,5,1H,159.8527345,PTG,HNK Alpha,Afghanistan,LiquidityProvider,Academic,1,USA,576.5,1575.864,31434.72,1388.13675,Citadel Securities,Omnibus,Kenny Groth,,Financials,FX/IR,FX,FX,TWD,TWD/USD FX Futures (Full-Sized),TWD/USD FX Futures (Full-Sized),SG Securities,21,1,1,LiquidityProvider,T,FY14
1371,1371,Citadel Securities,Commodities Sales,ActiveBroker,ActiveTrader,LiquidityProvider,MarketMaker,GROTHK,Screen,Client,100,0,1026.8,TWNO,2024-12,USD,S009,2024,Q4,12,2H,10713.45,Brokerage/Agency,Citigroup Omnibus,Afghanistan,LiquidityProvider,Academic,0.125,China,7123,4435.794,5691.738,2871.7335,Citadel Securities,Commods,Brenna Koh,,Financials,Equity Derivatives,Equity,Equity Index,TWNO,FTSE Taiwan Index Options,FTSE Taiwan Index Options,Orient Futures,19,1,1,ActiveBroker,T,FY24
1371,1371,Citadel Securities,International Sales RM,ActiveBroker,ActiveTrader,LiquidityProvider,MarketMaker,KOHBRENNA|TANBHS,NLT,Client,10810.8,1.04,2.4,UY,2021-04,USD,S813,2020,Q2,4,1H,6091.4533950000005,Buy-Side,Longrun Financial,Afghanistan,ActiveTrader,Academic,1,SG ROA,10325,12103.7733,257.25,0,Citadel Securities,GAM,Kenneth Ng Say Chong,,Financials,FX/IR,FX,FX,UY,USD/JPY (STANDARD) FX,USD/JPY (STANDARD) FX,SG Securities,18,1,1,LiquidityProvider,T+1,FY21
1371,1371,Citadel Securities,GAM,ActiveBroker,ActiveTrader,LiquidityProvider,MarketMaker,GROTHK|JUDGEM,Screen,Client,83.41,0,4580.375,YDBS,2022-03,USD,S350,2021,Q1,3,1H,1284.84,Buy-Side,Millennium Capital Management,Afghanistan,LiquidityProvider,Academic,1,China,8,67.725,1.419,0,Citadel Securities,China,Vivian Wang Min,,Financials,Equity Derivatives,Equity,SSF,Singapore SSF,Singapore Single Stock Futures,DBS Futures,Merrill Lynch,18,1,1,ActiveTrader,T,FY25
1371,1371,Citadel Securities,International Sales RM,ActiveBroker,ActiveTrader,LiquidityProvider,MarketMaker,TOHL,Screen,Client,2.2,0,9,YWIL,2024-11,USD,S328,2024,Q4,11,2H,-4574.1852,Trading Firms,Eclipse Futures,Afghanistan,ActiveTrader,Academic,1,SG ROA,4019,6.28875,65.6,0,Citadel Securities,China,Carl Davey,,Financials,Equity Derivatives,Equity,SSF,Singapore SSF,Singapore Single Stock Futures,Wilmar Futures,JP Morgan,21,1,1,LiquidityProvider,T,FY26
1371,1371,Citadel Securities,International Sales RM,ActiveBroker,ActiveTrader,LiquidityProvider,MarketMaker,WENKR|TOHL,Screen,Client,53935.5,0,18,ZADS,2023-01,USD,S111,2022,Q1,1,1H,213.7210554,Trading Firms,Yuanta Futures - Agency,Afghanistan,ActiveTrader,Academic,0.125,China,13,171.8973375,439.89,0,Citadel Securities,Tier 3,Yan Xuan Li,,Financials,Equity Derivatives,Equity,SSF,Indian SSF,Indian Single Stock Futures,ADANIPORT Futures Contracts: ADANI PORTS AND SPECIAL ECON,CIMB,21,1,1,ActiveTrader,T,FY25
1371,1371,Citadel Securities,SGROA NBS,ActiveBroker,ActiveTrader,LiquidityProvider,MarketMaker,LEEJW,Screen,Client,529,2147.875612,4514.4,ZARB,2025-02,USD,S009,2024,Q1,2,1H,13479.37125,PTG,LTG Shipping,Afghanistan,ActiveTrader,Academic,0.25,SG ROA,25,3354,170.28,0,Citadel Securities,Tier 2,Richard Wenk,,Financials,Equity Derivatives,Equity,SSF,Indian SSF,Indian Single Stock Futures,Aurobindo Pharma Futures,SG Securities,19,0.25,1,ActiveBroker,T+1,FY19
1371,1371,Citadel Securities,SGROA NBS,ActiveBroker,ActiveTrader,LiquidityProvider,MarketMaker,CHIALPL|TANSY,Screen,Client,1194.8,0,-260.1481347,ZBHA,2021-02,USD,S660,2020,Q1,2,1H,592.368,Others,UTR8 Group,Afghanistan,MarketMaker,Academic,0.125,Europe,84,387,174.15,0,Citadel Securities,Commods,Britney Tan Hwee Sian,,Financials,Equity Derivatives,Equity,SSF,Indian SSF,Indian Single Stock Futures,Bharti Airtel Futures,Citigroup,19,0.25,1,LiquidityProvider,T,FY19
1371,1371,Citadel Securities,Commodities Sales,ActiveBroker,ActiveTrader,LiquidityProvider,MarketMaker,GOCSEIR,NLT,House,12.28,0,1676.680244,ZBHI,2023-05,USD,S883,2022,Q2,5,1H,387,PTG,Verscale,Afghanistan,LiquidityProvider,Academic,1,USA,270,17455.635,917.19,0,Citadel Securities,GAM,Bobby Lush,,Financials,Equity Derivatives,Equity,SSF,Indian SSF,Indian Single Stock Futures,Bharti Infratel Futures,Marex,19,1,1,ActiveTrader,T,FY22
1371,1371,Citadel Securities,International Sales RM,ActiveBroker,ActiveTrader,LiquidityProvider,MarketMaker,LUSHB,Screen,House,1080.35,0,5549.73,ZBJA,2022-11,USD,S061,2022,Q4,11,2H,775.935,Buy-Side,Synergy Link Capital,Afghanistan,ActiveBroker,Academic,0.125,Omnibus,213.25,0.774,8772.9375,15332.166,Citadel Securities,Omnibus,Jun Won Lee,,Financials,Equity Derivatives,Equity,SSF,Indian SSF,Indian Single Stock Futures,Bajaj Auto Futures,ADMIS,20,1,1,ActiveTrader,T+1,FY17
1371,1371,Citadel Securities,Commodities Sales,ActiveBroker,ActiveTrader,LiquidityProvider,MarketMaker,WANGV,NLT,Client,432,0,5895.845245,ZBOS,2021-06,USD,S020,2020,Q2,6,1H,15908.409,Buy-Side,Tylesworth,Afghanistan,ActiveTrader,Academic,1,USA,4586.125,61.92,166.7325,0,Citadel Securities,China,John Hogger,,Financials,Equity Derivatives,Equity,SSF,Indian SSF,Indian Single Stock Futures,Bosch Futures,Barclays,19,1,1,ActiveTrader,T+1,FY16
1371,1371,Citadel Securities,GAM,ActiveBroker,ActiveTrader,LiquidityProvider,MarketMaker,TANBHS|JUDGEM,Screen,House,476,0,293.7,ZCIP,2022-01,USD,S813,2021,Q1,1,1H,-504.1602786,Trading Firms,Capstone Investment,Afghanistan,LiquidityProvider,Academic,1,SG ROA,785,5381.859109,5367.432,15.48,Citadel Securities,Tier 3,David Wang Lipeng,,Financials,Equity Derivatives,Equity,SSF,Indian SSF,Indian Single Stock Futures,Cipla Ltd India Futures,JP Morgan,21,1,1,ActiveBroker,T,FY16
1371,1371,Citadel Securities,International Sales RM,ActiveBroker,ActiveTrader,LiquidityProvider,MarketMaker,LUSHB,NLT,Client,450,0,88.15,ZDRR,2024-09,USD,S660,2024,Q3,9,2H,1237.91625,Buy-Side,Morgan Stanley Omnibus,Afghanistan,LiquidityProvider,Academic,0.25,Japan,709.5,14353.83,26.1225,2648.322222,Citadel Securities,GAM,Britney Tan Hwee Sian,,Financials,Equity Derivatives,Equity,SSF,Indian SSF,Indian Single Stock Futures,Dr Reddy's Laboratories Futures,BNP Paribas,21,1,1,LiquidityProvider,T,FY22
1371,1371,Citadel Securities,GAM,ActiveBroker,ActiveTrader,LiquidityProvider,MarketMaker,KOHBRENNA|WANGD,NLT,Client,1777.6,0,50,ZEIM,2024-02,USD,S560,2023,Q1,2,1H,3061.498895,PTG,Versor Investments,Afghanistan,MarketMaker,Academic,0.5,China,19,26.316,8123.8125,0,Citadel Securities,Tier 1,omnibus,,Financials,Equity Derivatives,Equity,SSF,Indian SSF,Indian Single Stock Futures,Eicher Motors Futures,SG Securities,18,1,0.5,LiquidityProvider,T+1,FY17
1371,1371,Citadel Securities,GAM,ActiveBroker,ActiveTrader,LiquidityProvider,MarketMaker,LEEKJ,Screen,Client,24060,0,2.6,ZGRA,2023-10,USD,S389,2023,Q4,10,2H,100.62,Bank Trading Desks,Profision Shipping Capital Management Ltd,Afghanistan,LiquidityProvider,Academic,1,SG ROA,5,649.8375,664.35,0,Citadel Securities,GAM,Craig Cohen,,Financials,Equity Derivatives,Equity,SSF,USA SSF,USA Single Stock Futures,USA SSF Futures,JP Morgan,21,1,1,ActiveTrader,T+1,FY14
1371,1371,Citadel Securities,International Sales RM,ActiveBroker,ActiveTrader,LiquidityProvider,MarketMaker,LEEKJ,Screen,Client,86.1,560.56,2,ZHCL,2021-07,USD,S350,2021,Q3,7,2H,0.774,Trading Firms,IBF Futures Agency,Afghanistan,LiquidityProvider,Academic,1,Europe,72544,52.8255,608.364,0,Citadel Securities,Commods,Penny Pan Ranran,,Financials,Equity Derivatives,Equity,SSF,Indian SSF,Indian Single Stock Futures,HCL Technologies Futures,YongAn,21,1,1,ActiveTrader,T,FY25
1371,1371,Citadel Securities,America NBS,ActiveBroker,ActiveTrader,LiquidityProvider,MarketMaker,GROTHK,Screen,Client,547.35,82.5,108.55,ZHUL,2023-12,USD,S078,2023,Q4,12,2H,619.2,Bank Trading Desks,Bunge Limited,Afghanistan,ActiveBroker,Academic,1,SG ROA,1.625,146.7375,255.42,0,Citadel Securities,GAM,Brenna Koh,,Financials,Equity Derivatives,Equity,SSF,Indian SSF,Indian Single Stock Futures,Hindustan Unilever ZHUL Futures,Marex,19,1,1,LiquidityProvider,T,FY14
1371,1371,Citadel Securities,America NBS,ActiveBroker,ActiveTrader,LiquidityProvider,MarketMaker,COHENC|MACCHIONEP,NLT,Client,240,0,375,ZICI,2023-09,USD,S883,2023,Q3,9,2H,1681.515,Trading Firms,Capstone Investment,Afghanistan,LiquidityProvider,Academic,1,Europe,1790,18134.3,0,0,Citadel Securities,China,Richard Wenk,,Financials,Equity Derivatives,Equity,SSF,Indian SSF,Indian Single Stock Futures,ICICI Bank Futures,HGNH,21,1,1,LiquidityProvider,T+1,FY14
1371,1371,Citadel Securities,SGROA NBS,ActiveBroker,ActiveTrader,LiquidityProvider,MarketMaker,JUDGEM,Screen,House,440,0,60,ZINF,2022-09,USD,S288,2022,Q3,9,2H,38634.21,PTG,Value Opportunities VCC - QIO Fund,Afghanistan,ActiveTrader,Academic,1,Omnibus,11887,496.65,3055.6875,0,Citadel Securities,GAM,Renaud Gocsei,,Financials,Equity Derivatives,Equity,SSF,Indian SSF,Indian Single Stock Futures,Infosys Futures,KGI,21,0.5,1,LiquidityProvider,T,FY15
1371,1371,Citadel Securities,GAM,ActiveBroker,ActiveTrader,LiquidityProvider,MarketMaker,KOHBRENNA|LEEKJ,Screen,Client,6413.6,11563.0427,603.68,ZITD,2023-07,USD,S020,2023,Q3,7,2H,40.0545,Buy-Side,Phillip Capital Sdn Bhd,Afghanistan,LiquidityProvider,Academic,1,Omnibus,77,387,116.1,0,Citadel Securities,Commods,Richard Wenk,,Financials,Equity Derivatives,Equity,SSF,Indian SSF,Indian Single Stock Futures,ITC Futures,BNP Paribas,18,1,0.5,ActiveTrader,T+1,FY12
1371,1371,Citadel Securities,HK NBS,ActiveBroker,ActiveTrader,LiquidityProvider,MarketMaker,KOHBRENNA|LEEKJ,NLT,Client,1335,0,5818.57,ZKMB,2023-04,USD,S078,2022,Q2,4,1H,1304.448,Buy-Side,BANDS Financial Limited,Afghanistan,LiquidityProvider,Academic,1,Hong Kong,1482,1548,318.63,42778.5414,Citadel Securities,Tier 2,Vivian Wang Min,,Financials,Equity Derivatives,Equity,SSF,Indian SSF,Indian Single Stock Futures,Kotak Mahindra Bank Futures,Deutsche,19,1,1,ActiveTrader,T,FY22
1371,1371,Citadel Securities,GAM,ActiveBroker,ActiveTrader,LiquidityProvider,MarketMaker,WANGD,Screen,Client,4.4,0,302.4,ZLT,2024-08,USD,S350,2024,Q3,8,2H,14.19,Buy-Side,Rich Fortune International Industrial,Afghanistan,LiquidityProvider,Academic,0.25,SG ROA,1195,1191.2505,154.8,0,Citadel Securities,Tier 3,Richard Wenk,,Financials,Equity Derivatives,Equity,SSF,Indian SSF,Indian Single Stock Futures,Larsen & Toubro Futures,Morgan Stanley,18,0.25,1,LiquidityProvider,T+1,FY12
1371,1371,Citadel Securities,Commodities Sales,ActiveBroker,ActiveTrader,LiquidityProvider,MarketMaker,GROTHK,Screen,Client,0.6,23679.47535,0,ZMM,2021-11,USD,S328,2021,Q4,11,2H,365.870301,Buy-Side,Undisclosed,Afghanistan,LiquidityProvider,Academic,1,SG ROA,68,258,54.18,0,Citadel Securities,GAM,Britney Tan Hwee Sian,,Financials,Equity Derivatives,Equity,SSF,Indian SSF,Indian Single Stock Futures,Mahindra & Mahindra Futures,JP Morgan,19,1,1,ActiveTrader,T,FY16
1371,1371,Citadel Securities,China,ActiveBroker,ActiveTrader,LiquidityProvider,MarketMaker,LUSHB|TANBHS,NLT,Client,2321,0,50531.63167,ZMSI,2023-02,USD,S660,2022,Q1,2,1H,14323.8375,Buy-Side,CSC Arbitrage Group,Afghanistan,LiquidityProvider,Academic,0.125,USA,24.5,25.155,709.5,280.6245638,Citadel Securities,Tier 3,Bobby Lush,,Financials,Equity Derivatives,Equity,SSF,Indian SSF,Indian Single Stock Futures,Maruti Suzuki India Futures,SG Securities,21,1,1,LiquidityProvider,T+1,FY24
1371,1371,Citadel Securities,SGROA NBS,ActiveBroker,ActiveTrader,LiquidityProvider,MarketMaker,COHENC,NLT,Client,6443.15,484,162,ZPWG,2021-01,USD,S108,2020,Q1,1,1H,180.6,PTG,Straits Financial Pte Ltd,Afghanistan,MarketMaker,Academic,0.25,China,118,1161,11340,0,Citadel Securities,GAM,Kenneth Ng Say Chong,,Financials,Equity Derivatives,Equity,SSF,Indian SSF,Indian Single Stock Futures,Power Grid Corp of India Futures,SG Securities,19,1,1,LiquidityProvider,T,FY17
1371,1371,Citadel Securities,Commodities Sales,ActiveBroker,ActiveTrader,LiquidityProvider,MarketMaker,JUDGEM|TANSY,NLT,Client,101,0,660,ZRILA,2022-07,USD,S168,2022,Q3,7,2H,2934,Buy-Side,Regal Cream Products,Afghanistan,LiquidityProvider,Academic,0.125,SG ROA,106,368.8133455,234.135,0,Citadel Securities,Tier 1,Bobby Lush,,Financials,Equity Derivatives,Equity,SSF,Indian SSF,Indian Single Stock Futures,Reliance Industries Futures,SG Securities,19,1,1,MarketMaker,T,FY22
1371,1371,Citadel Securities,International Sales RM,ActiveBroker,ActiveTrader,LiquidityProvider,MarketMaker,KOHBRENNA,NLT,Client,1176.7,9418.2,1909,ZSBI,2022-06,USD,S009,2021,Q2,6,1H,1.935,Brokerage/Agency,Undisclosed,Afghanistan,LiquidityProvider,Academic,1,Omnibus,83,5.156775,2244.6,2386.5,Citadel Securities,China,Tan Say Liang,,Financials,Equity Derivatives,Equity,SSF,Indian SSF,Indian Single Stock Futures,State Bank of India Futures,HSBC,19,0.125,1,MarketMaker,T,FY15
1371,1371,Citadel Securities,Commodities Sales,ActiveBroker,ActiveTrader,LiquidityProvider,MarketMaker,WENKR,NLT,Client,25,0,1620,ZSEA,2022-10,USD,S888,2022,Q4,10,2H,166113.6159,Bank Trading Desks,Crabel Capital Management LLC,Afghanistan,ActiveTrader,Academic,1,SG ROA,2,-5574.31822,22.446,71.595,Citadel Securities,Tier 3,Kenny Groth,,Financials,Equity Derivatives,Equity,SSF,USA SSF,USA Single Stock Futures,SEA Futures,ABN Amro,21,1,1,LiquidityProvider,T,FY17
1371,1371,Citadel Securities,Commodities Sales,ActiveBroker,ActiveTrader,LiquidityProvider,MarketMaker,GROTHK,NLT,Client,4400.55,0,-22.4500928,ZSUN,2024-06,USD,S020,2023,Q2,6,1H,161.25,Brokers Prop,Tata NKY Shipping,Afghanistan,LiquidityProvider,Academic,1,Europe,46,14.19,8448.984,0,Citadel Securities,Tier 2,Penny Pan Ranran,,Financials,Equity Derivatives,Equity,SSF,Indian SSF,Indian Single Stock Futures,Sun Pharm Ind Futures,DBS Vickers,21,0.5,1,MarketMaker,T,FY17
1371,1371,Citadel Securities,SGROA NBS,ActiveBroker,ActiveTrader,LiquidityProvider,MarketMaker,KOHBRENNA,Screen,Client,1000,0,3,ZTAT,2021-10,USD,S009,2021,Q4,10,2H,13.158,Trading Firms,Marylebone international LLC,Afghanistan,LiquidityProvider,Academic,1,USA,23,-5291.58,706.275,0,Citadel Securities,Tier 2,Renaud Gocsei,,Financials,Equity Derivatives,Equity,SSF,Indian SSF,Indian Single Stock Futures,Tata Steel Futures,BNP Paribas,21,0.5,1,ActiveBroker,T+1,FY15
1371,1371,Citadel Securities,China,ActiveBroker,ActiveTrader,LiquidityProvider,MarketMaker,LUSHB|KOHBRENNA,NLT,House,639.6,8160.027996,2083.8,ZTEC,2021-03,USD,S009,2020,Q1,3,1H,34.83,Buy-Side,DBS,Afghanistan,LiquidityProvider,Academic,1,Hong Kong,184,391.8375,5.16,43.5375,Citadel Securities,China,Richard Wenk,,Financials,Equity Derivatives,Equity,SSF,Indian SSF,Indian Single Stock Futures,Tech Mahindra Futures,SG Securities,21,0.125,0.5,ActiveTrader,T,FY17
1371,1371,Citadel Securities,China,ActiveBroker,ActiveTrader,LiquidityProvider,MarketMaker,TANBHS,NLT,Client,8679.7,0,394.1,ZUPL,2025-01,USD,S898,2024,Q1,1,1H,313.2624971,Buy-Side,Old Mission Capital,Afghanistan,ActiveTrader,Academic,1,SG ROA,3,3786.488642,3061.17,0,Citadel Securities,Commods,Yan Xuan Li,,Financials,Equity Derivatives,Equity,SSF,Indian SSF,Indian Single Stock Futures,UPL Futures,Phillip,21,1,1,ActiveTrader,T+1,FY15
1371,1371,Citadel Securities,GAM,ActiveBroker,ActiveTrader,LiquidityProvider,MarketMaker,LIYAN,Screen,Client,85,0,40845.05373,ZUTC,2022-04,USD,S560,2021,Q2,4,1H,9886.56,Brokers Prop,Futu Securities - Client,Afghanistan,MarketMaker,Academic,0.25,SG ROA,1200,22.575,25096.95,530.964,Citadel Securities,Tier 3,Lily Chia,,Financials,Equity Derivatives,Equity,SSF,Indian SSF,Indian Single Stock Futures,UltraTech Cement Futures,JP Morgan,19,1,1,LiquidityProvider,T+1,FY16
1371,1371,Citadel Securities,HK NBS,ActiveBroker,ActiveTrader,LiquidityProvider,MarketMaker,GROTHK,NLT,Client,4177.9,0,60,ZWPR,2023-11,USD,S660,2023,Q4,11,2H,149.0419517,Brokerage/Agency,Hartree Partners,Afghanistan,ActiveTrader,Academic,1,Omnibus,510,47.085,550.572,0,Citadel Securities,Tier 2,David Chiam,,Financials,Equity Derivatives,Equity,SSF,Indian SSF,Indian Single Stock Futures,Wipro Futures,Merrill Lynch,22,0.5,1,ActiveBroker,T,FY26
1380-B,1380-B,Citigroup Prop,SGROA NBS,ActiveBroker,ActiveTrader,LiquidityProvider,MarketMaker,TANBHS|DAVEYC,Screen,Client,300,0,1352.25,3MF,2023-05,SGD,S020,2022,Q2,5,1H,564.375,Trading Firms,Trend Capital Management,Afghanistan,LiquidityProvider,Academic,1,Hong Kong,3,18.45,567.6,0,Citigroup Prop,China,David Chiam,,Commods,Commods,Oil,Oil,Oil,Oil,Platts Singapore FO 380cst Index Futures,HGNH,21,1,1,LiquidityProvider,T,FY22
1380-B,1380-B,Citigroup Prop,SGROA NBS,ActiveBroker,ActiveTrader,LiquidityProvider,MarketMaker,KOHBRENNA|TANBHS,Screen,Client,5015,0,1050,ACF,2024-03,USD,S009,2023,Q1,3,1H,-5686.043816,Trading Firms,Undisclosed,Afghanistan,ActiveTrader,Academic,1,Europe,2.125,5408.334346,2628.504,12.9,Citigroup Prop,Commods,Britney Tan Hwee Sian,,Commods,Commods,Coking Coal,Coking Coal,Coking Coal,Coking Coal,Coking Coal Futures,Phillip,21,1,1,ActiveTrader,T+1,FY20
1380-B,1380-B,Citigroup Prop,Commodities Sales Europe,ActiveBroker,ActiveTrader,LiquidityProvider,MarketMaker,COHENC,Screen,Client,3925,131.25,18374.02852,AMF,2025-04,USD,S009,2024,Q2,4,1H,24549.82632,Trading Firms,Morgan Stanley House,Afghanistan,ActiveBroker,Academic,1,SG ROA,10,9736.017,696.213,430.7918899,Citigroup Prop,Tier 2,Penny Pan Ranran,,Commods,Commods,Dairy,Dairy,Dairy,Dairy,SGX-NZX Global Anhydrous Milk Fat (AMF) Futures,Marex,22,1,1,ActiveTrader,T,FY20
1380-B,1380-B,Citigroup Prop,Commodities Sales Europe,ActiveBroker,ActiveTrader,LiquidityProvider,MarketMaker,MACCHIONEP,NLT,Client,69554.4,4286.25,3426.5,BRL,2024-06,USD,S007,2023,Q2,6,1H,-29.5152,Brokers Prop,Mercuria Energy Trading,Afghanistan,MarketMaker,Academic,0.125,Europe,4817,3802.820183,243.81,0,Citigroup Prop,Commods,Britney Tan Hwee Sian,,Financials,FX/IR,FX,FX,BRL,SGX BRL/USD Futures,SGX BRL/USD Futures,Phillip,19,1,1,ActiveBroker,T+1,FY22
1380-B,1380-B,Citigroup Prop,Commodities Sales,ActiveBroker,ActiveTrader,LiquidityProvider,MarketMaker,KOHBRENNA|LEEKJ,Screen,Client,165.6,0,1.65,BZ,2022-05,USD,S007,2021,Q2,5,1H,5211.441583,PTG,LSR Globe,Afghanistan,LiquidityProvider,Academic,0.5,SG ROA,4,88.5456,383.13,0,Citigroup Prop,Tier 1,Brenna Koh,,Commods,Commods,Petchem,Petchem,Petchem,Petchem,Platts BZ FOB Korea Swap,HGNH,21,1,1,LiquidityProvider,T+1,FY22
1380-B,1380-B,Citigroup Prop,International Sales RM,ActiveBroker,ActiveTrader,LiquidityProvider,MarketMaker,LUSHB|KOHBRENNA,Screen,Client,5854.5,54605.7,20,BZF,2023-01,USD,S888,2022,Q1,1,1H,1004.652,Bank Trading Desks,Undisclosed,Afghanistan,LiquidityProvider,Academic,1,SG ROA,2707,22.188,3999,0,Citigroup Prop,Commods,Kenneth Ng Say Chong,,Commods,Commods,Petchem,Petchem,Petchem,Petchem,Platts BZ FOB Korea Futures,UBS Futures,22,0.5,1,MarketMaker,T,FY15
1380-B,1380-B,Citigroup Prop,SGROA RM,ActiveBroker,ActiveTrader,LiquidityProvider,MarketMaker,KOHBRENNA|GROTHK,Screen,House,153.65,0,120,BZN,2022-03,USD,S009,2021,Q1,3,1H,395.65,Trading Firms,Tower Research,Afghanistan,ActiveTrader,Academic,0.5,Omnibus,257,408.285,3.096,0.387,Citigroup Prop,Tier 3,Tashya Zhuo Xiaofan,,Commods,Commods,Petchem,Petchem,Petchem,Petchem,BZ-Naphtha Spread Swap,Macquarie,20,1,1,LiquidityProvider,T+1,FY12
1380-B,1380-B,Citigroup Prop,International Sales RM,ActiveBroker,ActiveTrader,LiquidityProvider,MarketMaker,TANBHS|DAVEYC,Screen,Client,10,28759.50991,260.8,BZNF,2024-04,USD,S389,2023,Q2,4,1H,93.654,Brokerage/Agency,HNK Alpha,Afghanistan,LiquidityProvider,Academic,1,SG ROA,9072,1702.8,36.378,0,Citigroup Prop,Tier 2,Yan Xuan Li,,Commods,Commods,Petchem,Petchem,Petchem,Petchem,BZ-Naphtha Spread Futures,Morgan Stanley,19,1,1,LiquidityProvider,T+1,FY19
1380-B,1380-B,Citigroup Prop,Commodities Sales,ActiveBroker,ActiveTrader,LiquidityProvider,MarketMaker,LUSHB,NLT,Client,300,0,259.96,CN,2021-08,USD,S660,2021,Q3,8,2H,1546.71,Buy-Side,Ovata Capital Management,Afghanistan,LiquidityProvider,Academic,1,SG ROA,4993.25,561.6390525,178.02,0,Citigroup Prop,Commods,Lily Chia,,Financials,Equity Derivatives,Equity,Equity Index,CN,China A50 Index Futures,China A50 Index Futures,JP Morgan,19,1,1,LiquidityProvider,T,FY23
1380-B,1380-B,Citigroup Prop,America NBS,ActiveBroker,ActiveTrader,LiquidityProvider,MarketMaker,KOHBRENNA|DAVEYC,NLT,Client,220,0,150,CWF,2023-08,USD,S061,2023,Q3,8,2H,1547.566953,Bank Trading Desks,Mitsui Bussan Commodities Ltd,Afghanistan,MarketMaker,Academic,1,SG ROA,48596,1961.4192,102.168,0,Citigroup Prop,Tier 1,Brenna Koh,,Commods,Commods,FFA,FFA,FFA,FFA,Capesize Time Charter Average (5 Routes) Futures,Mizuho SG,21,1,1,LiquidityProvider,T+1,FY18
1380-B,1380-B,Citigroup Prop,SGROA RM,ActiveBroker,ActiveTrader,LiquidityProvider,MarketMaker,GROTHK,Screen,Client,2431.45,15.2674046,1786.7,CWFO,2025-05,USD,S009,2024,Q2,5,1H,4957.999468,Buy-Side,Jump Trading,Afghanistan,MarketMaker,Academic,0.5,Omnibus,0,43.86,40131.4485,59.0304,Citigroup Prop,China,Brenna Koh,,Commods,Commods,FFA,FFA,FFA,FFA,Capesize Time Charter (5 Routes) Average Futures O,HGNH,21,1,1,LiquidityProvider,T,FY21
1380-B,1380-B,Citigroup Prop,Commodities Sales Europe,ActiveBroker,ActiveTrader,LiquidityProvider,MarketMaker,LIYAN,Screen,Client,642,0,191.75,FCH,2022-02,USD,S288,2021,Q1,2,1H,36221.8584,PTG,Undisclosed,Afghanistan,LiquidityProvider,Academic,1,Europe,970,12.9,483.75,0,Citigroup Prop,Tier 3,Brenna Koh,,Financials,Equity Derivatives,Equity,Equity Index,FCH,FTSE China H50 Index Futures,FTSE China H50 Index Futures,SG Securities,20,1,1,LiquidityProvider,T,FY15
1380-B,1380-B,Citigroup Prop,SGROA RM,ActiveBroker,ActiveTrader,LiquidityProvider,MarketMaker,COHENC,Screen,Client,22.55,0,20.6251462,FEF,2022-01,USD,S813,2021,Q1,1,1H,935.25,Trading Firms,Undisclosed,Afghanistan,ActiveTrader,Academic,1,Hong Kong,0,108.36,154.8,0,Citigroup Prop,Tier 3,Brenna Koh,,Commods,Commods,Iron ore,Iron ore,Iron Ore,Iron ore,TSI Iron Ore CFR China (62% Fe Fines) Index Future,HGNH,20,0.125,1,LiquidityProvider,T,FY16
1380-B,1380-B,Citigroup Prop,HK NBS,ActiveBroker,ActiveTrader,LiquidityProvider,MarketMaker,LUSHB,Screen,Client,1210,6230.143105,55,FEFO,2021-10,USD,S328,2021,Q4,10,2H,3.77325,Bank Trading Desks,Naval Bulk Pty Ltd,Afghanistan,ActiveTrader,Academic,1,SG ROA,8894,402.996,17.028,0,Citigroup Prop,GAM,Kenny Groth,,Commods,Commods,Iron ore,Iron ore,Iron Ore,Iron ore,TSI Iron Ore CFR China (62% FE Fines) Index Future,DBS Vickers,19,1,1,MarketMaker,T+1,FY20
1380-B,1380-B,Citigroup Prop,SGROA NBS,ActiveBroker,ActiveTrader,LiquidityProvider,MarketMaker,GROTHK|JUDGEM,Screen,Client,391.2,0,-11418.09948,FEFTS,2024-01,USD,S350,2023,Q1,1,1H,286.38,Buy-Side,Millennium Capital Management,Afghanistan,ActiveTrader,Academic,1,Hong Kong,6190,-166.3494393,5428.836,0,Citigroup Prop,Tier 3,Jun Won Lee,,Commods,Commods,Iron Ore,Iron Ore,Iron Ore,Iron Ore,TSI Iron Ore CFR China (62% Fe Fines) Index Futures (Trade-at-Settlement),SG Securities,22,1,1,MarketMaker,T+1,FY14
1380-B,1380-B,Citigroup Prop,GAM,ActiveBroker,ActiveTrader,LiquidityProvider,MarketMaker,TANBHS|DAVEYC,Screen,Client,63.55,1255.8,17744.5,FID,2024-11,USD,S009,2024,Q4,11,2H,117822.408,Trading Firms,"Usmart Securities (Singapore) Pte.,Ltd",Afghanistan,LiquidityProvider,Academic,0.5,Europe,1375,497.295,309.6,0,Citigroup Prop,Tier 1,Britney Tan Hwee Sian,,Financials,Equity Derivatives,Equity,Equity Index,FID,FTSE Indonesia Index Futures,FTSE Indonesia Index Futures,HGNH,19,1,1,MarketMaker,T,FY15
1380-B,1380-B,Citigroup Prop,America NBS,ActiveBroker,ActiveTrader,LiquidityProvider,MarketMaker,KOHBRENNA|WANGV,Screen,House,35.2,0,1976.685755,FVN,2025-02,USD,S888,2024,Q1,2,1H,9466.149,PTG,China Xin YongAn Futures,Afghanistan,LiquidityProvider,Academic,0.25,Hong Kong,167.375,615.6525,76.5,532.125,Citigroup Prop,China,Vivian Wang Min,,Financials,Equity Derivatives,Equity,Equity Index,FVN,SGX FTSE Vietnam 30 Index Futures,FTSE Vietnam 30 Index Futures,Morgan Stanley,19,1,1,ActiveTrader,T+1,FY14
1380-B,1380-B,Citigroup Prop,Commodities Sales Europe,ActiveBroker,ActiveTrader,LiquidityProvider,MarketMaker,TANBHS|JUDGEM,Screen,Client,1980,963.6748766,54.6,GIN,2023-04,USD,S001,2022,Q2,4,1H,51.6,Trading Firms,Korea Investment & Securities (Client),Afghanistan,ActiveTrader,Academic,1,China,1437,28.7,766.26,0,Citigroup Prop,GAM,Britney Tan Hwee Sian,,Financials,Equity Derivatives,Equity,Equity Index,GIN,GIFT Derivatives,GIFT City Index Futures,Merrill Lynch,19,1,1,ActiveTrader,T,FY26
1380-B,1380-B,Citigroup Prop,GAM,ActiveBroker,ActiveTrader,LiquidityProvider,MarketMaker,LUSHB|KOHBRENNA,Screen,House,9,0,18715.6,GINB,2025-06,USD,S350,2024,Q2,6,1H,413.2051549,Brokerage/Agency,Millennium Capital Management,Afghanistan,ActiveBroker,Academic,1,Europe,100,20.898,33269.745,1417.576452,Citigroup Prop,Tier 3,Renaud Gocsei,,Financials,Equity Derivatives,Equity,Equity Index,GINB,GIFT Derivatives,GIFT City Bank Index Futures,SG Securities,19,1,1,MarketMaker,T,FY16
1380-B,1380-B,Citigroup Prop,SGROA RM,ActiveBroker,ActiveTrader,LiquidityProvider,MarketMaker,LUSHB,NLT,Client,524.55,3814.760984,225.6,HAF,2021-05,USD,S009,2020,Q2,5,1H,2.322,Buy-Side,DA Financial Service(S),Afghanistan,ActiveBroker,Academic,0.25,Europe,50,257.3445179,496.65,0,Citigroup Prop,Tier 2,Britney Tan Hwee Sian,,Commods,Commods,FFA,FFA,FFA,FFA,SGX Baltic Handysize Time Charter Average (4 Routes) ATL Futures,Merrill Lynch,21,0.25,1,LiquidityProvider,T,FY22
1380-B,1380-B,Citigroup Prop,SGROA RM,ActiveBroker,ActiveTrader,LiquidityProvider,MarketMaker,TANBHS|JUDGEM,Screen,Client,2835.8,0,17025.8,HWF,2023-07,USD,S108,2023,Q3,7,2H,11212.2285,Buy-Side,OQ Trading (Singapore) Pte Ltd,Afghanistan,ActiveTrader,Academic,1,USA,2100,2631.6,26.316,0,Citigroup Prop,Tier 1,Kenny Groth,,Commods,Commods,FFA,FFA,FFA,FFA,Baltic Handysize Time Charter Average (7 Routes) Futures,SG Securities,21,1,1,LiquidityProvider,T+1,FY22
1380-B,1380-B,Citigroup Prop,GAM,ActiveBroker,ActiveTrader,LiquidityProvider,MarketMaker,LUSHB|KOHBRENNA,Screen,Client,1938,699.2,420,IU,2021-09,USD,S288,2021,Q3,9,2H,114.165,PTG,Undisclosed,Afghanistan,MarketMaker,Academic,1,China,100,80.3025,5.16,0,Citigroup Prop,GAM,Penny Pan Ranran,,Financials,FX/IR,FX,FX,IU,INR/USD FX Futures,INR/USD Futures,Merrill Lynch,19,1,0.5,MarketMaker,T,FY14
1380-B,1380-B,Citigroup Prop,Commodities Sales,ActiveBroker,ActiveTrader,LiquidityProvider,MarketMaker,TOHL,Screen,Client,1.8,0,267.4,JB,2024-02,USD,S001,2023,Q1,2,1H,76.28658933,Buy-Side,Morgan Stanley House,Afghanistan,LiquidityProvider,Academic,1,Hong Kong,68,1.548,161.25,0,Citigroup Prop,Tier 2,Richard Wenk,,Financials,FX/IR,Interest Rates,Interest Rates,JB,JGB Futures,Mini Japanese Government Bond (JGB) Futures,StoneX,19,0.5,1,ActiveBroker,T+1,FY23
1380-B,1380-B,Citigroup Prop,SGROA NBS,ActiveBroker,ActiveTrader,LiquidityProvider,MarketMaker,GROTHK,Screen,Client,400,0,20.4,KU,2023-02,USD,S660,2022,Q1,2,1H,80.496,Brokerage/Agency,Theme,Afghanistan,LiquidityProvider,Academic,1,SG ROA,776,185.4375,28.638,10077.11817,Citigroup Prop,Tier 3,Kenny Groth,,Financials,FX/IR,FX,FX,KU,KRW/USD FX Futures (Mini),KRW/USD FX Futures (Mini),KGI,22,1,1,ActiveTrader,T,FY26
1380-B,1380-B,Citigroup Prop,SGROA NBS,ActiveBroker,ActiveTrader,LiquidityProvider,MarketMaker,GROTHK,Screen,Client,2700,3.024619799,13886.25,LIHF,2022-11,USD,S560,2022,Q4,11,2H,13.158,PTG,Qube,Afghanistan,ActiveTrader,Academic,1,SG ROA,127574,154.8,619.2,23.51025,Citigroup Prop,Tier 3,Renaud Gocsei,,Commods,Commods,Energy Metals,Energy Metals,Energy Metals,Energy Metals,SGX FM Lithium Hydroxide CIF CJK (Battery Grade) Futures,Citigroup,22,1,1,LiquidityProvider,T+1,FY17
1380-B,1380-B,Citigroup Prop,GAM,ActiveBroker,ActiveTrader,LiquidityProvider,MarketMaker,TOHL,Screen,Client,12557.6,0,770,LPF,2025-01,USD,S560,2024,Q1,1,1H,1664.487,Buy-Side,Xiangyu Singapore,Afghanistan,LiquidityProvider,Academic,0.5,Japan,335,592.11,2318.904,0,Citigroup Prop,Tier 3,Yan Xuan Li,,Commods,Commods,Iron ore,Iron ore,Iron Ore,Iron ore,Platts Iron Ore CFR China (Lump Premium) Index Fut,Morgan Stanley,19,1,1,ActiveTrader,T,FY16
1380-B,1380-B,Citigroup Prop,Commodities Sales Europe,ActiveBroker,ActiveTrader,LiquidityProvider,MarketMaker,LUSHB,Screen,Client,1268.4,0,-7.656828194,M65F,2022-09,USD,S020,2022,Q3,9,2H,732.7845,Trading Firms,Millennium Capital Management,Afghanistan,LiquidityProvider,Academic,0.125,China,2665,208.98,33636.6855,1388.13675,Citigroup Prop,GAM,Carl Davey,,Commods,Commods,Iron ore,Iron ore,Iron Ore,Iron ore,MB Iron Ore CFR China (65% Fe Fines) Index Futures,Barclays,22,1,1,MarketMaker,T+1,FY25
1380-B,1380-B,Citigroup Prop,China,ActiveBroker,ActiveTrader,LiquidityProvider,MarketMaker,COHENC,Screen,Client,947.1,11532.42828,-43031.72464,MC,2023-03,USD,S016,2022,Q1,3,1H,3003.25,Buy-Side,Millennium Capital Management,Afghanistan,LiquidityProvider,Academic,1,Omnibus,37384,227.04,3377.22,916.158,Citigroup Prop,Commods,Britney Tan Hwee Sian,,Commods,Commods,Petchem,Petchem,Petchem,Petchem,ICIS Methanol CFR CN Swap,ADMIS,19,1,1,LiquidityProvider,T,FY22
1380-B,1380-B,Citigroup Prop,China,ActiveBroker,ActiveTrader,LiquidityProvider,MarketMaker,WANGV,NLT,Client,30,0,1750,MCF,2021-04,USD,S009,2020,Q2,4,1H,10911.078,Buy-Side,Theme,Afghanistan,LiquidityProvider,Academic,0.125,SG ROA,100,63317.199,20.0853,4613.917515,Citigroup Prop,Tier 2,Richard Wenk,,Commods,Commods,Petchem,Petchem,MCF,ICIS Methanol CFR CN Futures,ICIS Methanol CFR CN Futures,HGNH,21,0.5,1,LiquidityProvider,T,FY23
1380-B,1380-B,Citigroup Prop,Commodities Sales Europe,ActiveBroker,ActiveTrader,LiquidityProvider,MarketMaker,TANBHS,NLT,Client,689.5,0,8115.36,MF5F,2022-07,USD,S389,2022,Q3,7,2H,39.474,Brokerage/Agency,Vista Markets FZCO,Afghanistan,ActiveTrader,Academic,1,SG ROA,167,17098.59525,6243.6,0,Citigroup Prop,Tier 1,Kenny Groth,,Commods,Commods,Oil,Oil,Oil,Oil,Platts Marine Fuel 0.5% FOB Singapore Futures,Deutsche,20,0.25,1,LiquidityProvider,T,FY23
1380-B,1380-B,Citigroup Prop,China,ActiveBroker,ActiveTrader,LiquidityProvider,MarketMaker,JUDGEM|TANSY,Screen,House,576,0,7,MTWN,2023-10,USD,S389,2023,Q4,10,2H,5.805,Brokerage/Agency,Millennium Capital Management,Afghanistan,LiquidityProvider,Academic,1,Europe,3,2245.4256,592.8195,0,Citigroup Prop,Tier 1,Yan Xuan Li,,Financials,Equity Derivatives,Equity,Equity Index,MTWN,Micro FTSE Taiwan Index Futures,Micro FTSE Taiwan Index Futures,Phillip,19,1,1,MarketMaker,T,FY17
1380-B,1380-B,Citigroup Prop,China,ActiveBroker,ActiveTrader,LiquidityProvider,MarketMaker,COHENC,Screen,House,2295,3.9,1012.5,MX,2021-01,USD,S108,2020,Q1,1,1H,1933.065,PTG,IMC Pacific,Afghanistan,ActiveTrader,Academic,1,Hong Kong,1178.5,6963.3168,348.3,0,Citigroup Prop,Tier 1,Kenny Groth,,Commods,Commods,Petchem,Petchem,Petchem,Petchem,SGX ICIS Isomer MX FOB Korea Swap,SG Securities,21,0.125,1,ActiveBroker,T+1,FY18
1380-B,1380-B,Citigroup Prop,Europe NBS,ActiveBroker,ActiveTrader,LiquidityProvider,MarketMaker,LIYAN,Screen,House,1056,14.4,2244.45,MXF,2025-08,USD,S007,2025,Q3,8,2H,5.6115,Buy-Side,Point 72,Afghanistan,ActiveTrader,Academic,1,Hong Kong,10370.25,56.76,1238.4,125.388,Citigroup Prop,Commods,Bobby Lush,,Commods,Commods,Petchem,Petchem,Petchem,Petchem,SGX ICIS Isomer MX FOB Korea Futures,JP Morgan,18,1,1,ActiveBroker,T+1,FY12
1380-B,1380-B,Citigroup Prop,SGROA NBS,ActiveBroker,ActiveTrader,LiquidityProvider,MarketMaker,LIYAN,Screen,Client,750,0.155254777,100.1,ND,2023-06,USD,S328,2022,Q2,6,1H,36.12,Bank Trading Desks,CN First International Futures,Afghanistan,MarketMaker,Academic,0.125,Hong Kong,13832,28941.08244,334.5615,0,Citigroup Prop,Tier 2,Bobby Lush,,Financials,Equity Derivatives,Equity,Dividend Index,ND,Nikkei Stock Average Dividend Point Index Futures,Nikkei Stock Average Dividend Point Index Futures,ADMIS,21,1,1,LiquidityProvider,T,FY24
1380-B,1380-B,Citigroup Prop,Omnibus,ActiveBroker,ActiveTrader,LiquidityProvider,MarketMaker,DAVEYC|LEEKJ,Screen,Client,429.1,0,420,NK,2021-12,USD,S168,2021,Q4,12,2H,1.806,Trading Firms,Transtrend,Afghanistan,ActiveBroker,Academic,1,Hong Kong,68.375,7.25625,64.242,0,Citigroup Prop,Tier 3,Richard Wenk,,Financials,Equity Derivatives,Equity,Equity Index,NK,Nikkei 225 Index Futures,Nikkei 225 Index Futures,DBS Vickers,19,1,1,ActiveTrader,T+1,FY14
1380-B,1380-B,Citigroup Prop,GAM,ActiveBroker,ActiveTrader,LiquidityProvider,MarketMaker,KOHBRENNA,Screen,Client,122621.4,2882.592124,1987.895,PWF,2023-12,USD,S560,2023,Q4,12,2H,-210.048,Buy-Side,Marshall Wace,Afghanistan,ActiveTrader,Academic,1,SG ROA,679,56.76,331.272,0,Citigroup Prop,Omnibus,Renaud Gocsei,,Commods,Commods,FFA,FFA,FFA,FFA,Baltic Panamax Time Charter Average (5 Routes) Futures,JP Morgan,19,1,1,ActiveTrader,T,FY20
1380-B,1380-B,Citigroup Prop,Omnibus,ActiveBroker,ActiveTrader,LiquidityProvider,MarketMaker,LUSHB|TANBHS,Screen,Client,15,0,3092.425,PWFO,2024-10,USD,S078,2024,Q4,10,2H,1968.1788,Buy-Side,Qube,Afghanistan,LiquidityProvider,Academic,1,SG ROA,1980,60292.19415,70.95,48.9555,Citigroup Prop,Tier 2,Brenna Koh,,Commods,Commods,FFA,FFA,FFA,FFA,Baltic Panamax Time Charter Average (5 Route) Options,Phillip,21,1,1,ActiveTrader,T+1,FY14
1380-B,1380-B,Citigroup Prop,Commodities Sales,ActiveBroker,ActiveTrader,LiquidityProvider,MarketMaker,KOHBRENNA,NLT,Client,13,0,55132.88884,PX,2022-06,USD,S389,2021,Q2,6,1H,110.9916,Buy-Side,DRW,Afghanistan,MarketMaker,Academic,1,USA,9627,10184.35182,4450.5,0,Citigroup Prop,Tier 2,Brenna Koh,,Commods,Commods,Petchem,Petchem,Petchem,Petchem,Platts PX CFR Taiwan/China Swap,SG Securities,19,0.5,1,LiquidityProvider,T+1,FY17
1380-B,1380-B,Citigroup Prop,SGROA RM,ActiveBroker,ActiveTrader,LiquidityProvider,MarketMaker,LEEKJ,Screen,Client,32903.5,0,2388.399357,PXF,2022-08,USD,S092,2022,Q3,8,2H,3.87,Trading Firms,Trafigura Pte Ltd,Afghanistan,MarketMaker,Academic,0.25,SG ROA,81,-10355.65811,185.76,1.935,Citigroup Prop,China,Richard Wenk,,Commods,Commods,Petchem,Petchem,Petchem,Petchem,Platts PX CFR Taiwan/China Futures,CIMB,21,1,1,MarketMaker,T,FY19
1380-B,1380-B,Citigroup Prop,SGROA NBS,ActiveBroker,ActiveTrader,LiquidityProvider,MarketMaker,TOHL,Screen,Client,21,583.8356596,377.2,PXN,2022-10,USD,S078,2022,Q4,10,2H,35418.885,Trading Firms,GTS Securities LLC,Afghanistan,LiquidityProvider,Academic,1,Hong Kong,5,9011.295,30.96,0,Citigroup Prop,Commods,Tashya Zhuo Xiaofan,,Commods,Commods,Petchem,Petchem,Petchem,Petchem,PX-Naphtha Spread Swaps,JP Morgan,21,0.5,1,LiquidityProvider,T,FY15
1380-B,1380-B,Citigroup Prop,Commodities Sales,ActiveBroker,ActiveTrader,LiquidityProvider,MarketMaker,KOHBRENNA|TANBHS,NLT,House,20,0.36,858,PXNF,2021-07,USD,S092,2021,Q3,7,2H,464.4,Buy-Side,Louis Dreyfus Commodities Freight Asia Pte Ltd,Afghanistan,LiquidityProvider,Academic,1,Hong Kong,200,38.14329466,7.74,379.7357755,Citigroup Prop,Commods,David Chiam,,Commods,Commods,Petchem,Petchem,Petchem,Petchem,PX-Naphtha Spread Futures,Orient Futures,19,1,1,MarketMaker,T+1,FY25
1380-B,1380-B,Citigroup Prop,GAM,ActiveBroker,ActiveTrader,LiquidityProvider,MarketMaker,WANGV,Screen,Client,3334.1,0,7944.2,SGP,2021-11,USD,S007,2021,Q4,11,2H,7.74,Buy-Side,Millennium Capital Management,Afghanistan,LiquidityProvider,Academic,1,USA,572,102.54855,833.856,2.838,Citigroup Prop,Tier 1,Renaud Gocsei,,Financials,Equity Derivatives,Equity,Equity Index,SGP,MSCI Singapore Free Index Futures,MSCI Singapore Free Index Futures,JP Morgan,21,1,1,ActiveTrader,T+1,FY13
1380-B,1380-B,Citigroup Prop,GAM,ActiveBroker,ActiveTrader,LiquidityProvider,MarketMaker,KOHBRENNA|LEEKJ,Screen,Client,1791,0,13378.75,SMP,2024-05,USD,S813,2023,Q2,5,1H,34.83,PTG,Qube,Afghanistan,LiquidityProvider,Academic,1,SG ROA,320,15203.424,23.994,101.1088794,Citigroup Prop,Commods,Brenna Koh,,Commods,Commods,Dairy,Dairy,Dairy,Dairy,SGX-NZX Global Skim Milk Powder (SMP) Futures,CIMB,19,1,1,ActiveTrader,T,FY16
1380-B,1380-B,Citigroup Prop,International Sales RM,ActiveBroker,ActiveTrader,LiquidityProvider,MarketMaker,WANGV,Screen,Client,8.8,0,106,SWF,2024-12,USD,S001,2024,Q4,12,2H,87.978,Buy-Side,Valuable Capital Limited,Afghanistan,LiquidityProvider,Academic,1,SG ROA,15309,5.3406,812.7,0,Citigroup Prop,Tier 3,Penny Pan Ranran,,Commods,Commods,FFA,FFA,FFA,FFA,Baltic Supramax Time Charter (10 Routes) Average F,Citigroup,19,1,1,ActiveTrader,T+1,FY26
1380-B,1380-B,Citigroup Prop,Commodities Sales,ActiveBroker,ActiveTrader,LiquidityProvider,MarketMaker,GROTHK,Screen,Client,8,7494.697987,417,TF,2023-09,USD,S009,2023,Q3,9,2H,18.7,Trading Firms,Drakewood,Afghanistan,ActiveTrader,Academic,1,SG ROA,10940,9380.88,1.032,0,Citigroup Prop,Tier 2,Kenneth Ng Say Chong,,Commods,Commods,Rubber,Rubber,Rubber,Rubber,SICOM TSR20 Futures,JP Morgan,21,1,1,LiquidityProvider,T,FY15
1380-B,1380-B,Citigroup Prop,International Sales RM,ActiveBroker,ActiveTrader,LiquidityProvider,MarketMaker,LUSHB|KOHBRENNA,Screen,Client,9199.5,0,4087.6,TWN,2022-04,USD,S016,2021,Q2,4,1H,4902,Buy-Side,Undisclosed,Afghanistan,ActiveTrader,Academic,1,SG ROA,5584.75,1013.94,417.96,581.79,Citigroup Prop,GAM,Vivian Wang Min,,Financials,Equity Derivatives,Equity,Equity Index,TWN,FTSE Taiwan Index Futures,FTSE Taiwan Index Futures,Macquarie,22,1,1,ActiveTrader,T,FY25
1380-B,1380-B,Citigroup Prop,Commodities Sales Europe,ActiveBroker,ActiveTrader,LiquidityProvider,MarketMaker,KOHBRENNA|LEEKJ,NLT,Client,500,576.2195122,81,UC,2022-12,USD,S813,2022,Q4,12,2H,154.3872,Buy-Side,AB Commodities Pte Ltd,Afghanistan,ActiveBroker,Academic,1,Omnibus,1200,1.935,12.335625,0,Citigroup Prop,Commods,Renaud Gocsei,,Financials,FX/IR,FX,FX,UC,USD/CNH Futures,USD/CNH FX Futures,ABN Amro,19,1,1,LiquidityProvider,T,FY16
1380-B,1380-B,Citigroup Prop,Commodities Sales Europe,ActiveBroker,ActiveTrader,LiquidityProvider,MarketMaker,KOHBRENNA,Screen,Client,5486.8,1533.653846,-101.6,UCO,2025-07,USD,S389,2025,Q3,7,2H,3676.5,PTG,Millennium Capital Management,Afghanistan,ActiveTrader,Academic,1,SG ROA,195,1291.29,1703.5,0,Citigroup Prop,China,Brenna Koh,,Financials,FX/IR,FX,FX,UCO,USD/CNH Options,USD/CNH FX Options,Macquarie,21,1,1,LiquidityProvider,T+1,FY17
1380-B,1380-B,Citigroup Prop,Commodities Sales,ActiveBroker,ActiveTrader,LiquidityProvider,MarketMaker,LIYAN,Screen,Client,82,0,99638,US,2024-09,USD,S813,2024,Q3,9,2H,63.0552,Brokerage/Agency,Undisclosed,Afghanistan,LiquidityProvider,Academic,1,SG ROA,5,1206.408,464.4,0,Citigroup Prop,Tier 3,Yan Xuan Li,,Financials,FX/IR,FX,FX,US,USD/SGD FX Futures,USD/SGD FX Futures (Mini),Marex,19,1,1,ActiveTrader,T,FY16
1380-B,1380-B,Citigroup Prop,China,ActiveBroker,ActiveTrader,LiquidityProvider,MarketMaker,DAVEYC,Screen,Client,11.4,0,3.2,ZACE,2023-11,USD,S108,2023,Q4,11,2H,1702.8,PTG,Wingsing International,Afghanistan,MarketMaker,Academic,0.25,Japan,226,77.4,5.805,0,Citigroup Prop,Tier 3,Britney Tan Hwee Sian,,Financials,Equity Derivatives,Equity,SSF,Indian SSF,Indian Single Stock Futures,Ambuja Cements Futures,Orient Futures,21,0.5,1,LiquidityProvider,T,FY26
1380-B,1380-B,Citigroup Prop,America NBS,ActiveBroker,ActiveTrader,LiquidityProvider,MarketMaker,LUSHB|KOHBRENNA,Screen,House,2982,0,1824,ZAXS,2025-03,USD,S108,2024,Q1,3,1H,6759.6,Trading Firms,BNP Paribas Omnibus,Afghanistan,LiquidityProvider,Academic,0.125,SG ROA,6100,696.213,1483.5,0,Citigroup Prop,Commods,omnibus,,Financials,Equity Derivatives,Equity,SSF,Indian SSF,Indian Single Stock Futures,Axis Bank Futures,Goldman Sachs,19,1,1,LiquidityProvider,T+1,FY15
1380-B,1380-B,Citigroup Prop,China,ActiveBroker,ActiveTrader,LiquidityProvider,MarketMaker,LEEKJ,Screen,Client,58.1,0,921.2152853,ZGAI,2021-02,USD,S888,2020,Q1,2,1H,573.5472919,PTG,Futu Trading,Afghanistan,MarketMaker,Academic,1,SG ROA,3501,5095.1775,77.4,12.771,Citigroup Prop,GAM,Lily Chia,,Financials,Equity Derivatives,Equity,SSF,Indian SSF,Indian Single Stock Futures,GAIL India Futures,Orient Futures,22,1,1,LiquidityProvider,T+1,FY22
1380-B,1380-B,Citigroup Prop,GAM,ActiveBroker,ActiveTrader,LiquidityProvider,MarketMaker,JUDGEM,Screen,Client,151.7,11665.83,40.5,ZHMC,2021-03,SGD,S020,2020,Q1,3,1H,-660.173445,Brokerage/Agency,CITIC Futures,Afghanistan,LiquidityProvider,Academic,1,Hong Kong,55,2179.584,1324.3,0,Citigroup Prop,Commods,Carl Davey,,Financials,Equity Derivatives,Equity,SSF,Indian SSF,Indian Single Stock Futures,Hero MotoCorp Futures,Phillip,21,0.125,1,ActiveTrader,T+1,FY13
1380-B,1380-B,Citigroup Prop,SGROA NBS,ActiveBroker,ActiveTrader,LiquidityProvider,MarketMaker,WENKR,Screen,Client,2.2,0,376.0779817,ZHND,2024-07,SGD,S009,2024,Q3,7,2H,54.18,Trading Firms,Undisclosed,Afghanistan,LiquidityProvider,Academic,1,Europe,2498,1501.173,232.2,0,Citigroup Prop,Tier 1,Paul Macchione,,Financials,Equity Derivatives,Equity,SSF,Indian SSF,Indian Single Stock Futures,Hindalco Industries Futures,Goldman Sachs,22,1,1,ActiveTrader,T,FY14
1380-B,1380-B,Citigroup Prop,Commodities Sales,ActiveBroker,ActiveTrader,LiquidityProvider,MarketMaker,WANGD,NLT,Client,143478.4,0,25,ZIOC,2021-06,USD,S078,2020,Q2,6,1H,225.75,Buy-Side,Akena Fund,Afghanistan,ActiveTrader,Academic,1,Hong Kong,4084,71864.094,295.152,6.966,Citigroup Prop,Commods,Brenna Koh,,Financials,Equity Derivatives,Equity,SSF,Indian SSF,Indian Single Stock Futures,Indian Oil Corp Futures,Morgan Stanley,21,1,1,LiquidityProvider,T,FY14
1380-B,1380-B,Citigroup Prop,Commodities Sales,ActiveBroker,ActiveTrader,LiquidityProvider,MarketMaker,WANGD,Screen,Client,4200,215.28,2716.8,ZLPC,2024-08,USD,S660,2024,Q3,8,2H,387,Trading Firms,Jump Trading,Afghanistan,ActiveTrader,Academic,1,China,2,-6058.1754,115080.9,0,Citigroup Prop,Omnibus,Britney Tan Hwee Sian,,Financials,Equity Derivatives,Equity,SSF,Indian SSF,Indian Single Stock Futures,Lupin Futures,Citigroup,19,0.25,1,LiquidityProvider,T,FY22
1400,1400,Contech L.P.,SGROA RM,ActiveBroker,ActiveTrader,LiquidityProvider,MarketMaker,LUSHB,Screen,House,130.55,34979.75,27248.6,ACFO,2021-07,USD,S020,2021,Q3,7,2H,27758.64411,Buy-Side,Oceana Bulk SA,Afghanistan,LiquidityProvider,Academic,0.5,Europe,209,356.7,11825.946,28548.00656,Contech L.P.,Omnibus,Britney Tan Hwee Sian,,Commods,Commods,Coking Coal,Coking Coal,Coking Coal,Coking Coal,Coking Coal Options on Futures,Marex,19,1,1,ActiveTrader,T,FY17
1400,1400,Contech L.P.,SGROA NBS,ActiveBroker,ActiveTrader,LiquidityProvider,MarketMaker,COHENC,Screen,Client,11,0,7584,BTP,2022-10,USD,S660,2022,Q4,10,2H,268.6425,Brokerage/Agency,Sinopac Asset Management,Afghanistan,LiquidityProvider,Academic,1,USA,7.5,102.555,4,0,Contech L.P.,GAM,Lily Chia,,Financials,FX/IR,Crypto,Cryptocurrencies,Crypto,SGX Bitcoin Perpetual Futures,SGX Bitcoin Perpetual Futures,DBS Vickers,21,1,1,ActiveTrader,T,FY20
1400,1400,Contech L.P.,America NBS,ActiveBroker,ActiveTrader,LiquidityProvider,MarketMaker,LUSHB,NLT,Client,600,0,1,BTR,2023-10,USD,S016,2023,Q4,10,2H,6.8628,Buy-Side,Undisclosed,Afghanistan,ActiveTrader,Academic,1,China,3229.75,1131.975,3377.3103,1321.218,Contech L.P.,Tier 2,Renaud Gocsei,,Commods,Commods,Dairy,Dairy,Dairy,Dairy,SGX-NZX Global Butter (BTR) Futures,Orient Futures,21,0.25,1,LiquidityProvider,T,FY16
1400,1400,Contech L.P.,HK NBS,ActiveBroker,ActiveTrader,LiquidityProvider,MarketMaker,LUSHB|KOHBRENNA,NLT,Client,14806.5,0,130497,C3F,2022-01,USD,S009,2021,Q1,1,1H,0,Brokerage/Agency,Morgan Stanley Omnibus,Afghanistan,LiquidityProvider,Academic,1,SG ROA,194,2137.014,15.48,12986.71768,Contech L.P.,GAM,Carl Davey,,Commods,Commods,FFA,FFA,FFA,FFA,Capesize Route C3 Futures,Marex,21,1,1,ActiveTrader,T+1,FY18
1400,1400,Contech L.P.,SGROA RM,ActiveBroker,ActiveTrader,LiquidityProvider,MarketMaker,GROTHK,Screen,Client,494340,0,2098.395,C5F,2023-01,SGD,S111,2022,Q1,1,1H,380.55,Brokerage/Agency,KGI Futures Prop,Afghanistan,ActiveBroker,Academic,1,China,20,20.9496,366.95,0,Contech L.P.,Tier 2,Britney Tan Hwee Sian,,Commods,Commods,FFA,FFA,FFA,FFA,Capesize Route C5 Futures,Morgan Stanley,22,1,1,ActiveTrader,T+1,FY17
1400,1400,Contech L.P.,GAM,ActiveBroker,ActiveTrader,LiquidityProvider,MarketMaker,LUSHB|GOCSEIR,Screen,Client,71058.9,0,516.6,CX11F,2025-03,USD,S813,2024,Q1,3,1H,-19350,Buy-Side,Millennium Capital Management,Afghanistan,ActiveTrader,Academic,0.25,China,641,12321.65243,1.29,0,Contech L.P.,China,David Wang Lipeng,,Commods,Commods,FFA,FFA,FFA,FFA,SGX Baltic Container Freight Route FBX11 Futures,Merrill Lynch,19,1,1,LiquidityProvider,T,FY15
1400,1400,Contech L.P.,International Sales RM,ActiveBroker,ActiveTrader,LiquidityProvider,MarketMaker,WANGD,Screen,Client,13,0,14796.3,CZF,2024-07,USD,S328,2024,Q3,7,2H,387,PTG,Rui Da International Finance Holding Limited,Afghanistan,LiquidityProvider,Academic,0.75,SG ROA,746,154.8,4140.4614,0,Contech L.P.,Tier 2,Vivian Wang Min,,Commods,Commods,FFA,FFA,FFA,FFA,SGX Baltic Capesize Time Charter Average (5 Routes) 182 Futures,JP Morgan,19,1,1,LiquidityProvider,T+1,FY14
1400,1400,Contech L.P.,China,ActiveBroker,ActiveTrader,LiquidityProvider,MarketMaker,TANSY,Screen,Client,421.2,0,22707.375,EJP,2021-09,USD,S108,2021,Q3,9,2H,346.0069487,Buy-Side,Fidelity Management & Research Co.,Afghanistan,ActiveTrader,Academic,1,SG ROA,1796,336.69,162.54,679.7446599,Contech L.P.,Tier 3,John Hogger,,Financials,Equity Derivatives,Equity,Equity Index,EJP,EJP,SGX FTSE Blossom Japan Index Futures,Citigroup,19,1,1,LiquidityProvider,T,FY16
1400,1400,Contech L.P.,SGROA RM,ActiveBroker,ActiveTrader,LiquidityProvider,MarketMaker,WANGV,Screen,Client,1021.2,2,2433.180618,ETP,2021-12,USD,S660,2021,Q4,12,2H,5167.6,Trading Firms,Undisclosed,Afghanistan,MarketMaker,Academic,0.125,Hong Kong,3030.5,133.644,25.8,0,Contech L.P.,Tier 1,Brenna Koh,,Financials,FX/IR,Crypto,Cryptocurrencies,Crypto,SGX Ethereum Perpetual Futures,SGX Ethereum Perpetual Futures,SG Securities,22,1,1,ActiveTrader,T,FY17
1400,1400,Contech L.P.,SGROA NBS,ActiveBroker,ActiveTrader,LiquidityProvider,MarketMaker,LUSHB,NLT,Client,2.2,0,10038,GINO,2024-06,USD,S108,2023,Q2,6,1H,-2.58,Trading Firms,Jump Trading,Afghanistan,LiquidityProvider,Academic,1,Hong Kong,104,410.22,27549.85275,0,Contech L.P.,Commods,Bobby Lush,,Financials,Equity Derivatives,Equity,Equity Index,GINO,GIFT Derivatives,GIFT City Index Options,Macquarie,19,1,1,ActiveTrader,T+1,FY18
1400,1400,Contech L.P.,Commodities Sales,ActiveBroker,ActiveTrader,LiquidityProvider,MarketMaker,KOHBRENNA,NLT,Client,300,0.3,12112.4,IDR,2025-06,USD,S009,2024,Q2,6,1H,55.728,PTG,Symmetry Investments,Afghanistan,LiquidityProvider,Academic,1,China,3951,0,7.095,1312.575,Contech L.P.,Commods,Vivian Wang Min,,Financials,FX/IR,FX,FX,IDR,IDR/USD FX Futures,IDR/USD Futures,Marex,18,1,1,ActiveTrader,T,FY18
1400,1400,Contech L.P.,International Sales RM,ActiveBroker,ActiveTrader,LiquidityProvider,MarketMaker,LEEKJ,Screen,Client,3,2.283829325,81.6,KRW,2021-08,USD,S078,2021,Q3,8,2H,1764.244025,Brokerage/Agency,Antimo,Afghanistan,ActiveTrader,Academic,1,USA,8833,113.52,0,0,Contech L.P.,GAM,Brenna Koh,,Financials,FX/IR,FX,FX,KRW,KRW/USD FX Futures (Full-Sized),KRW/USD FX Futures (Full-Sized),ADMIS,19,0.5,1,ActiveBroker,T+1,FY19
1400,1400,Contech L.P.,SGROA NBS,ActiveBroker,ActiveTrader,LiquidityProvider,MarketMaker,KOHBRENNA|TANBHS,Screen,Client,1053.7,0,48,M42F,2023-02,USD,S111,2022,Q1,2,1H,384739.146,Brokerage/Agency,BPI Futures (HK),Afghanistan,ActiveTrader,Academic,1,SG ROA,161,312.3923337,10.062,18593.7375,Contech L.P.,Commods,omnibus,,Commods,Commods,Thermal Coal,Thermal Coal,Thermal Coal,Thermal Coal,IHS McCloskey M42 - Indonesian 4200kc GAR FOB Ther,Merrill Lynch,22,1,1,LiquidityProvider,T,FY22
1400,1400,Contech L.P.,GAM,ActiveBroker,ActiveTrader,LiquidityProvider,MarketMaker,KOHBRENNA|TANSY,NLT,Client,84.7,7496.5,4.5,MEG,2022-06,USD,S007,2021,Q2,6,1H,928.8,Buy-Side,Aston Alliance Global Pte Ltd,Afghanistan,ActiveTrader,Academic,1,China,1800,688.86,9.675,0,Contech L.P.,Tier 1,Penny Pan Ranran,,Commods,Commods,Petchem,Petchem,Petchem,Petchem,ICIS MEG CFR China Swap,Deutsche,21,1,1,ActiveTrader,T,FY20
1400,1400,Contech L.P.,China,ActiveBroker,ActiveTrader,LiquidityProvider,MarketMaker,JUDGEM,Screen,House,900,185.25,822.0157786,MEGF,2023-08,USD,S560,2023,Q3,8,2H,0,PTG,Stevens Capital Management,Afghanistan,LiquidityProvider,Academic,1,Hong Kong,20,15779.538,417.96,0,Contech L.P.,Tier 1,Renaud Gocsei,,Commods,Commods,Petchem,Petchem,Petchem,Petchem,ICIS MEG CFR China Futures,SG Securities,21,1,1,LiquidityProvider,T,FY17
1400,1400,Contech L.P.,International Sales RM,ActiveBroker,ActiveTrader,LiquidityProvider,MarketMaker,KOHBRENNA,Screen,Client,4.5,1.04,240,MKP,2022-11,USD,S813,2022,Q4,11,2H,-793.8761108,Brokerage/Agency,Undisclosed,Afghanistan,ActiveTrader,Academic,1,SG ROA,2014,17.0151,1548,428.409,Contech L.P.,Tier 2,David Wang Lipeng,,Commods,Commods,Dairy,Dairy,Dairy,Dairy,SGX-NZX NZ Milk Price (MKP) Futures,Merrill Lynch,19,0.25,1,ActiveTrader,T,FY24
1400,1400,Contech L.P.,China,ActiveBroker,ActiveTrader,LiquidityProvider,MarketMaker,LIYAN,Screen,Client,359.8,0,2,MTWD,2023-04,USD,S866,2022,Q2,4,1H,1809.600198,Trading Firms,AHL-Man,Afghanistan,ActiveBroker,Academic,0.25,Hong Kong,3197,1317.735,332.82,0.041925,Contech L.P.,GAM,Renaud Gocsei,,Financials,FX/IR,FX,FX,MTWD,SGX TWD/USD FX (Micro) Futures,SGX TWD/USD FX (Micro) Futures,BPI,22,1,1,LiquidityProvider,T,FY12
1400,1400,Contech L.P.,Commodities Sales,ActiveBroker,ActiveTrader,LiquidityProvider,MarketMaker,TANBHS|LEEKJ,Screen,Client,1900,0,123.6,MUC,2022-07,USD,S138,2022,Q3,7,2H,-3490.460492,PTG,Japan Trustee Services,Afghanistan,LiquidityProvider,Academic,1,China,2602,220.59,1605.276,25771.878,Contech L.P.,Tier 1,omnibus,,Financials,FX/IR,FX,FX,MUC,USD/CNH Futures,USD/CNH FX Futures Mini,ADMIS,22,0.125,1,LiquidityProvider,T,FY20
1400,1400,Contech L.P.,International Sales RM,ActiveBroker,ActiveTrader,LiquidityProvider,MarketMaker,TOHL,Screen,Client,9522.23,0,279,NJ,2021-03,USD,S328,2020,Q1,3,1H,1199.7,Bank Trading Desks,Jefferies Singapore,Afghanistan,LiquidityProvider,Academic,1,Hong Kong,107,6592.8,90.8805,4082.751426,Contech L.P.,Tier 2,Brenna Koh,,Commods,Commods,Oil,Oil,Oil,Oil,Naphtha Swap CFR Japan,JP Morgan,22,1,1,ActiveBroker,T,FY17
1400,1400,Contech L.P.,SGROA NBS,ActiveBroker,ActiveTrader,LiquidityProvider,MarketMaker,WANGV,Screen,Client,1760,19.85352394,284,NKO,2022-05,USD,S020,2021,Q2,5,1H,1815.4815,PTG,Schonfeld Strategic,Afghanistan,ActiveTrader,Academic,0.25,Hong Kong,9559,71.595,3606.84,1287.606787,Contech L.P.,GAM,David Chiam,,Financials,Equity Derivatives,Equity,Equity Index,NKO,Nikkei 225 Options,Nikkei 225 Options,Goldman Sachs,22,1,1,ActiveTrader,T+1,FY24
1400,1400,Contech L.P.,China,ActiveBroker,ActiveTrader,LiquidityProvider,MarketMaker,LEEKJ,Screen,Client,1615.2,0,2119.2,NS,2024-12,USD,S092,2024,Q4,12,2H,-4.58e-15,Buy-Side,Robeco Institutional Asset Management,Afghanistan,MarketMaker,Academic,0.5,Europe,245,7.353,3394.248,0,Contech L.P.,Commods,Carl Davey,,Financials,Equity Derivatives,Equity,Equity Index,NS,NIKKEI 225 MINI,NIKKEI 225 MINI,Phillip,19,0.125,1,ActiveTrader,T,FY24
1400,1400,Contech L.P.,Commodities Sales,ActiveBroker,ActiveTrader,LiquidityProvider,MarketMaker,CHIALPL,Screen,Client,100,269.5550709,44,NSP,2023-03,USD,S328,2022,Q1,3,1H,1.29,Brokerage/Agency,Millennium Capital Management,Afghanistan,ActiveBroker,Academic,1,China,300,1135.2,516,916.158,Contech L.P.,Commods,Vivian Wang Min,,Financials,Equity Derivatives,Equity,MSCI NTR,MSCI NTR,MSCI Singapore NTR (USD) Index Futures,MSCI Singapore NTR (USD) Index Futures,Citigroup,22,1,1,LiquidityProvider,T,FY24
1400,1400,Contech L.P.,SGROA NBS,ActiveBroker,ActiveTrader,LiquidityProvider,MarketMaker,LUSHB,NLT,Client,49.5,0,431.55,RT,2023-09,USD,S389,2023,Q3,9,2H,123.84,Buy-Side,Grandly Financial Services Limited,Afghanistan,ActiveTrader,Academic,1,Omnibus,508,1517.04,18447,38990.895,Contech L.P.,GAM,Renaud Gocsei,,Commods,Commods,Rubber,Rubber,Rubber,Rubber,Rubber,BNP Paribas,21,1,1,LiquidityProvider,T,FY15
1400,1400,Contech L.P.,HK NBS,ActiveBroker,ActiveTrader,LiquidityProvider,MarketMaker,GOCSEIR,Screen,Client,5720,0,96,SMPO,2022-12,USD,S009,2022,Q4,12,2H,211.044,Bank Trading Desks,Vivienne Court Trading,Afghanistan,ActiveTrader,Academic,1,Hong Kong,19,251.55,261.225,47.988,Contech L.P.,Commods,Yan Xuan Li,,Commods,Commods,Dairy,Dairy,Dairy,Dairy,SGX-NZX Global Skim Milk Powder (SMP) Options,Citigroup,19,1,1,MarketMaker,T,FY14
1400,1400,Contech L.P.,International Sales RM,ActiveBroker,ActiveTrader,LiquidityProvider,MarketMaker,TANBHS|DAVEYC,NLT,Client,250,0,1806,ST,2022-02,SGD,S020,2021,Q1,2,1H,1793.616,PTG,CN First International Futures,Afghanistan,ActiveTrader,Academic,1,SG ROA,88,395.7075,283.8,0,Contech L.P.,Tier 1,Brenna Koh,,Financials,Equity Derivatives,Equity,Equity Index,ST,Straits Times Index Futures,Straits Times Index Futures,BPI,19,1,1,ActiveTrader,T+1,FY19
1400,1400,Contech L.P.,International Sales RM,ActiveBroker,ActiveTrader,LiquidityProvider,MarketMaker,LEEKJ,NLT,Client,10,223.08,31979.2,TFO,2021-10,USD,S061,2021,Q4,10,2H,-12689.0566,Trading Firms,Qube,Afghanistan,LiquidityProvider,Academic,0.125,Omnibus,901,102.54855,22159.104,39.25670534,Contech L.P.,Commods,Richard Wenk,,Commods,Commods,Rubber,Rubber,Rubber,Rubber,SICOM TSR 20 Rubber Options,Goldman Sachs,21,1,1,LiquidityProvider,T+1,FY16
1400,1400,Contech L.P.,SGROA RM,ActiveBroker,ActiveTrader,LiquidityProvider,MarketMaker,LUSHB,NLT,Client,48337.5,0,1852.5,TONA,2024-10,USD,S168,2024,Q4,10,2H,863.784,Brokerage/Agency,Robeco Institutional Asset Management,Afghanistan,LiquidityProvider,Academic,1,Omnibus,100,16.77,851.4,38164.98362,Contech L.P.,Commods,Brenna Koh,,Financials,FX/IR,Interest Rates,Interest Rates,TONA,SGX Three-Month Tokyo Overnight Average Rate (TONA) Futures,SGX Three-Month Tokyo Overnight Average Rate (TONA) Futures,Mizuho SG,21,1,1,MarketMaker,T,FY13
1400,1400,Contech L.P.,International Sales RM,ActiveBroker,ActiveTrader,LiquidityProvider,MarketMaker,LUSHB|KOHBRENNA,Screen,Client,77.5,161.2775321,99949.84934,TU,2021-01,SGD,S020,2020,Q1,1,1H,7105.1523,Buy-Side,JP Morgan House,Afghanistan,MarketMaker,Academic,0.25,USA,260,232.2,5082.2775,540.6519,Contech L.P.,Tier 1,Richard Wenk,,Financials,FX/IR,FX,FX,TU,THB/USD FX Futures,THB/USD FX Futures,HGNH,21,1,1,ActiveTrader,T,FY21
1400,1400,Contech L.P.,International Sales RM,ActiveBroker,ActiveTrader,LiquidityProvider,MarketMaker,WANGD,Screen,Client,218.69,0,281.7,TWD,2024-03,USD,S009,2023,Q1,3,1H,-4.097225707,Bank Trading Desks,Tylesworth,Afghanistan,MarketMaker,Academic,1,SG ROA,7,77.4,4622.3925,22541.87925,Contech L.P.,GAM,Britney Tan Hwee Sian,,Financials,FX/IR,FX,FX,TWD,TWD/USD FX Futures (Full-Sized),TWD/USD FX Futures (Full-Sized),SG Securities,21,1,1,LiquidityProvider,T+1,FY14
1400,1400,Contech L.P.,GAM,ActiveBroker,ActiveTrader,LiquidityProvider,MarketMaker,WANGV,NLT,Client,1200,0,113.76,UY,2024-02,USD,S350,2023,Q1,2,1H,3913.38226,PTG,Conda Capital Pte Ltd,Afghanistan,ActiveTrader,Academic,1,Hong Kong,7,2424.987329,962.34,0,Contech L.P.,Tier 2,Jun Won Lee,,Financials,FX/IR,FX,FX,UY,USD/JPY (STANDARD) FX,USD/JPY (STANDARD) FX,JP Morgan,21,1,1,MarketMaker,T+1,FY15
1400,1400,Contech L.P.,SGROA RM,ActiveBroker,ActiveTrader,LiquidityProvider,MarketMaker,TANBHS,Screen,Client,110193,0,631.84,WMP,2022-08,USD,S350,2022,Q3,8,2H,1744.596,PTG,Schonfeld Strategic,Afghanistan,MarketMaker,Academic,1,SG ROA,230,297.99,193.5,0,Contech L.P.,Tier 3,Jun Won Lee,,Commods,Commods,Dairy,Dairy,Dairy,Dairy,SGX-NZX Global Whole Milk Powder (WMP) Futures,Morgan Stanley,19,1,1,LiquidityProvider,T+1,FY16
1400,1400,Contech L.P.,SGROA RM,ActiveBroker,ActiveTrader,LiquidityProvider,MarketMaker,JUDGEM,Screen,Client,44650.9,0,25,WMPO,2023-07,USD,S009,2023,Q3,7,2H,1319.67,PTG,Undisclosed,Afghanistan,LiquidityProvider,Academic,1,Europe,847,294.378,3.87,0,Contech L.P.,Tier 3,Carl Davey,,Commods,Commods,Dairy,Dairy,Dairy,Dairy,SGX-NZX Global Whole Milk Powder (WMP) Options,IBKR,22,1,1,LiquidityProvider,T,FY14
1400,1400,Contech L.P.,China,ActiveBroker,ActiveTrader,LiquidityProvider,MarketMaker,CHIALPL,NLT,Client,328,613.3333333,1400,YDBS,2025-01,USD,S020,2024,Q1,1,1H,441.18,Trading Firms,Undisclosed,Afghanistan,LiquidityProvider,Academic,1,SG ROA,1389,741.75,2304.9075,518.1740013,Contech L.P.,Tier 2,Yan Xuan Li,,Financials,Equity Derivatives,Equity,SSF,Singapore SSF,Singapore Single Stock Futures,DBS Futures,JP Morgan,21,0.5,1,ActiveBroker,T,FY24
1400,1400,Contech L.P.,Omnibus,ActiveBroker,ActiveTrader,LiquidityProvider,MarketMaker,TOHL,Screen,Client,339,17.4,7345.273109,ZBAF,2022-09,SGD,S009,2022,Q3,9,2H,145.512,Buy-Side,Undisclosed,Afghanistan,MarketMaker,Academic,1,SG ROA,435,27.09,232.2,0,Contech L.P.,AMAO,David Wang Lipeng,,Financials,Equity Derivatives,Equity,SSF,Indian SSF,Indian Single Stock Futures,Bajaj Finance Futures,HGNH,22,1,1,LiquidityProvider,T,FY26
1400,1400,Contech L.P.,International Sales RM,ActiveBroker,ActiveTrader,LiquidityProvider,MarketMaker,GROTHK,Screen,Client,9051.7,141.7488948,52.8,ZBHA,2023-12,USD,S389,2023,Q4,12,2H,-7252.06276,Trading Firms,Guotai Junan,Afghanistan,LiquidityProvider,Academic,1,China,96,147.6,610.428,0,Contech L.P.,GAM,Richard Wenk,,Financials,Equity Derivatives,Equity,SSF,Indian SSF,Indian Single Stock Futures,Bharti Airtel Futures,JP Morgan,21,1,1,ActiveTrader,T,FY12
1400,1400,Contech L.P.,Commodities Sales,ActiveBroker,ActiveTrader,LiquidityProvider,MarketMaker,GOCSEIR,Screen,Client,288,0,91.5,ZBOS,2024-04,USD,S020,2023,Q2,4,1H,4578.984,Brokerage/Agency,Jump Trading,Afghanistan,ActiveTrader,Academic,1,SG ROA,338,945.4650813,1864.566,0,Contech L.P.,Commods,Richard Wenk,,Financials,Equity Derivatives,Equity,SSF,Indian SSF,Indian Single Stock Futures,Bosch Futures,ABN Amro,21,0.5,1,ActiveTrader,T,FY14
1400,1400,Contech L.P.,Commodities Sales,ActiveBroker,ActiveTrader,LiquidityProvider,MarketMaker,LEEJW,Screen,Client,505,0,1143.056232,ZCIP,2024-11,USD,S009,2024,Q4,11,2H,440.4576,Trading Firms,TFI Securities,Afghanistan,ActiveTrader,Academic,1,Hong Kong,9563,76.626,121589.853,508.905,Contech L.P.,China,Britney Tan Hwee Sian,,Financials,Equity Derivatives,Equity,SSF,Indian SSF,Indian Single Stock Futures,Cipla Ltd India Futures,BPI,21,1,1,ActiveTrader,T+1,FY15
1400,1400,Contech L.P.,China,ActiveBroker,ActiveTrader,LiquidityProvider,MarketMaker,LUSHB,Screen,Client,625,0,1261.26,ZCOA,2021-06,USD,S009,2020,Q2,6,1H,3639.735,Buy-Side,HSBC House,Afghanistan,ActiveTrader,Academic,1,SG ROA,9160,387,5.676,14881.9431,Contech L.P.,Commods,Craig Cohen,,Financials,Equity Derivatives,Equity,SSF,Indian SSF,Indian Single Stock Futures,Coal India Futures,KGI,19,0.5,1,LiquidityProvider,T+1,FY12
1400,1400,Contech L.P.,China,ActiveBroker,ActiveTrader,LiquidityProvider,MarketMaker,LIYAN,Screen,Client,13,8,125,ZHCL,2024-05,USD,S660,2023,Q2,5,1H,230.2005,Buy-Side,Qube,Afghanistan,ActiveTrader,Academic,1,SG ROA,10,4.386,32.25,0,Contech L.P.,Tier 2,Renaud Gocsei,,Financials,Equity Derivatives,Equity,SSF,Indian SSF,Indian Single Stock Futures,HCL Technologies Futures,DBS Vickers,21,1,1,LiquidityProvider,T,FY15
1400,1400,Contech L.P.,Omnibus,ActiveBroker,ActiveTrader,LiquidityProvider,MarketMaker,KOHBRENNA|DAVEYC,Screen,Client,4907.82,7863,3300,ZHDB,2022-03,USD,S168,2021,Q1,3,1H,36.765,Brokerage/Agency,Axia Trading,Afghanistan,LiquidityProvider,Academic,1,Europe,365,87.204,195.048,0,Contech L.P.,Tier 2,Richard Wenk,,Financials,Equity Derivatives,Equity,SSF,Indian SSF,Indian Single Stock Futures,HDFC Bank Futures,Morgan Stanley,21,0.5,1,LiquidityProvider,T+1,FY25
1400,1400,Contech L.P.,Commodities Sales,ActiveBroker,ActiveTrader,LiquidityProvider,MarketMaker,KOHBRENNA,Screen,Client,97.6,855.33,1625,ZHPC,2021-05,USD,S288,2020,Q2,5,1H,61.404,Brokerage/Agency,Theme,Afghanistan,ActiveTrader,Academic,1,Hong Kong,346,4963.662,3.225,4.595625,Contech L.P.,GAM,Vivian Wang Min,,Financials,Equity Derivatives,Equity,SSF,Indian SSF,Indian Single Stock Futures,Hindustan Petroleum Corp Futures,CIMB,21,1,1,MarketMaker,T,FY22
1400,1400,Contech L.P.,International Sales RM,ActiveBroker,ActiveTrader,LiquidityProvider,MarketMaker,WANGD,Screen,Client,41.6,109.1975156,31.5,ZIIB,2022-04,USD,S020,2021,Q2,4,1H,309.6,Buy-Side,Fidelity Management & Research Co.,Afghanistan,LiquidityProvider,Academic,1,China,2,129.15,2710.1,0,Contech L.P.,China,Yan Xuan Li,,Financials,Equity Derivatives,Equity,SSF,Indian SSF,Indian Single Stock Futures,IndusInd Bank Futures,Barclays,18,1,1,ActiveTrader,T,FY24
1400,1400,Contech L.P.,America NBS,ActiveBroker,ActiveTrader,LiquidityProvider,MarketMaker,LIYAN,NLT,House,12439.4,0,200,ZINF,2025-07,SGD,S009,2025,Q3,7,2H,455.112,Trading Firms,Anglo American,Afghanistan,LiquidityProvider,Academic,1,SG ROA,15,580.9514335,1451.25,0,Contech L.P.,Tier 3,Penny Pan Ranran,,Financials,Equity Derivatives,Equity,SSF,Indian SSF,Indian Single Stock Futures,Infosys Futures,ABN Amro,21,0.25,1,MarketMaker,T,FY15
1400,1400,Contech L.P.,GAM,ActiveBroker,ActiveTrader,LiquidityProvider,MarketMaker,LIYAN,Screen,Client,13,0,1314,ZMM,2024-09,USD,S009,2024,Q3,9,2H,7114.866,Buy-Side,Direct Access,Afghanistan,LiquidityProvider,Academic,1,SG ROA,419,0.774,530.964,0,Contech L.P.,Commods,Britney Tan Hwee Sian,,Financials,Equity Derivatives,Equity,SSF,Indian SSF,Indian Single Stock Futures,Mahindra & Mahindra Futures,KGI,21,0.5,1,ActiveTrader,T,FY15
1400,1400,Contech L.P.,GAM,ActiveBroker,ActiveTrader,LiquidityProvider,MarketMaker,CHIALPL|TANSY,NLT,Client,7.8,0,638,ZNTP,2021-02,USD,S560,2020,Q1,2,1H,13163.3535,Trading Firms,ABS Commodity Trading Company,Afghanistan,ActiveTrader,Academic,1,China,278.5,-7602.209945,27.09,9279.228,Contech L.P.,China,Vivian Wang Min,,Financials,Equity Derivatives,Equity,SSF,Indian SSF,Indian Single Stock Futures,NTPC Futures,Morgan Stanley,21,0.25,1,ActiveTrader,T,FY17
1400,1400,Contech L.P.,International Sales RM,ActiveBroker,ActiveTrader,LiquidityProvider,MarketMaker,WANGD|WANGV,Screen,Client,21,0,1863.235415,ZONG,2021-11,USD,S660,2021,Q4,11,2H,-197.36434,Buy-Side,Morgan Stanley House,Afghanistan,MarketMaker,Academic,1,USA,425,32.895,743.556,0,Contech L.P.,Tier 2,David Chiam,,Financials,Equity Derivatives,Equity,SSF,Indian SSF,Indian Single Stock Futures,Oil & Natural Gas Corp Futures,Morgan Stanley,20,1,1,ActiveBroker,T,FY22
1400,1400,Contech L.P.,America NBS,ActiveBroker,ActiveTrader,LiquidityProvider,MarketMaker,LUSHB,Screen,Client,1095.4,3962.2,2543.899536,ZPWG,2023-11,USD,S092,2023,Q4,11,2H,0.5805,Trading Firms,Goldman Sachs Omnibus,Afghanistan,ActiveBroker,Academic,1,USA,285445,3.87,387,0,Contech L.P.,Tier 1,Richard Wenk,,Financials,Equity Derivatives,Equity,SSF,Indian SSF,Indian Single Stock Futures,Power Grid Corp of India Futures,Morgan Stanley,19,1,1,MarketMaker,T,FY12
1400,1400,Contech L.P.,International Sales RM,ActiveBroker,ActiveTrader,LiquidityProvider,MarketMaker,GROTHK|JUDGEM,Screen,Client,2290,0,443.52,ZRILA,2025-05,SGD,S020,2024,Q2,5,1H,17049.285,PTG,Xiangyu Singapore,Afghanistan,LiquidityProvider,Academic,1,Europe,50,1364.5104,30.186,0,Contech L.P.,Tier 2,Jun Won Lee,,Financials,Equity Derivatives,Equity,SSF,Indian SSF,Indian Single Stock Futures,Reliance Industries Futures,DBS Vickers,22,1,1,LiquidityProvider,T,FY25
1400,1400,Contech L.P.,HK NBS,ActiveBroker,ActiveTrader,LiquidityProvider,MarketMaker,LIYAN,Screen,Client,15400,12.75,2321,ZSBI,2025-04,USD,S883,2024,Q2,4,1H,100.62,Buy-Side,Holaspa Global Trading,Afghanistan,LiquidityProvider,Academic,1,China,34.75,2044.908,1559.61,0,Contech L.P.,Tier 1,Renaud Gocsei,,Financials,Equity Derivatives,Equity,SSF,Indian SSF,Indian Single Stock Futures,State Bank of India Futures,SG Securities,18,1,1,LiquidityProvider,T,FY22
1400,1400,Contech L.P.,Commodities Sales,ActiveBroker,ActiveTrader,LiquidityProvider,MarketMaker,TOHL,NLT,Client,21,7.5,103.5,ZSEA,2025-08,USD,S888,2025,Q3,8,2H,16430.085,PTG,Newport Metal Ltd.,Afghanistan,LiquidityProvider,Academic,1,Omnibus,669,497.295,464.4,0,Contech L.P.,Tier 1,Bobby Lush,,Financials,Equity Derivatives,Equity,SSF,USA SSF,USA Single Stock Futures,SEA Futures,SG Securities,20,1,1,LiquidityProvider,T+1,FY15
1400,1400,Contech L.P.,SGROA RM,ActiveBroker,ActiveTrader,LiquidityProvider,MarketMaker,COHENC,Screen,Client,18915,0,720,ZTAM,2023-06,USD,S061,2022,Q2,6,1H,12681.216,Others,Tylesworth,Afghanistan,LiquidityProvider,Academic,0.25,SG ROA,2,767.808,154.8,445.05,Contech L.P.,Commods,Julie Joseph,,Financials,Equity Derivatives,Equity,SSF,Indian SSF,Indian Single Stock Futures,Tata Motors Passenger Vehicles Futures,HSBC,20,0.25,1,LiquidityProvider,T,FY22
1400,1400,Contech L.P.,GAM,ActiveBroker,ActiveTrader,LiquidityProvider,MarketMaker,LUSHB|TANBHS,NLT,Client,83088.6,0,2286.7,ZTAT,2024-08,USD,S011,2024,Q3,8,2H,1.032,Buy-Side,Minghong Capital (Hong Kong),Afghanistan,ActiveBroker,Academic,1,China,2869,3331.812,58.05,0,Contech L.P.,Commods,Britney Tan Hwee Sian,,Financials,Equity Derivatives,Equity,SSF,Indian SSF,Indian Single Stock Futures,Tata Steel Futures,JP Morgan,18,1,1,LiquidityProvider,T,FY16
1400,1400,Contech L.P.,International Sales RM,ActiveBroker,ActiveTrader,LiquidityProvider,MarketMaker,GROTHK,Screen,Client,0.6,0,38.5,ZTCS,2023-05,USD,S020,2022,Q2,5,1H,20059.01625,Trading Firms,Citigroup Prop,Afghanistan,ActiveTrader,Academic,1,SG ROA,200,56.244,390.096,85.656,Contech L.P.,China,Lily Chia,,Financials,Equity Derivatives,Equity,SSF,Indian SSF,Indian Single Stock Futures,Tata Consult Svc Futures,SG Securities,19,1,1,LiquidityProvider,T,FY22
1400,1400,Contech L.P.,SGROA RM,ActiveBroker,ActiveTrader,LiquidityProvider,MarketMaker,LEEJW,Screen,Client,231,904.0941413,180,ZTEC,2024-01,USD,S288,2023,Q1,1,1H,270.126,Brokers Prop,Balyasny Asset Management,Afghanistan,ActiveTrader,Academic,1,Europe,10,1151.325,229.362,7986.083625,Contech L.P.,Tier 1,David Wang Lipeng,,Financials,Equity Derivatives,Equity,SSF,Indian SSF,Indian Single Stock Futures,Tech Mahindra Futures,Merrill Lynch,22,1,1,LiquidityProvider,T,FY25
1400,1400,Contech L.P.,China,ActiveBroker,ActiveTrader,LiquidityProvider,MarketMaker,KOHBRENNA|LEEKJ,NLT,Client,7.2,101.5,10.5,ZUTC,2025-02,USD,S350,2024,Q1,2,1H,0.516,Buy-Side,Noboru International FZCO,Afghanistan,ActiveTrader,Academic,0.25,Europe,0,158.67,39.732,92.88,Contech L.P.,GAM,Bobby Lush,,Financials,Equity Derivatives,Equity,SSF,Indian SSF,Indian Single Stock Futures,UltraTech Cement Futures,SG Securities,22,1,1,LiquidityProvider,T,FY17
1400,1400,Contech L.P.,China,ActiveBroker,ActiveTrader,LiquidityProvider,MarketMaker,LIYAN,NLT,Client,1272,0,1200,ZVDA,2021-04,USD,S009,2020,Q2,4,1H,2193,Buy-Side,Phillip Capital Sdn Bhd,Afghanistan,ActiveTrader,Academic,1,Hong Kong,3691,268.965,3825.624,20.7948,Contech L.P.,Commods,Yan Xuan Li,,Financials,Equity Derivatives,Equity,SSF,Indian SSF,Indian Single Stock Futures,Vedanta Limited Futures,BPI,21,1,1,ActiveTrader,T+1,FY25
1421,1421,DBS,SGROA RM,ActiveBroker,ActiveTrader,LiquidityProvider,MarketMaker,LUSHB,NLT,Client,5830,0,60,BZ,2025-02,USD,S009,2024,Q1,2,1H,138.804,PTG,Florin Court Capital,Singapore,MarketMaker,Asset Management,0.5,China,8673,0.7095,2.838,0,DBS,Tier 3,Tan Say Liang,,Commods,Commods,Petchem,Petchem,Petchem,Petchem,Platts BZ FOB Korea Swap,CIMB,21,1,1,ActiveTrader,T,FY22
1421,1421,DBS,Commodities Sales,ActiveBroker,ActiveTrader,LiquidityProvider,MarketMaker,TANBHS|GOCSEIR,NLT,Client,2,0,80.3,BZN,2024-12,USD,S020,2024,Q4,12,2H,1478.34,Buy-Side,Honors Commodity Hong Kong Company Limited,Singapore,MarketMaker,Asset Management,1,Europe,10,42.57,6281.01,0,DBS,Tier 1,omnibus,,Commods,Commods,Petchem,Petchem,Petchem,Petchem,BZ-Naphtha Spread Swap,UBS Futures,19,1,1,LiquidityProvider,T+1,FY26
1421,1421,DBS,America NBS,ActiveBroker,ActiveTrader,LiquidityProvider,MarketMaker,MACCHIONEP,Screen,Client,537,20.4,-1770.469081,CN,2024-05,USD,S813,2023,Q2,5,1H,2154.042,Brokerage/Agency,Jinrui Futures,Singapore,LiquidityProvider,Asset Management,1,SG ROA,2,9442.8,118.293,0,DBS,Tier 1,Britney Tan Hwee Sian,,Financials,Equity Derivatives,Equity,Equity Index,CN,China A50 Index Futures,China A50 Index Futures,JP Morgan,21,0.5,1,LiquidityProvider,T+1,FY23
1421,1421,DBS,SGROA NBS,ActiveBroker,ActiveTrader,LiquidityProvider,MarketMaker,LUSHB|KOHBRENNA,Screen,Client,360,0,138,CZFO,2022-12,USD,S323,2022,Q4,12,2H,654.675,PTG,Honors Commodity Hong Kong Company Limited,Singapore,LiquidityProvider,Asset Management,1,SG ROA,366,359.5875,251.808,0,DBS,China,Brenna Koh,,Commods,Commods,FFA,FFA,FFA,FFA,SGX Options on Baltic Capesize Time Charter Average (5 Routes) 182 Futures,StoneX,22,0.5,1,LiquidityProvider,T,FY17
1421,1421,DBS,China,ActiveBroker,ActiveTrader,LiquidityProvider,MarketMaker,LUSHB,NLT,Client,16080,0,300,FCH,2024-11,USD,S389,2024,Q4,11,2H,2270.4,Buy-Side,UBS Omnibus,Singapore,ActiveBroker,Asset Management,1,China,151,4.3344,215.43,0,DBS,GAM,Jason Lee,,Financials,Equity Derivatives,Equity,Equity Index,FCH,FTSE China H50 Index Futures,FTSE China H50 Index Futures,Merrill Lynch,21,1,1,LiquidityProvider,T,FY24
1421,1421,DBS,Commodities Sales,ActiveBroker,ActiveTrader,LiquidityProvider,MarketMaker,TANBHS|LEEKJ,Screen,Client,267,0,117,FEF,2024-10,USD,S061,2024,Q4,10,2H,875.007,Buy-Side,Citadel Energy Investments Ltd.,Singapore,ActiveTrader,Asset Management,0.25,SG ROA,1520,69.83998882,1419,0,DBS,GAM,Vivian Wang Min,,Commods,Commods,Iron ore,Iron ore,Iron Ore,Iron ore,TSI Iron Ore CFR China (62% Fe Fines) Index Future,JP Morgan,19,1,1,LiquidityProvider,T,FY23
1421,1421,DBS,Commodities Sales,ActiveBroker,ActiveTrader,LiquidityProvider,MarketMaker,JUDGEM,Screen,Client,3600,0,2244.45,FEFO,2024-07,USD,S020,2024,Q3,7,2H,258,Trading Firms,EP Resources,Singapore,ActiveTrader,Asset Management,1,USA,2,3086.325,356.7,0,DBS,Tier 2,David Wang Lipeng,,Commods,Commods,Iron ore,Iron ore,Iron Ore,Iron ore,TSI Iron Ore CFR China (62% FE Fines) Index Future,Citigroup,19,1,1,ActiveBroker,T,FY12
1421,1421,DBS,China,ActiveBroker,ActiveTrader,LiquidityProvider,MarketMaker,LIYAN,Screen,Client,3185.6,0,60,HAF,2024-02,USD,S001,2023,Q1,2,1H,5280,Buy-Side,Optimus Commodities,Singapore,MarketMaker,Asset Management,0.25,China,50,3339.81,1433.19,490.10325,DBS,Tier 2,Brenna Koh,,Commods,Commods,FFA,FFA,FFA,FFA,SGX Baltic Handysize Time Charter Average (4 Routes) ATL Futures,HGNH,18,1,1,ActiveTrader,T+1,FY15
1421,1421,DBS,GAM,ActiveBroker,ActiveTrader,LiquidityProvider,MarketMaker,KOHBRENNA|LEEKJ,Screen,Client,1346.85,0,4,HKC,2022-05,SGD,S020,2021,Q2,5,1H,0.516,Brokers Prop,Mingri Holdings,Singapore,MarketMaker,Asset Management,1,China,12,154.8,276.7308,0,DBS,Commods,Britney Tan Hwee Sian,,Financials,FX/IR,FX,FX,HKC,HKD/CNH Futures,HKD/CNH Futures,JP Morgan,22,1,1,MarketMaker,T,FY15
1421,1421,DBS,SGROA NBS,ActiveBroker,ActiveTrader,LiquidityProvider,MarketMaker,KOHBRENNA|LIJZ,NLT,Client,207.05,0,670,HKU,2021-05,USD,S560,2020,Q2,5,1H,167.7,Buy-Side,TTG Capital,Singapore,LiquidityProvider,Asset Management,1,SG ROA,129,73546.77,3929.9205,0,DBS,Omnibus,Renaud Gocsei,,Financials,FX/IR,FX,FX,HKU,HKD/USD Futures,HKD/USD Futures,SG Securities,21,1,1,LiquidityProvider,T,FY19
1421,1421,DBS,SGROA RM,ActiveBroker,ActiveTrader,LiquidityProvider,MarketMaker,LUSHB,Screen,Client,37,0,7442.44,IN10,2022-07,USD,S061,2022,Q3,7,2H,6144.27,Bank Trading Desks,Wells Fargo Securities,Singapore,LiquidityProvider,Asset Management,1,Hong Kong,1845,5.805,48.375,119.196,DBS,Tier 2,Renaud Gocsei,,Financials,FX/IR,Interest Rates,Interest Rates,AGB,SGX FTSE 10-Year India Government Bond Futures,SGX FTSE 10-Year India Government Bond Futures,JP Morgan,19,0.25,1,MarketMaker,T,FY22
1421,1421,DBS,China,ActiveBroker,ActiveTrader,LiquidityProvider,MarketMaker,WANGD,Screen,Client,5225,0,-600,INX,2023-09,USD,S660,2023,Q3,9,2H,1548,Brokerage/Agency,Ovata Capital Management,Singapore,ActiveBroker,Asset Management,1,SG ROA,20.25,2547.75,1806,0,DBS,Omnibus,Lily Chia,,Financials,FX/IR,FX,FX,INX,INR/USD FX Month End Futures,INR/USD FX Month End Futures,KGI,21,1,1,ActiveTrader,T+1,FY24
1421,1421,DBS,Europe NBS,ActiveBroker,ActiveTrader,LiquidityProvider,MarketMaker,KOHBRENNA|TANBHS,Screen,Client,2626.4,551.8942606,235.4,IU,2024-06,USD,S886,2023,Q2,6,1H,64.5,Others,Virtu Financial,Singapore,ActiveBroker,Asset Management,1,SG ROA,136,1083.6,3320.46,0,DBS,Tier 1,David Wang Lipeng,,Financials,FX/IR,FX,FX,IU,INR/USD FX Futures,INR/USD Futures,DBS Vickers,18,1,1,LiquidityProvider,T,FY19
1421,1421,DBS,Commodities Sales,ActiveBroker,ActiveTrader,LiquidityProvider,MarketMaker,CHIALPL,Screen,Client,1562.67,0,5,LIHF,2025-08,USD,S560,2025,Q3,8,2H,24123,Trading Firms,Millennium Capital Management,Singapore,LiquidityProvider,Asset Management,0.125,SG ROA,71,-68.68805172,1475.76,0,DBS,China,Craig Cohen,,Commods,Commods,Energy Metals,Energy Metals,Energy Metals,Energy Metals,SGX FM Lithium Hydroxide CIF CJK (Battery Grade) Futures,GH Financials,21,0.5,1,ActiveBroker,T,FY15
1421,1421,DBS,GAM,ActiveBroker,ActiveTrader,LiquidityProvider,MarketMaker,KOHBRENNA,Screen,Client,105.6,0,7.78,M65F,2025-06,USD,S111,2024,Q2,6,1H,10049.3451,Buy-Side,Watchaivathol,Singapore,MarketMaker,Asset Management,1,Europe,284,112.875,884.682,0,DBS,Tier 3,Renaud Gocsei,,Commods,Commods,Iron ore,Iron ore,Iron Ore,Iron ore,MB Iron Ore CFR China (65% Fe Fines) Index Futures,KGI,21,1,1,LiquidityProvider,T,FY17
1421,1421,DBS,China,ActiveBroker,ActiveTrader,LiquidityProvider,MarketMaker,LUSHB,Screen,Client,33,934.4768849,1188.135,MCF,2024-01,USD,S660,2023,Q1,1,1H,1118.0301,PTG,Undisclosed,Singapore,LiquidityProvider,Asset Management,1,Hong Kong,289,1767.3,6353.25,0,DBS,Tier 3,Paul Macchione,,Commods,Commods,Petchem,Petchem,MCF,ICIS Methanol CFR CN Futures,ICIS Methanol CFR CN Futures,Barclays,18,1,1,ActiveTrader,T+1,FY15
1421,1421,DBS,AMAO,ActiveBroker,ActiveTrader,LiquidityProvider,MarketMaker,LEEKJ|WENKR,Screen,Client,3900,0,3819,MCNAX,2023-05,USD,S898,2022,Q2,5,1H,201.24,Buy-Side,Citigroup Prop,Singapore,LiquidityProvider,Asset Management,0.5,Omnibus,110,499.5166266,1421.8,2.734429842,DBS,Commods,John Hogger,,Financials,Equity Derivatives,Equity,Equity Index,MCA,MSCI AC Asia Ex Japan Climate Action Index Net USD,MSCI AC Asia Ex Japan Climate Action Index Net USD,HGNH,21,1,1,LiquidityProvider,T,FY19
1421,1421,DBS,Commodities Sales Europe,ActiveBroker,ActiveTrader,LiquidityProvider,MarketMaker,MACCHIONEP,NLT,Client,70.2,0,26846.8,MCNWO,2023-08,USD,S660,2023,Q3,8,2H,283.8,Trading Firms,Balyasny Asset Management,Singapore,ActiveBroker,Asset Management,1,SG ROA,247,-259.9309459,11645.07188,0,DBS,Commods,Toh Li,,Financials,Equity Derivatives,Equity,Equity Index,MCA,MSCI World Climate Action Index Net USD,MSCI World Climate Action Index Net USD,Mizuho SG,22,0.5,1,LiquidityProvider,T,FY23
1421,1421,DBS,China,ActiveBroker,ActiveTrader,LiquidityProvider,MarketMaker,KOHBRENNA|TANBHS,Screen,Client,3786,0,-4163.522013,MF5F,2025-04,USD,S078,2024,Q2,4,1H,619.2,Buy-Side,Undisclosed,Singapore,ActiveTrader,Asset Management,1,China,48,0,48955.5,0,DBS,Omnibus,Tan Say Liang,,Commods,Commods,Oil,Oil,Oil,Oil,Platts Marine Fuel 0.5% FOB Singapore Futures,StoneX,21,1,1,MarketMaker,T,FY19
1421,1421,DBS,GAM,ActiveBroker,ActiveTrader,LiquidityProvider,MarketMaker,GROTHK,Screen,Client,88,0,21406.7,MKPO,2022-06,USD,S288,2021,Q2,6,1H,421.83,PTG,Tylesworth,Singapore,ActiveTrader,Asset Management,1,Omnibus,525,29.67,1508.01,0,DBS,Tier 2,Vivian Wang Min,,Commods,Commods,Dairy,Dairy,Dairy,Dairy,SGX-NZX NZ Milk Price (MKP) Options,DBS Vickers,18,1,1,LiquidityProvider,T,FY19
1421,1421,DBS,GAM,ActiveBroker,ActiveTrader,LiquidityProvider,MarketMaker,KOHBRENNA,NLT,Client,3,4380.269902,1594.56,MX,2023-10,USD,S108,2023,Q4,10,2H,373.1,Buy-Side,CES Commodities (HK) Limited,Singapore,LiquidityProvider,Asset Management,1,SG ROA,38771,5514.75,6390.9825,75.01534108,DBS,Tier 3,Britney Tan Hwee Sian,,Commods,Commods,Petchem,Petchem,Petchem,Petchem,SGX ICIS Isomer MX FOB Korea Swap,JP Morgan,21,1,1,LiquidityProvider,T+1,FY18
1421,1421,DBS,Commodities Sales,ActiveBroker,ActiveTrader,LiquidityProvider,MarketMaker,WANGV,NLT,Client,345,7153.491239,-3863.37,NK,2024-09,USD,S092,2024,Q3,9,2H,347.0616,Buy-Side,Ark International Group,Singapore,MarketMaker,Asset Management,1,SG ROA,23,1197.765,5224.5,0,DBS,GAM,Britney Tan Hwee Sian,,Financials,Equity Derivatives,Equity,Equity Index,NK,Nikkei 225 Index Futures,Nikkei 225 Index Futures,Phillip,21,1,1,ActiveTrader,T,FY17
1421,1421,DBS,SGROA NBS,ActiveBroker,ActiveTrader,LiquidityProvider,MarketMaker,CHIALPL,Screen,House,212.5,87.50539957,970.1772713,NU,2023-07,USD,S001,2023,Q3,7,2H,368.424,Brokerage/Agency,AHL-Man,Singapore,ActiveTrader,Asset Management,1,Hong Kong,971,129,56.76,0,DBS,Tier 1,Britney Tan Hwee Sian,,Financials,Equity Derivatives,Equity,Equity Index,NU,USD Nikkei 225 Index Futures,USD Nikkei 225 Index Futures,Morgan Stanley,21,1,1,LiquidityProvider,T,FY14
1421,1421,DBS,Commodities Sales,ActiveBroker,ActiveTrader,LiquidityProvider,MarketMaker,KOHBRENNA|TANBHS,Screen,Client,1,0,52.8,PX,2025-03,USD,S078,2024,Q1,3,1H,7301.4645,Brokerage/Agency,Theme,Singapore,LiquidityProvider,Asset Management,1,SG ROA,130,125062.92,7.2498,32.25,DBS,Tier 1,Carl Davey,,Commods,Commods,Petchem,Petchem,Petchem,Petchem,Platts PX CFR Taiwan/China Swap,Barclays,21,1,1,ActiveBroker,T+1,FY23
1421,1421,DBS,International Sales RM,ActiveBroker,ActiveTrader,LiquidityProvider,MarketMaker,LUSHB,NLT,Client,23041,0,17446,PXF,2025-05,USD,S560,2024,Q2,5,1H,17020.26,Brokerage/Agency,D.E. Shaw,Singapore,LiquidityProvider,Asset Management,0.25,Europe,209,13.158,3049.56,0,DBS,Tier 2,Bobby Lush,,Commods,Commods,Petchem,Petchem,Petchem,Petchem,Platts PX CFR Taiwan/China Futures,Phillip,18,1,1,ActiveTrader,T,FY22
1421,1421,DBS,China,ActiveBroker,ActiveTrader,LiquidityProvider,MarketMaker,JUDGEM,NLT,Client,1099.15,0,1.2,PXN,2025-07,USD,S350,2025,Q3,7,2H,109.65,Trading Firms,Aspect Capital Limited,Singapore,ActiveBroker,Asset Management,1,USA,800,1145.040177,2949.843,0,DBS,China,Paul Macchione,,Commods,Commods,Petchem,Petchem,Petchem,Petchem,PX-Naphtha Spread Swaps,Goldman Sachs,22,1,1,LiquidityProvider,T,FY17
1421,1421,DBS,International Sales RM,ActiveBroker,ActiveTrader,LiquidityProvider,MarketMaker,LIYAN,Screen,Client,159,22.5,352,PXNF,2024-04,USD,S001,2023,Q2,4,1H,80.6,Others,Citigroup Omnibus,Singapore,MarketMaker,Asset Management,1,China,1100,36.28125,8524.6425,0,DBS,Tier 1,Craig Cohen,,Commods,Commods,Petchem,Petchem,Petchem,Petchem,PX-Naphtha Spread Futures,SG Securities,19,1,1,ActiveTrader,T,FY23
1421,1421,DBS,International Sales RM,ActiveBroker,ActiveTrader,LiquidityProvider,MarketMaker,GOCSEIR,Screen,Client,1366,0,3374,RBF,2021-02,USD,S001,2020,Q1,2,1H,1021.68,Buy-Side,Jump Trading,Singapore,LiquidityProvider,Asset Management,1,Omnibus,1021,908.16,197.0475,1899.396,DBS,Commods,Brenna Koh,,Commods,Commods,Rebar,Rebar,Rebar,Rebar,SGX Mysteel Shanghai Rebar (USD) Futures,Morgan Stanley,21,1,1,LiquidityProvider,T+1,FY16
1421,1421,DBS,Commodities Sales,ActiveBroker,ActiveTrader,LiquidityProvider,MarketMaker,WANGD,NLT,Client,199,4945.26,915.2,SGP,2024-08,USD,S088,2024,Q3,8,2H,166.152,Trading Firms,HRTC,Singapore,LiquidityProvider,Asset Management,0.25,SG ROA,36,1870.629,28.38,0,DBS,Tier 2,Kenny Groth,,Financials,Equity Derivatives,Equity,Equity Index,SGP,MSCI Singapore Free Index Futures,MSCI Singapore Free Index Futures,Morgan Stanley,19,0.125,1,LiquidityProvider,T,FY15
1421,1421,DBS,International Sales RM,ActiveBroker,ActiveTrader,LiquidityProvider,MarketMaker,TANBHS|WENKR,NLT,Client,57.6,0,651.6163704,SMC,2021-10,USD,S168,2021,Q4,10,2H,290.25,Brokerage/Agency,Marshall Wace,Singapore,ActiveBroker,Asset Management,0.25,Europe,936,1161,2960.034,0.764819343,DBS,Tier 1,Britney Tan Hwee Sian,,Commods,Commods,Petchem,Petchem,Petchem,Petchem,ICIS SM CFR China Swap,HGNH,22,1,1,MarketMaker,T+1,FY16
1421,1421,DBS,SGROA RM,ActiveBroker,ActiveTrader,LiquidityProvider,MarketMaker,GROTHK,NLT,House,3121.5,57052.74144,4924.8,SND,2021-08,USD,S011,2021,Q3,8,2H,7979.94,PTG,AHL-Man,Singapore,LiquidityProvider,Asset Management,1,SG ROA,11,205.11,4824.6,0,DBS,Commods,Carl Davey,,Financials,FX/IR,FX,FX,SND,USD/SGD FX Futures (Full-sized),USD/SGD FX Futures (Full-Sized),Merrill Lynch,19,1,1,ActiveTrader,T+1,FY17
1421,1421,DBS,GAM,ActiveBroker,ActiveTrader,LiquidityProvider,MarketMaker,LUSHB|KOHBRENNA,Screen,Client,122.67,0,209,SWFO,2022-09,USD,S007,2022,Q3,9,2H,173.118,Buy-Side,Tylesworth,Singapore,LiquidityProvider,Asset Management,0.25,Omnibus,12934.25,3475.5825,29.9925,3762.230175,DBS,Tier 2,Kenny Groth,,Commods,Commods,FFA,FFA,FFA,FFA,SWFO,DBS Vickers,21,1,1,ActiveBroker,T,FY19
1421,1421,DBS,Omnibus,ActiveBroker,ActiveTrader,LiquidityProvider,MarketMaker,KOHBRENNA|TANBHS,NLT,Client,4109.7,187,-900,SZFO,2023-06,USD,S020,2022,Q2,6,1H,677.25,Buy-Side,Citigroup Prop,Singapore,MarketMaker,Asset Management,1,Hong Kong,10,86.688,4.644,164.7146128,DBS,Commods,Bobby Lush,,Commods,Commods,FFA,FFA,FFA,FFA,SGX Baltic Supramax Time Charter Average (11 Routes) Swap,Goldman Sachs,19,0.25,1,LiquidityProvider,T,FY14
1421,1421,DBS,Commodities Sales,ActiveBroker,ActiveTrader,LiquidityProvider,MarketMaker,TANBHS,Screen,Client,273638.2,516,254.4,TD,2022-03,USD,S020,2021,Q1,3,1H,1032,Buy-Side,Balyasny Asset Management,Singapore,ActiveTrader,Asset Management,1,Europe,1182,9233.433,928.8,0,DBS,Omnibus,Kenneth Ng Say Chong,,Financials,FX/IR,FX,FX,TD,TWD/USD FX Futures (Mini),TWD/USD FX Futures (Mini),Marex,22,1,1,MarketMaker,T,FY26
1421,1421,DBS,Omnibus,ActiveBroker,ActiveTrader,LiquidityProvider,MarketMaker,LEEJW,NLT,Client,2530,0,60,TWN,2025-01,USD,S888,2024,Q1,1,1H,114.8745,Brokerage/Agency,Undisclosed,Singapore,MarketMaker,Asset Management,1,USA,140,27.09,1631.85,15225.1605,DBS,Omnibus,Craig Cohen,,Financials,Equity Derivatives,Equity,Equity Index,TWN,FTSE Taiwan Index Futures,FTSE Taiwan Index Futures,Barclays,20,1,1,LiquidityProvider,T,FY26
1421,1421,DBS,HK NBS,ActiveBroker,ActiveTrader,LiquidityProvider,MarketMaker,TOHL,Screen,Client,278.3,18246.65811,51208,TWNO,2023-02,USD,S009,2022,Q1,2,1H,-46.69596377,Trading Firms,President Futures Agency,Singapore,LiquidityProvider,Asset Management,0.5,USA,621,1083.6,6.45,6993.87045,DBS,GAM,Renaud Gocsei,,Financials,Equity Derivatives,Equity,Equity Index,TWNO,FTSE Taiwan Index Options,FTSE Taiwan Index Options,KGI,18,1,1,LiquidityProvider,T,FY22
1421,1421,DBS,Commodities Sales Europe,ActiveBroker,ActiveTrader,LiquidityProvider,MarketMaker,LUSHB,Screen,House,39,3868.8,1179.886968,UC,2025-09,USD,S007,2025,Q3,9,2H,464.4,Buy-Side,Guangfa Futures,Singapore,LiquidityProvider,Asset Management,1,USA,351.75,289.3317006,261.612,0,DBS,GAM,Yan Xuan Li,,Financials,FX/IR,FX,FX,UC,USD/CNH Futures,USD/CNH FX Futures,BNP Paribas,20,1,1,LiquidityProvider,T,FY24
1421,1421,DBS,International Sales RM,ActiveBroker,ActiveTrader,LiquidityProvider,MarketMaker,GROTHK|JUDGEM,Screen,Client,825,0,666,YWIL,2023-01,USD,S020,2022,Q1,1,1H,561,Buy-Side,Qube,Singapore,MarketMaker,Asset Management,1,Hong Kong,810,13543.72224,73.53,0,DBS,Commods,Tan Say Liang,,Financials,Equity Derivatives,Equity,SSF,Singapore SSF,Singapore Single Stock Futures,Wilmar Futures,ADMIS,22,1,1,ActiveTrader,T,FY22
1421,1421,DBS,China,ActiveBroker,ActiveTrader,LiquidityProvider,MarketMaker,LUSHB|KOHBRENNA,Screen,Client,132,0,1,ZADS,2021-03,USD,S009,2020,Q1,3,1H,1192.863,Brokerage/Agency,Barclays Omnibus,Singapore,ActiveTrader,Asset Management,1,SG ROA,37,4481.976,3663.4065,19465.63297,DBS,GAM,Tan Say Liang,,Financials,Equity Derivatives,Equity,SSF,Indian SSF,Indian Single Stock Futures,ADANIPORT Futures Contracts: ADANI PORTS AND SPECIAL ECON,SG Securities,18,1,1,LiquidityProvider,T,FY17
1421,1421,DBS,International Sales RM,ActiveBroker,ActiveTrader,LiquidityProvider,MarketMaker,WANGV,Screen,Client,218.11,0,-1.14e-13,ZARB,2023-04,USD,S883,2022,Q2,4,1H,11135.3187,Brokerage/Agency,Voloridge Investment Management,Singapore,ActiveTrader,Asset Management,1,USA,81,520.7,4437.11625,0,DBS,Tier 2,Brenna Koh,,Financials,Equity Derivatives,Equity,SSF,Indian SSF,Indian Single Stock Futures,Aurobindo Pharma Futures,Merrill Lynch,21,1,1,LiquidityProvider,T,FY17
1421,1421,DBS,America NBS,ActiveBroker,ActiveTrader,LiquidityProvider,MarketMaker,CHIALPL,Screen,Client,5,0,1048.631387,ZBHI,2021-07,USD,S092,2021,Q3,7,2H,25.8,PTG,Citigroup Prop,Singapore,LiquidityProvider,Asset Management,1,USA,72,2631.6,7.74,0,DBS,GAM,David Wang Lipeng,,Financials,Equity Derivatives,Equity,SSF,Indian SSF,Indian Single Stock Futures,Bharti Infratel Futures,Phillip,22,1,1,ActiveTrader,T+1,FY12
1421,1421,DBS,International Sales RM,ActiveBroker,ActiveTrader,LiquidityProvider,MarketMaker,KOHBRENNA,Screen,Client,0.9,0,66,ZBJA,2021-01,USD,S660,2020,Q1,1,1H,387,Brokers Prop,Mirae Asset Securities (Client),Singapore,ActiveTrader,Asset Management,1,China,10,258,139.32,8.2479375,DBS,Tier 2,Tan Say Liang,,Financials,Equity Derivatives,Equity,SSF,Indian SSF,Indian Single Stock Futures,Bajaj Auto Futures,Merrill Lynch,19,1,1,LiquidityProvider,T,FY16
1421,1421,DBS,International Sales RM,ActiveBroker,ActiveTrader,LiquidityProvider,MarketMaker,LUSHB|KOHBRENNA,Screen,Client,118.5,0,428.21,ZDRR,2022-11,USD,S111,2022,Q4,11,2H,1918.8,Trading Firms,HGNH Futures,Singapore,LiquidityProvider,Asset Management,1,Europe,270,2293.706762,936.54,0,DBS,Commods,David Wang Lipeng,,Financials,Equity Derivatives,Equity,SSF,Indian SSF,Indian Single Stock Futures,Dr Reddy's Laboratories Futures,KGI,21,1,1,ActiveTrader,T,FY21
1421,1421,DBS,SGROA NBS,ActiveBroker,ActiveTrader,LiquidityProvider,MarketMaker,TANSY,NLT,Client,2321.6,0,2,ZEIM,2022-04,USD,S813,2021,Q2,4,1H,1017.549676,Buy-Side,Altus Absolute Return Master fund (OEIC) Ltd,Singapore,LiquidityProvider,Asset Management,1,USA,115,45.408,1.29,0,DBS,Tier 1,Tan Say Liang,,Financials,Equity Derivatives,Equity,SSF,Indian SSF,Indian Single Stock Futures,Eicher Motors Futures,HGNH,20,1,1,MarketMaker,T+1,FY23
1421,1421,DBS,International Sales RM,ActiveBroker,ActiveTrader,LiquidityProvider,MarketMaker,LUSHB,Screen,Client,241.5,0,60,ZGAI,2023-11,USD,S883,2023,Q4,11,2H,61.92,Buy-Side,Interactive Brokers Agency,Singapore,ActiveTrader,Asset Management,1,China,6,-3.118639893,8077.335,0,DBS,Tier 2,Toh Li,,Financials,Equity Derivatives,Equity,SSF,Indian SSF,Indian Single Stock Futures,GAIL India Futures,Merrill Lynch,21,1,1,LiquidityProvider,T,FY14
1421,1421,DBS,Commodities Sales,ActiveBroker,ActiveTrader,LiquidityProvider,MarketMaker,TANBHS|DAVEYC,Screen,Client,544.5,3.6,6127,ZGRA,2021-12,SGD,S020,2021,Q4,12,2H,270.9,PTG,Undisclosed,Singapore,LiquidityProvider,Asset Management,0.125,China,2462,9.03,7507.8,529.2895634,DBS,Tier 3,Richard Wenk,,Financials,Equity Derivatives,Equity,SSF,USA SSF,USA Single Stock Futures,USA SSF Futures,Orient Futures,22,1,1,MarketMaker,T,FY17
1421,1421,DBS,Omnibus,ActiveBroker,ActiveTrader,LiquidityProvider,MarketMaker,KOHBRENNA,NLT,Client,823.2,72,44794.2,ZHMC,2023-12,USD,S560,2023,Q4,12,2H,16.254,Brokerage/Agency,Barclays House,Singapore,LiquidityProvider,Asset Management,1,Europe,10,364.9,282593.85,14757.6,DBS,China,Tashya Zhuo Xiaofan,,Financials,Equity Derivatives,Equity,SSF,Indian SSF,Indian Single Stock Futures,Hero MotoCorp Futures,JP Morgan,21,1,1,MarketMaker,T+1,FY14
1421,1421,DBS,Commodities Sales Europe,ActiveBroker,ActiveTrader,LiquidityProvider,MarketMaker,COHENC,NLT,Client,60301,943.8,-88.72900474,ZHUL,2022-02,USD,S009,2021,Q1,2,1H,0,Buy-Side,Rui Da International Finance Holding Limited,Singapore,ActiveTrader,Asset Management,1,Hong Kong,48337.5,2389.725,96.75,1199.7645,DBS,Tier 2,Vivian Wang Min,,Financials,Equity Derivatives,Equity,SSF,Indian SSF,Indian Single Stock Futures,Hindustan Unilever ZHUL Futures,GH Financials,19,0.25,1,LiquidityProvider,T,FY14
1421,1421,DBS,GAM,ActiveBroker,ActiveTrader,LiquidityProvider,MarketMaker,TANBHS,Screen,Client,1225.9,0,378,ZICI,2021-11,USD,S078,2021,Q4,11,2H,6.8628,Buy-Side,Qube,Singapore,LiquidityProvider,Asset Management,1,China,1142,10225.20084,1.29,0,DBS,Tier 1,Tan Say Liang,,Financials,Equity Derivatives,Equity,SSF,Indian SSF,Indian Single Stock Futures,ICICI Bank Futures,Goldman Sachs,19,0.5,1,ActiveBroker,T,FY22
1421,1421,DBS,China,ActiveBroker,ActiveTrader,LiquidityProvider,MarketMaker,LUSHB|KOHBRENNA,Screen,Client,2175.6,268.6919577,624,ZIOC,2024-03,SGD,S111,2023,Q1,3,1H,8595.4635,Buy-Side,Crabel Capital Management LLC,Singapore,MarketMaker,Asset Management,1,China,0,232.2,1006.2,8737.055401,DBS,Tier 1,David Wang Lipeng,,Financials,Equity Derivatives,Equity,SSF,Indian SSF,Indian Single Stock Futures,Indian Oil Corp Futures,BPI,22,1,1,LiquidityProvider,T,FY18
1421,1421,DBS,International Sales RM,ActiveBroker,ActiveTrader,LiquidityProvider,MarketMaker,GULYAW,Screen,Client,3,2944.8,286,ZITD,2021-09,USD,S007,2021,Q3,9,2H,77.4,Trading Firms,Qube,Singapore,ActiveTrader,Asset Management,1,SG ROA,1,4773,-45.408,0,DBS,Tier 3,Lily Chia,,Financials,Equity Derivatives,Equity,SSF,Indian SSF,Indian Single Stock Futures,ITC Futures,CIMB,22,1,1,ActiveTrader,T,FY14
1421,1421,DBS,Commodities Sales Europe,ActiveBroker,ActiveTrader,LiquidityProvider,MarketMaker,WENKR,Screen,Client,6.6,0,1010.75,ZKMB,2021-06,USD,S020,2020,Q2,6,1H,1357.098586,PTG,CSC Arbitrage Group,Singapore,ActiveTrader,Asset Management,1,Hong Kong,1227,57.8565,4002.999,0,DBS,Tier 1,Kenny Groth,,Financials,Equity Derivatives,Equity,SSF,Indian SSF,Indian Single Stock Futures,Kotak Mahindra Bank Futures,Macquarie,19,1,1,LiquidityProvider,T,FY16
1421,1421,DBS,SGROA RM,ActiveBroker,ActiveTrader,LiquidityProvider,MarketMaker,WANGD,Screen,Client,20,192,0,ZLT,2022-10,USD,S328,2022,Q4,10,2H,3558.852,PTG,Balyasny Asset Management,Singapore,LiquidityProvider,Asset Management,1,Europe,114,143.19,-2.52e-13,119.196,DBS,Tier 2,Renaud Gocsei,,Financials,Equity Derivatives,Equity,SSF,Indian SSF,Indian Single Stock Futures,Larsen & Toubro Futures,HGNH,19,1,1,LiquidityProvider,T+1,FY18
1421,1421,DBS,China,ActiveBroker,ActiveTrader,LiquidityProvider,MarketMaker,LEEKJ|WENKR,Screen,Client,100.47,0,272.65,ZMSI,2021-04,USD,S011,2020,Q2,4,1H,6104.538,Brokerage/Agency,Rio Tinto Shipping (Asia) Pte Ltd,Singapore,ActiveTrader,Asset Management,1,SG ROA,0,2118.825,116.1,0,DBS,Tier 2,omnibus,,Financials,Equity Derivatives,Equity,SSF,Indian SSF,Indian Single Stock Futures,Maruti Suzuki India Futures,Merrill Lynch,19,1,1,LiquidityProvider,T,FY15
1421,1421,DBS,AMAO,ActiveBroker,ActiveTrader,LiquidityProvider,MarketMaker,KOHBRENNA,NLT,Client,40,0,1118.269565,ZSUN,2022-08,USD,S560,2022,Q3,8,2H,7290.693,Others,Continental Minerals Company Limited,Singapore,ActiveBroker,Asset Management,1,Hong Kong,1,98.97525,1.29,3045.087715,DBS,GAM,David Chiam,,Financials,Equity Derivatives,Equity,SSF,Indian SSF,Indian Single Stock Futures,Sun Pharm Ind Futures,Deutsche,21,1,1,LiquidityProvider,T,FY14
1421,1421,DBS,Commodities Sales Europe,ActiveBroker,ActiveTrader,LiquidityProvider,MarketMaker,TOHL,Screen,Client,120,0,432.1167309,ZUPL,2023-03,USD,S328,2022,Q1,3,1H,538.704,Buy-Side,Guangfa Futures,Singapore,ActiveTrader,Asset Management,1,Europe,97,27043.56,162.54,0,DBS,Commods,Bobby Lush,,Financials,Equity Derivatives,Equity,SSF,Indian SSF,Indian Single Stock Futures,UPL Futures,SG Securities,20,0.5,1,ActiveBroker,T+1,FY24
1421,1421,DBS,SGROA RM,ActiveBroker,ActiveTrader,LiquidityProvider,MarketMaker,KOHBRENNA,NLT,Client,454.65,663,426,ZWPR,2022-01,USD,S020,2021,Q1,1,1H,665.64,PTG,Vanda Global Fund,Singapore,ActiveBroker,Asset Management,1,Hong Kong,182,2160.75,419.25,0,DBS,GAM,Kenneth Ng Say Chong,,Financials,Equity Derivatives,Equity,SSF,Indian SSF,Indian Single Stock Futures,Wipro Futures,Mizuho SG,21,1,1,ActiveTrader,T,FY13
1817,1817,HRTC,America NBS,ActiveBroker,ActiveTrader,LiquidityProvider,MarketMaker,TANBHS|DAVEYC,Screen,Client,129,0,20.9,3MF,2021-05,USD,S389,2020,Q2,5,1H,3450.105,Trading Firms,Jinrui Futures,China,LiquidityProvider,Asset Management,1,USA,638,136.224,3263.7,29.025,HRTC,GAM,Yan Xuan Li,,Commods,Commods,Oil,Oil,Oil,Oil,Platts Singapore FO 380cst Index Futures,Deutsche,21,0.125,1,ActiveTrader,T+1,FY25
1817,1817,HRTC,Commodities Sales Europe,ActiveBroker,ActiveTrader,LiquidityProvider,MarketMaker,GROTHK,Screen,Client,20279.6,0,180,ACF,2022-03,USD,S061,2021,Q1,3,1H,7.74,PTG,C&D (Singapore) Business,China,ActiveTrader,Asset Management,1,USA,930,22.2525,98.4,17446.03718,HRTC,Tier 1,Richard Wenk,,Commods,Commods,Coking Coal,Coking Coal,Coking Coal,Coking Coal,Coking Coal Futures,ABN Amro,22,0.5,1,LiquidityProvider,T,FY17
1817,1817,HRTC,International Sales RM,ActiveBroker,ActiveTrader,LiquidityProvider,MarketMaker,WANGD,NLT,Client,2557.5,0,1526,ACFO,2024-03,USD,S813,2023,Q1,3,1H,447.372,PTG,GTS Securities LLC,China,ActiveTrader,Asset Management,0.25,SG ROA,160,1797.615,2322,1876.640571,HRTC,Tier 3,Yan Xuan Li,,Commods,Commods,Coking Coal,Coking Coal,Coking Coal,Coking Coal,Coking Coal Options on Futures,Phillip,18,1,1,LiquidityProvider,T,FY15
1817,1817,HRTC,China,ActiveBroker,ActiveTrader,LiquidityProvider,MarketMaker,WANGV,Screen,Client,48.3,76.05,48,AMF,2023-04,USD,S009,2022,Q2,4,1H,147.576,PTG,Bright Smart Futures & Commodities,China,LiquidityProvider,Asset Management,1,SG ROA,66,26042.64597,823.02,2.193,HRTC,Omnibus,Craig Cohen,,Commods,Commods,Dairy,Dairy,Dairy,Dairy,SGX-NZX Global Anhydrous Milk Fat (AMF) Futures,SG Securities,19,1,1,LiquidityProvider,T,FY16
1817,1817,HRTC,Commodities Sales,ActiveBroker,ActiveTrader,LiquidityProvider,MarketMaker,COHENC|MACCHIONEP,NLT,Client,100,0,49134.69198,BRL,2022-06,USD,S660,2021,Q2,6,1H,-1946.212469,Trading Firms,Honors Commodity Hong Kong Company Limited,China,ActiveTrader,Asset Management,1,Hong Kong,32.25,3.4314,4835.436,19.78211345,HRTC,Tier 2,Kenneth Ng Say Chong,,Financials,FX/IR,FX,FX,BRL,SGX BRL/USD Futures,SGX BRL/USD Futures,Mizuho SG,19,0.75,1,ActiveBroker,T,FY23
1817,1817,HRTC,Omnibus,ActiveBroker,ActiveTrader,LiquidityProvider,MarketMaker,TANSY,NLT,Client,16309.6,0,68.04,BTP,2025-06,USD,S660,2024,Q2,6,1H,129,Buy-Side,Gent Commodity,China,MarketMaker,Asset Management,1,Europe,7,6193.29,3250.8,501.552,HRTC,Tier 3,Kenny Groth,,Financials,FX/IR,Crypto,Cryptocurrencies,Crypto,SGX Bitcoin Perpetual Futures,SGX Bitcoin Perpetual Futures,KGI,21,1,1,ActiveTrader,T,FY12
1817,1817,HRTC,GAM,ActiveBroker,ActiveTrader,LiquidityProvider,MarketMaker,COHENC,Screen,Client,12,21774.75,560,BZF,2021-01,USD,S111,2020,Q1,1,1H,2231.313,Buy-Side,Theme,China,LiquidityProvider,Asset Management,1,China,3370,92.106,825.6,0,HRTC,GAM,Carl Davey,,Commods,Commods,Petchem,Petchem,Petchem,Petchem,Platts BZ FOB Korea Futures,UBS Futures,19,1,1,LiquidityProvider,T,FY16
1817,1817,HRTC,SGROA RM,ActiveBroker,ActiveTrader,LiquidityProvider,MarketMaker,WENKR,Screen,Client,7581,0,420,BZNF,2022-04,USD,S888,2021,Q2,4,1H,144.738,Trading Firms,Hua Nan Futures Agency,China,LiquidityProvider,Asset Management,1,Hong Kong,78,342.624,35.217,0,HRTC,Tier 2,Richard Wenk,,Commods,Commods,Petchem,Petchem,Petchem,Petchem,BZ-Naphtha Spread Futures,StoneX,19,1,1,LiquidityProvider,T+1,FY26
1817,1817,HRTC,China,ActiveBroker,ActiveTrader,LiquidityProvider,MarketMaker,LUSHB|KOHBRENNA,Screen,Client,894,0,24379.08709,C3F,2024-09,USD,S009,2024,Q3,9,2H,4.644,PTG,Theme,China,LiquidityProvider,Asset Management,1,SG ROA,1076,3111.9,19812.078,0,HRTC,Tier 3,Yan Xuan Li,,Commods,Commods,FFA,FFA,FFA,FFA,Capesize Route C3 Futures,Phillip,21,0.5,1,ActiveTrader,T+1,FY17
1817,1817,HRTC,Commodities Sales,ActiveBroker,ActiveTrader,LiquidityProvider,MarketMaker,KOHBRENNA,Screen,Client,7625,918.4,180,C5F,2025-09,USD,S020,2025,Q3,9,2H,890.1,Buy-Side,Glencore International AG,China,LiquidityProvider,Asset Management,1,USA,2059,590.175,2709,0,HRTC,Tier 3,Yan Xuan Li,,Commods,Commods,FFA,FFA,FFA,FFA,Capesize Route C5 Futures,Orient Futures,21,0.5,1,ActiveTrader,T+1,FY18
1817,1817,HRTC,China,ActiveBroker,ActiveTrader,LiquidityProvider,MarketMaker,TANBHS|WENKR,Screen,Client,10497.17,345.8079224,91.8,CWF,2021-08,USD,S108,2021,Q3,8,2H,545.928,Brokerage/Agency,Boronia Diversified Fund (Master) Ltd,China,LiquidityProvider,Asset Management,1,SG ROA,6,139.32,1.29,0,HRTC,Tier 3,Kenny Groth,,Commods,Commods,FFA,FFA,FFA,FFA,Capesize Time Charter Average (5 Routes) Futures,Marex,21,0.125,1,LiquidityProvider,T,FY18
1817,1817,HRTC,China,ActiveBroker,ActiveTrader,LiquidityProvider,MarketMaker,TANBHS|DAVEYC,Screen,Client,21337.8,28952.6393,300,CWFO,2023-05,USD,S660,2022,Q2,5,1H,420.3085357,Trading Firms,LTG Shipping,China,MarketMaker,Asset Management,1,USA,50,-10636.05302,2.709,0,HRTC,Tier 3,Brenna Koh,,Commods,Commods,FFA,FFA,FFA,FFA,Capesize Time Charter (5 Routes) Average Futures O,Mizuho SG,21,1,1,LiquidityProvider,T+1,FY17
1817,1817,HRTC,SGROA NBS,ActiveBroker,ActiveTrader,LiquidityProvider,MarketMaker,TANSY,NLT,House,3,0,733.92,EJP,2024-05,USD,S078,2023,Q2,5,1H,101.394,Trading Firms,Transtrend,China,LiquidityProvider,Asset Management,1,Hong Kong,32.375,4411.8,12256.5,9856.42607,HRTC,Tier 1,Britney Tan Hwee Sian,,Financials,Equity Derivatives,Equity,Equity Index,EJP,EJP,SGX FTSE Blossom Japan Index Futures,Orient Futures,19,0.125,1,LiquidityProvider,T,FY19
1817,1817,HRTC,International Sales RM,ActiveBroker,ActiveTrader,LiquidityProvider,MarketMaker,LEEKJ,Screen,Client,0.6,12.8,2382.9,ETP,2024-08,USD,S866,2024,Q3,8,2H,10194.096,PTG,Symmetry Investments,China,LiquidityProvider,Asset Management,1,SG ROA,1475,2401.27558,3.87,0,HRTC,Tier 1,David Wang Lipeng,,Financials,FX/IR,Crypto,Cryptocurrencies,Crypto,SGX Ethereum Perpetual Futures,SGX Ethereum Perpetual Futures,Barclays,22,1,1,LiquidityProvider,T,FY15
1817,1817,HRTC,International Sales RM,ActiveBroker,ActiveTrader,LiquidityProvider,MarketMaker,WANGV,NLT,Client,1432,0,5,FEFTS,2022-01,SGD,S009,2021,Q1,1,1H,45774.36,Trading Firms,Jump Trading,China,ActiveTrader,Asset Management,1,Hong Kong,109,75.465,12.9,0,HRTC,Tier 2,Renaud Gocsei,,Commods,Commods,Iron Ore,Iron Ore,Iron Ore,Iron Ore,TSI Iron Ore CFR China (62% Fe Fines) Index Futures (Trade-at-Settlement),CIMB,22,1,1,LiquidityProvider,T+1,FY16
1817,1817,HRTC,SGROA RM,ActiveBroker,ActiveTrader,LiquidityProvider,MarketMaker,LEEJW,NLT,House,2775,0,475.2,FID,2022-11,USD,S009,2022,Q4,11,2H,614.04,Trading Firms,Sinopac Securities Prop,China,LiquidityProvider,Asset Management,1,Omnibus,48,1419,1322.25,660.2096568,HRTC,GAM,Kenneth Ng Say Chong,,Financials,Equity Derivatives,Equity,Equity Index,FID,FTSE Indonesia Index Futures,FTSE Indonesia Index Futures,JP Morgan,21,1,1,LiquidityProvider,T,FY15
1817,1817,HRTC,Commodities Sales Europe,ActiveBroker,ActiveTrader,LiquidityProvider,MarketMaker,TOHL,NLT,Client,360.5,20835.75,168.5,FVN,2023-02,USD,S009,2022,Q1,2,1H,169.635,PTG,Sinopac Securities Prop,China,LiquidityProvider,Asset Management,1,Omnibus,390,139.32,258,1143.8172,HRTC,Tier 3,Yan Xuan Li,,Financials,Equity Derivatives,Equity,Equity Index,FVN,SGX FTSE Vietnam 30 Index Futures,FTSE Vietnam 30 Index Futures,JP Morgan,21,1,1,LiquidityProvider,T,FY16
1817,1817,HRTC,Commodities Sales,ActiveBroker,ActiveTrader,LiquidityProvider,MarketMaker,GROTHK,Screen,Client,1.78e-15,0,73.6,GIN,2021-04,USD,S560,2020,Q2,4,1H,283.8,Trading Firms,Morgan Stanley House,China,LiquidityProvider,Asset Management,1,SG ROA,57,361.3779932,766.26,372.4875,HRTC,Commods,David Wang Lipeng,,Financials,Equity Derivatives,Equity,Equity Index,GIN,GIFT Derivatives,GIFT City Index Futures,CIMB,21,1,1,LiquidityProvider,T+1,FY18
1817,1817,HRTC,Commodities Sales Europe,ActiveBroker,ActiveTrader,LiquidityProvider,MarketMaker,KOHBRENNA|TANBHS,NLT,Client,462,0,-5455.022288,GINB,2023-06,USD,S168,2022,Q2,6,1H,232.2,Bank Trading Desks,Theme,China,LiquidityProvider,Asset Management,1,Hong Kong,34476,29.025,34.83,0,HRTC,Tier 3,Renaud Gocsei,,Financials,Equity Derivatives,Equity,Equity Index,GINB,GIFT Derivatives,GIFT City Bank Index Futures,Phillip,21,1,1,ActiveTrader,T,FY22
1817,1817,HRTC,GAM,ActiveBroker,ActiveTrader,LiquidityProvider,MarketMaker,GROTHK,Screen,House,376.5,0,1.2,HWF,2021-07,USD,S138,2021,Q3,7,2H,5.2245,PTG,Verition Fund Management LLC,China,MarketMaker,Asset Management,1,USA,248,1547.566953,495.36,3132.140891,HRTC,Tier 2,Britney Tan Hwee Sian,,Commods,Commods,FFA,FFA,FFA,FFA,Baltic Handysize Time Charter Average (7 Routes) Futures,HSBC,22,1,1,MarketMaker,T,FY14
1817,1817,HRTC,China,ActiveBroker,ActiveTrader,LiquidityProvider,MarketMaker,WANGV,Screen,Client,29340,0,60,JB,2022-02,USD,S007,2021,Q1,2,1H,0,Buy-Side,Verition Fund Management LLC,China,ActiveTrader,Asset Management,1,USA,525,80.625,5886.2055,0,HRTC,Tier 1,Bobby Lush,,Financials,FX/IR,Interest Rates,Interest Rates,JB,JGB Futures,Mini Japanese Government Bond (JGB) Futures,Morgan Stanley,21,0.5,1,MarketMaker,T+1,FY14
1817,1817,HRTC,SGROA RM,ActiveBroker,ActiveTrader,LiquidityProvider,MarketMaker,LUSHB|KOHBRENNA,Screen,Client,189.2,0,79.5,KRW,2024-04,SGD,S888,2023,Q2,4,1H,12.9,Brokerage/Agency,Altus Absolute Return Master fund (OEIC) Ltd,China,MarketMaker,Asset Management,1,Europe,8.5,103.716,1,761.9921156,HRTC,Tier 2,Britney Tan Hwee Sian,,Financials,FX/IR,FX,FX,KRW,KRW/USD FX Futures (Full-Sized),KRW/USD FX Futures (Full-Sized),Citigroup,22,1,1,LiquidityProvider,T+1,FY22
1817,1817,HRTC,HK NBS,ActiveBroker,ActiveTrader,LiquidityProvider,MarketMaker,LEEKJ,Screen,Client,90,3341.618083,52151,KU,2021-02,USD,S001,2020,Q1,2,1H,28.5,PTG,Undisclosed,China,MarketMaker,Asset Management,1,SG ROA,3480,0.774,9649.2,0,HRTC,Tier 2,Brenna Koh,,Financials,FX/IR,FX,FX,KU,KRW/USD FX Futures (Mini),KRW/USD FX Futures (Mini),JP Morgan,22,1,1,LiquidityProvider,T,FY17
1817,1817,HRTC,HK NBS,ActiveBroker,ActiveTrader,LiquidityProvider,MarketMaker,COHENC,NLT,Client,5,20700.24,1151.405948,LPF,2023-01,USD,S108,2022,Q1,1,1H,13,Buy-Side,Theme,China,ActiveTrader,Asset Management,1,USA,625,2820.972,40736.652,0,HRTC,Commods,Kenny Groth,,Commods,Commods,Iron ore,Iron ore,Iron Ore,Iron ore,Platts Iron Ore CFR China (Lump Premium) Index Fut,BPI,18,1,1,MarketMaker,T+1,FY13
1817,1817,HRTC,GAM,ActiveBroker,ActiveTrader,LiquidityProvider,MarketMaker,COHENC,Screen,Client,94.2,0,1433.9,M42F,2025-10,USD,S108,2025,Q4,10,2H,37618.5,Trading Firms,Sunshine Oil,China,ActiveTrader,Asset Management,1,Omnibus,283,708.7018125,0,0,HRTC,Commods,omnibus,,Commods,Commods,Thermal Coal,Thermal Coal,Thermal Coal,Thermal Coal,IHS McCloskey M42 - Indonesian 4200kc GAR FOB Ther,JP Morgan,21,1,1,LiquidityProvider,T+1,FY16
1817,1817,HRTC,SGROA RM,ActiveBroker,ActiveTrader,LiquidityProvider,MarketMaker,KOHBRENNA|TANBHS,NLT,Client,1242,345,324,MC,2021-03,USD,S660,2020,Q1,3,1H,242.970958,PTG,Alam Commodities DMCC,China,ActiveTrader,Asset Management,1,SG ROA,16140,496.65,2917.5,0,HRTC,Tier 3,Vivian Wang Min,,Commods,Commods,Petchem,Petchem,Petchem,Petchem,ICIS Methanol CFR CN Swap,Merrill Lynch,21,1,1,LiquidityProvider,T,FY22
1817,1817,HRTC,GAM,ActiveBroker,ActiveTrader,LiquidityProvider,MarketMaker,TANBHS|DAVEYC,Screen,Client,63483.2,0,1485,MEG,2025-02,USD,S016,2024,Q1,2,1H,-9030,Trading Firms,GTS Securities LLC,China,LiquidityProvider,Asset Management,1,Hong Kong,1519.5,1702.8,51.6,0,HRTC,Tier 3,Tashya Zhuo Xiaofan,,Commods,Commods,Petchem,Petchem,Petchem,Petchem,ICIS MEG CFR China Swap,JP Morgan,21,1,1,ActiveTrader,T+1,FY16
1817,1817,HRTC,Omnibus,ActiveBroker,ActiveTrader,LiquidityProvider,MarketMaker,TANBHS,Screen,Client,906.75,1,300,MKP,2025-07,USD,S660,2025,Q3,7,2H,13431.4671,Buy-Side,RWE Supply & Trading Asia-Pacific Pte Ltd,China,ActiveBroker,Asset Management,1,China,497,38.7,2122.824,26.1225,HRTC,Tier 3,Penny Pan Ranran,,Commods,Commods,Dairy,Dairy,Dairy,Dairy,SGX-NZX NZ Milk Price (MKP) Futures,JP Morgan,21,1,1,ActiveTrader,T+1,FY24
1817,1817,HRTC,China,ActiveBroker,ActiveTrader,LiquidityProvider,MarketMaker,TANBHS,NLT,Client,1518,40.5,240,MTWN,2021-10,USD,S660,2021,Q4,10,2H,516,Buy-Side,IMR Metallurgical Resources,China,LiquidityProvider,Asset Management,1,SG ROA,139,1043.352,671.445,0,HRTC,Tier 2,Britney Tan Hwee Sian,,Financials,Equity Derivatives,Equity,Equity Index,MTWN,Micro FTSE Taiwan Index Futures,Micro FTSE Taiwan Index Futures,Barclays,21,1,1,ActiveTrader,T+1,FY24
1817,1817,HRTC,China,ActiveBroker,ActiveTrader,LiquidityProvider,MarketMaker,KOHBRENNA|TANBHS,Screen,Client,2793.6,0,174.6225,MUC,2025-03,USD,S660,2024,Q1,3,1H,93160.575,Buy-Side,Heng Rising Resources,China,LiquidityProvider,Asset Management,1,China,1316.5,333.6972,181.632,172.86,HRTC,China,Renaud Gocsei,,Financials,FX/IR,FX,FX,MUC,USD/CNH Futures,USD/CNH FX Futures Mini,BPI,21,1,1,LiquidityProvider,T+1,FY26
1817,1817,HRTC,China,ActiveBroker,ActiveTrader,LiquidityProvider,MarketMaker,LUSHB|KOHBRENNA,Screen,Client,0,113.9180921,130072.4481,MXF,2023-08,USD,S016,2023,Q3,8,2H,1081.4328,PTG,HGNH Futures,China,LiquidityProvider,Asset Management,1,SG ROA,91,387,3250.8,0,HRTC,Tier 3,David Wang Lipeng,,Commods,Commods,Petchem,Petchem,Petchem,Petchem,SGX ICIS Isomer MX FOB Korea Futures,ADMIS,21,1,1,LiquidityProvider,T+1,FY14
1817,1817,HRTC,GAM,ActiveBroker,ActiveTrader,LiquidityProvider,MarketMaker,LUSHB,Screen,Client,5670,0,22.4,ND,2021-06,USD,S020,2020,Q2,6,1H,11000.51725,PTG,Undisclosed,China,LiquidityProvider,Asset Management,1,Hong Kong,212,774,774,0,HRTC,Tier 2,Renaud Gocsei,,Financials,Equity Derivatives,Equity,Dividend Index,ND,Nikkei Stock Average Dividend Point Index Futures,Nikkei Stock Average Dividend Point Index Futures,Barclays,21,1,1,LiquidityProvider,T,FY14
1817,1817,HRTC,SGROA RM,ActiveBroker,ActiveTrader,LiquidityProvider,MarketMaker,LUSHB,Screen,Client,620.4,0,11741.05005,NJ,2023-11,USD,S883,2023,Q4,11,2H,13819.65047,Bank Trading Desks,Thai Hua Rubber,China,MarketMaker,Asset Management,0.25,SG ROA,25,799.1808,928.8,0,HRTC,Tier 1,Lily Chia,,Commods,Commods,Oil,Oil,Oil,Oil,Naphtha Swap CFR Japan,UBS Futures,21,1,1,ActiveTrader,T,FY23
1817,1817,HRTC,GAM,ActiveBroker,ActiveTrader,LiquidityProvider,MarketMaker,MACCHIONEP,NLT,Client,600,0,11549.90904,NKO,2025-01,USD,S111,2024,Q1,1,1H,19.35,Trading Firms,Petrochina International (Hong Kong) Corporation Limited,China,LiquidityProvider,Asset Management,1,SG ROA,2858,312.18,154.8,0,HRTC,Tier 1,Renaud Gocsei,,Financials,Equity Derivatives,Equity,Equity Index,NKO,Nikkei 225 Options,Nikkei 225 Options,ABN Amro,21,1,1,LiquidityProvider,T+1,FY15
1817,1817,HRTC,Europe NBS,ActiveBroker,ActiveTrader,LiquidityProvider,MarketMaker,GULYAW,Screen,Client,1300,0,6055.7,PWF,2021-12,USD,S350,2021,Q4,12,2H,1.806,Trading Firms,AHL-Man,China,LiquidityProvider,Asset Management,1,USA,20740.5,520.2604509,230.0328,0,HRTC,Commods,Carl Davey,,Commods,Commods,FFA,FFA,FFA,FFA,Baltic Panamax Time Charter Average (5 Routes) Futures,ADMIS,18,0.5,1,MarketMaker,T,FY13
1817,1817,HRTC,SGROA RM,ActiveBroker,ActiveTrader,LiquidityProvider,MarketMaker,LEEJW,NLT,Client,3549.6,22920.3,200,PWFO,2022-10,USD,S020,2022,Q4,10,2H,4987.875254,Buy-Side,Synergy Link Capital,China,ActiveTrader,Asset Management,1,Omnibus,5,3539.4375,43.989,0,HRTC,Tier 3,Bobby Lush,,Commods,Commods,FFA,FFA,FFA,FFA,Baltic Panamax Time Charter Average (5 Route) Options,HGNH,21,1,1,LiquidityProvider,T+1,FY23
1817,1817,HRTC,GAM,ActiveBroker,ActiveTrader,LiquidityProvider,MarketMaker,LIYAN,Screen,Client,3844.8,0,446.333725,SMP,2022-05,USD,S288,2021,Q2,5,1H,0.774,Buy-Side,Centiva Capital,China,LiquidityProvider,Asset Management,0.25,SG ROA,387,9.8685,3603.744,0,HRTC,GAM,Renaud Gocsei,,Commods,Commods,Dairy,Dairy,Dairy,Dairy,SGX-NZX Global Skim Milk Powder (SMP) Futures,Barclays,22,1,1,ActiveBroker,T,FY24
1817,1817,HRTC,Commodities Sales,ActiveBroker,ActiveTrader,LiquidityProvider,MarketMaker,LIYAN,NLT,House,18,3259.49633,5300,SMPO,2025-08,USD,S350,2025,Q3,8,2H,4032.798,PTG,ING Bank Singapore,China,ActiveTrader,Asset Management,1,Omnibus,25,455.112,83.205,3483,HRTC,Tier 2,omnibus,,Commods,Commods,Dairy,Dairy,Dairy,Dairy,SGX-NZX Global Skim Milk Powder (SMP) Options,Macquarie,19,1,1,ActiveTrader,T+1,FY24
1817,1817,HRTC,Commodities Sales Europe,ActiveBroker,ActiveTrader,LiquidityProvider,MarketMaker,JUDGEM|TANSY,NLT,Client,108.5,0,1841.2,ST,2024-10,USD,S009,2024,Q4,10,2H,3845.361,Buy-Side,DA SPC-DA Fortune SP,China,ActiveBroker,Asset Management,1,SG ROA,976,0.774,77.4,3241.566045,HRTC,Commods,Jason Lee,,Financials,Equity Derivatives,Equity,Equity Index,ST,Straits Times Index Futures,Straits Times Index Futures,KGI,21,0.5,1,ActiveTrader,T,FY15
1817,1817,HRTC,SGROA NBS,ActiveBroker,ActiveTrader,LiquidityProvider,MarketMaker,MACCHIONEP,Screen,House,1245.2,0,1860,SWF,2022-12,USD,S560,2022,Q4,12,2H,232.2,Trading Firms,Undisclosed,China,ActiveTrader,Asset Management,0.75,China,14,4596.141,695.31,1616.388897,HRTC,Tier 1,Britney Tan Hwee Sian,,Commods,Commods,FFA,FFA,FFA,FFA,Baltic Supramax Time Charter (10 Routes) Average F,StoneX,21,1,1,ActiveBroker,T,FY15
1817,1817,HRTC,SGROA RM,ActiveBroker,ActiveTrader,LiquidityProvider,MarketMaker,LUSHB|KOHBRENNA,Screen,Client,98.6,11.07802417,-0.878024166,TF,2021-09,USD,S168,2021,Q3,9,2H,38371.179,Brokerage/Agency,Algorithmic Trading Group,China,ActiveTrader,Asset Management,1,USA,100,600.8489634,19059.75,32.25,HRTC,China,Penny Pan Ranran,,Commods,Commods,Rubber,Rubber,Rubber,Rubber,SICOM TSR20 Futures,Goldman Sachs,19,1,1,LiquidityProvider,T+1,FY19
1817,1817,HRTC,Europe NBS,ActiveBroker,ActiveTrader,LiquidityProvider,MarketMaker,JUDGEM|TANSY,Screen,Client,1560,0,1440,TFO,2024-06,USD,S888,2023,Q2,6,1H,-49.66101739,Brokerage/Agency,Undisclosed,China,MarketMaker,Asset Management,1,USA,88,2.5026,24272.64,0,HRTC,Tier 3,Carl Davey,,Commods,Commods,Rubber,Rubber,Rubber,Rubber,SICOM TSR 20 Rubber Options,Citigroup,20,1,1,LiquidityProvider,T,FY17
1817,1817,HRTC,China,ActiveBroker,ActiveTrader,LiquidityProvider,MarketMaker,KOHBRENNA,Screen,Client,329.7,1980,46,TU,2023-09,USD,S009,2023,Q3,9,2H,85.14,Buy-Side,ExodusPoint,China,ActiveTrader,Asset Management,1,Europe,182,5392.2,992.81625,0,HRTC,China,Bobby Lush,,Financials,FX/IR,FX,FX,TU,THB/USD FX Futures,THB/USD FX Futures,Merrill Lynch,19,1,1,LiquidityProvider,T,FY12
1817,1817,HRTC,SGROA RM,ActiveBroker,ActiveTrader,LiquidityProvider,MarketMaker,LEEKJ,Screen,House,9136.6,0,-4468.662953,UCO,2023-07,USD,S009,2023,Q3,7,2H,12.5775,Trading Firms,Barclays Omnibus,China,LiquidityProvider,Asset Management,1,China,746,9.675,2261.886,0,HRTC,Tier 2,Carl Davey,,Financials,FX/IR,FX,FX,UCO,USD/CNH Options,USD/CNH FX Options,JP Morgan,18,0.125,1,LiquidityProvider,T,FY15
1817,1817,HRTC,Europe NBS,ActiveBroker,ActiveTrader,LiquidityProvider,MarketMaker,LUSHB|KOHBRENNA,Screen,House,82.4,0,11361.01278,US,2022-09,USD,S009,2022,Q3,9,2H,1451.25,PTG,Synergy Link Capital,China,MarketMaker,Asset Management,1,Europe,3000,224744.445,17.05,0,HRTC,Tier 1,omnibus,,Financials,FX/IR,FX,FX,US,USD/SGD FX Futures,USD/SGD FX Futures (Mini),Merrill Lynch,22,0.75,1,ActiveTrader,T+1,FY18
1817,1817,HRTC,China,ActiveBroker,ActiveTrader,LiquidityProvider,MarketMaker,TOHL,NLT,House,4.5,0,1375,WMP,2025-04,USD,S660,2024,Q2,4,1H,76391.22,PTG,Millennium Capital Management,China,ActiveTrader,Asset Management,1,Japan,889,8.2947,5286.42,182.664,HRTC,Tier 1,David Chiam,,Commods,Commods,Dairy,Dairy,Dairy,Dairy,SGX-NZX Global Whole Milk Powder (WMP) Futures,HGNH,21,1,1,MarketMaker,T,FY19
1817,1817,HRTC,America NBS,ActiveBroker,ActiveTrader,LiquidityProvider,MarketMaker,KOHBRENNA|TANBHS,Screen,Client,5220,240065.3678,60,ZACE,2021-11,USD,S138,2021,Q4,11,2H,51.858,Others,Direct Access,China,LiquidityProvider,Asset Management,1,Omnibus,12,808.83,1687.32,1179.568789,HRTC,GAM,Carl Davey,,Financials,Equity Derivatives,Equity,SSF,Indian SSF,Indian Single Stock Futures,Ambuja Cements Futures,ADMIS,20,1,1,LiquidityProvider,T,FY14
1817,1817,HRTC,Commodities Sales Europe,ActiveBroker,ActiveTrader,LiquidityProvider,MarketMaker,WANGV,Screen,Client,935,8.989788054,166.1,ZAXS,2023-03,USD,S016,2022,Q1,3,1H,19.35,Buy-Side,Natixis Asia,China,MarketMaker,Asset Management,0.25,Europe,1022,7.33e-14,232.2,0,HRTC,China,Richard Wenk,,Financials,Equity Derivatives,Equity,SSF,Indian SSF,Indian Single Stock Futures,Axis Bank Futures,Phillip,18,1,1,LiquidityProvider,T,FY23
1817,1817,HRTC,GAM,ActiveBroker,ActiveTrader,LiquidityProvider,MarketMaker,KOHBRENNA|TANBHS,Screen,Client,6199.5,0,45679,ZBAF,2025-05,USD,S061,2024,Q2,5,1H,309.1098,Brokers Prop,Jump Trading,China,LiquidityProvider,Asset Management,1,SG ROA,2386.5,7.74,387.387,0,HRTC,Tier 1,Britney Tan Hwee Sian,,Financials,Equity Derivatives,Equity,SSF,Indian SSF,Indian Single Stock Futures,Bajaj Finance Futures,Goldman Sachs,21,0.5,1,LiquidityProvider,T+1,FY13
1817,1817,HRTC,International Sales RM,ActiveBroker,ActiveTrader,LiquidityProvider,MarketMaker,WANGV,Screen,Client,51,235.84,99286.5,ZCOA,2024-02,USD,S007,2023,Q1,2,1H,658.416,Buy-Side,Solo Securities Limited,China,LiquidityProvider,Asset Management,1,SG ROA,100,103.6644,58.05,0,HRTC,Omnibus,David Wang Lipeng,,Financials,Equity Derivatives,Equity,SSF,Indian SSF,Indian Single Stock Futures,Coal India Futures,Goldman Sachs,21,1,1,LiquidityProvider,T,FY19
1817,1817,HRTC,America NBS,ActiveBroker,ActiveTrader,LiquidityProvider,MarketMaker,KOHBRENNA|WANGV,Screen,Client,90,0,37.4,ZHDB,2024-11,USD,S883,2024,Q4,11,2H,34.6752,Buy-Side,Phillip Nova,China,ActiveTrader,Asset Management,0.25,SG ROA,164,11900.4564,1.935,33.37952494,HRTC,China,David Wang Lipeng,,Financials,Equity Derivatives,Equity,SSF,Indian SSF,Indian Single Stock Futures,HDFC Bank Futures,Deutsche,19,1,1,LiquidityProvider,T,FY21
1817,1817,HRTC,Commodities Sales,ActiveBroker,ActiveTrader,LiquidityProvider,MarketMaker,CHIALPL,Screen,House,8448,0,300,ZHND,2022-07,USD,S389,2022,Q3,7,2H,2657.231168,Bank Trading Desks,Qube,China,LiquidityProvider,Asset Management,1,China,4,654.675,9016.61625,164.475,HRTC,Commods,Bobby Lush,,Financials,Equity Derivatives,Equity,SSF,Indian SSF,Indian Single Stock Futures,Hindalco Industries Futures,HGNH,20,1,1,LiquidityProvider,T+1,FY18
1817,1817,HRTC,SGROA RM,ActiveBroker,ActiveTrader,LiquidityProvider,MarketMaker,WENKR,Screen,Client,220,806.3174425,8635,ZHPC,2024-01,USD,S339,2023,Q1,1,1H,5705.210438,Bank Trading Desks,Millennium Capital Management,China,ActiveTrader,Asset Management,1,USA,57,4127.355,9546,60.5975614,HRTC,Tier 1,Yan Xuan Li,,Financials,Equity Derivatives,Equity,SSF,Indian SSF,Indian Single Stock Futures,Hindustan Petroleum Corp Futures,SG Securities,19,1,1,LiquidityProvider,T+1,FY18
1817,1817,HRTC,Commodities Sales,ActiveBroker,ActiveTrader,LiquidityProvider,MarketMaker,COHENC,NLT,House,561,0,250,ZIIB,2024-12,USD,S108,2024,Q4,12,2H,383.13,Brokerage/Agency,Korea Investment & Securities (Client),China,ActiveTrader,Asset Management,1,China,341,90.558,66.564,548.3974286,HRTC,Tier 2,Penny Pan Ranran,,Financials,Equity Derivatives,Equity,SSF,Indian SSF,Indian Single Stock Futures,IndusInd Bank Futures,ABN Amro,21,1,1,LiquidityProvider,T,FY14
1817,1817,HRTC,America NBS,ActiveBroker,ActiveTrader,LiquidityProvider,MarketMaker,KOHBRENNA,Screen,Client,60,0,1700,ZLPC,2022-08,USD,S888,2022,Q3,8,2H,64.5,Trading Firms,Vista Markets FZCO,China,LiquidityProvider,Asset Management,1,Omnibus,306,378.873,3362.54625,0,HRTC,Tier 2,Kenny Groth,,Financials,Equity Derivatives,Equity,SSF,Indian SSF,Indian Single Stock Futures,Lupin Futures,SG Securities,22,0.25,1,ActiveTrader,T,FY22
1817,1817,HRTC,China,ActiveBroker,ActiveTrader,LiquidityProvider,MarketMaker,TANBHS|WENKR,NLT,Client,207,133.5,6.82e-13,ZNTP,2023-10,USD,S020,2023,Q4,10,2H,-5443.615911,Brokerage/Agency,Holly International- Client,China,LiquidityProvider,Asset Management,1,SG ROA,11205,154.8,5163.741,0,HRTC,Tier 2,Richard Wenk,,Financials,Equity Derivatives,Equity,SSF,Indian SSF,Indian Single Stock Futures,NTPC Futures,Goldman Sachs,22,1,1,LiquidityProvider,T,FY18
1817,1817,HRTC,HK NBS,ActiveBroker,ActiveTrader,LiquidityProvider,MarketMaker,LUSHB,Screen,Client,2821.5,0,341.4,ZONG,2024-07,USD,S389,2024,Q3,7,2H,1084.374,PTG,Systematica Investments,China,MarketMaker,Asset Management,1,China,123,309.6,1271.94,12622.67419,HRTC,Tier 1,Carl Davey,,Financials,Equity Derivatives,Equity,SSF,Indian SSF,Indian Single Stock Futures,Oil & Natural Gas Corp Futures,StoneX,21,1,1,MarketMaker,T,FY24
1817,1817,HRTC,SGROA NBS,ActiveBroker,ActiveTrader,LiquidityProvider,MarketMaker,GROTHK|JUDGEM,Screen,Client,10039,0,538.65,ZVDA,2023-12,USD,S560,2023,Q4,12,2H,38.313,Buy-Side,Millennium Capital Management,China,LiquidityProvider,Asset Management,0.25,Hong Kong,2,21.93,5883.174,0,HRTC,Tier 3,Carl Davey,,Financials,Equity Derivatives,Equity,SSF,Indian SSF,Indian Single Stock Futures,Vedanta Limited Futures,HGNH,22,1,1,LiquidityProvider,T,FY14
8628,8628,Headlands Technologies,Commodities Sales,ActiveBroker,ActiveTrader,LiquidityProvider,MarketMaker,WANGV|LIYAN,NLT,Client,366.1,18,292.83,3MF,2021-03,USD,S288,2020,Q1,3,1H,427.635,Buy-Side,Jump Trading,,LiquidityProvider,Academic,1,Hong Kong,90,6001.338,684.99,0,Headlands Technologies,Tier 2,Craig Cohen,,Commods,Commods,Oil,Oil,Oil,Oil,Platts Singapore FO 380cst Index Futures,BNP Paribas,21,1,1,ActiveTrader,T,FY18
8628,8628,Headlands Technologies,GAM,ActiveBroker,ActiveTrader,LiquidityProvider,MarketMaker,LUSHB,Screen,Client,31.85,0,6.84,ACF,2022-01,USD,S813,2021,Q1,1,1H,-11141.72033,Buy-Side,Undisclosed,,MarketMaker,Academic,0.5,Omnibus,27480,1411.39522,114.036,255.8717942,Headlands Technologies,Tier 1,Britney Tan Hwee Sian,,Commods,Commods,Coking Coal,Coking Coal,Coking Coal,Coking Coal,Coking Coal Futures,HGNH,21,1,1,ActiveTrader,T,FY24
8628,8628,Headlands Technologies,America NBS,ActiveBroker,ActiveTrader,LiquidityProvider,MarketMaker,WANGD,Screen,Client,4150,0,1200,ACFO,2024-01,USD,S660,2023,Q1,1,1H,113.52,Buy-Side,Morgan Stanley House,,LiquidityProvider,Academic,1,SG ROA,3911,283.8,14612.862,0,Headlands Technologies,Tier 2,John Hogger,,Commods,Commods,Coking Coal,Coking Coal,Coking Coal,Coking Coal,Coking Coal Options on Futures,CIMB,22,1,1,ActiveTrader,T,FY22
8628,8628,Headlands Technologies,China,ActiveBroker,ActiveTrader,LiquidityProvider,MarketMaker,GOCSEIR,NLT,House,170,0,2835.8,AMF,2023-02,USD,S061,2022,Q1,2,1H,133.128,Buy-Side,Balyasny Asset Management,,LiquidityProvider,Academic,1,SG ROA,180,-58759.6548,3483.1419,0,Headlands Technologies,Tier 2,Kenny Groth,,Commods,Commods,Dairy,Dairy,Dairy,Dairy,SGX-NZX Global Anhydrous Milk Fat (AMF) Futures,Deutsche,21,1,1,LiquidityProvider,T,FY19
8628,8628,Headlands Technologies,America NBS,ActiveBroker,ActiveTrader,LiquidityProvider,MarketMaker,LIYAN,NLT,Client,280,0,23.1,BRL,2022-04,USD,S660,2021,Q2,4,1H,-125.3168524,Buy-Side,Balyasny Asset Management,,LiquidityProvider,Academic,0.5,Europe,7026.5,18.705,25.8,0,Headlands Technologies,Tier 3,Kenny Groth,,Financials,FX/IR,FX,FX,BRL,SGX BRL/USD Futures,SGX BRL/USD Futures,Phillip,22,1,1,LiquidityProvider,T+1,FY19
8628,8628,Headlands Technologies,International Sales RM,ActiveBroker,ActiveTrader,LiquidityProvider,MarketMaker,GROTHK,Screen,House,66,37.5,9174.2,BTP,2025-04,USD,S011,2024,Q2,4,1H,0,Trading Firms,Capital Futures Agency,,ActiveTrader,Academic,0.125,SG ROA,4399,130.548,510.84,0,Headlands Technologies,Tier 2,Carl Davey,,Financials,FX/IR,Crypto,Cryptocurrencies,Crypto,SGX Bitcoin Perpetual Futures,SGX Bitcoin Perpetual Futures,Goldman Sachs,21,1,1,LiquidityProvider,T+1,FY19
8628,8628,Headlands Technologies,China,ActiveBroker,ActiveTrader,LiquidityProvider,MarketMaker,KOHBRENNA|GROTHK,NLT,House,1906.09,0,0.6,BZNF,2022-02,USD,S009,2021,Q1,2,1H,127.71,Buy-Side,HRTC,,LiquidityProvider,Academic,1,China,1323,3773.25,2714.547,28444.87193,Headlands Technologies,Commods,Jason Lee,,Commods,Commods,Petchem,Petchem,Petchem,Petchem,BZ-Naphtha Spread Futures,Nomura,19,1,1,LiquidityProvider,T,FY20
8628,8628,Headlands Technologies,China,ActiveBroker,ActiveTrader,LiquidityProvider,MarketMaker,DAVEYC|LEEKJ,Screen,Client,165.6,13618.8,10,C3F,2024-07,USD,S016,2024,Q3,7,2H,265.095,Brokers Prop,Itau Unibanco S.A. Nassau Branch,,ActiveTrader,Academic,1,SG ROA,14000,7552.305,96.75,5955.78165,Headlands Technologies,Commods,Toh Li,,Commods,Commods,FFA,FFA,FFA,FFA,Capesize Route C3 Futures,HGNH,21,0.5,1,LiquidityProvider,T,FY23
8628,8628,Headlands Technologies,SGROA RM,ActiveBroker,ActiveTrader,LiquidityProvider,MarketMaker,KOHBRENNA|WANGV,Screen,Client,125,0,1379.540731,C5F,2025-07,SGD,S016,2025,Q3,7,2H,5941.224,Trading Firms,Interactive Brokers Agency,,ActiveTrader,Academic,0.125,USA,8542,154.8,1327.41,0,Headlands Technologies,Tier 3,Britney Tan Hwee Sian,,Commods,Commods,FFA,FFA,FFA,FFA,Capesize Route C5 Futures,Phillip,21,1,1,ActiveTrader,T,FY18
8628,8628,Headlands Technologies,International Sales RM,ActiveBroker,ActiveTrader,LiquidityProvider,MarketMaker,TANBHS|DAVEYC,Screen,Client,1350,0,28986,CWF,2021-06,SGD,S111,2020,Q2,6,1H,108.36,Trading Firms,BNP Paribas,,MarketMaker,Academic,1,SG ROA,116,25.155,870.75,654.2372459,Headlands Technologies,Tier 2,Renaud Gocsei,,Commods,Commods,FFA,FFA,FFA,FFA,Capesize Time Charter Average (5 Routes) Futures,Barclays,22,0.25,1,ActiveTrader,T+1,FY18
8628,8628,Headlands Technologies,Commodities Sales Europe,ActiveBroker,ActiveTrader,LiquidityProvider,MarketMaker,GROTHK,Screen,Client,183,7582.70638,2175,CWFO,2023-03,USD,S001,2022,Q1,3,1H,31.9275,Brokerage/Agency,Jump Trading,,LiquidityProvider,Academic,1,China,1,48.99253429,20051.115,0,Headlands Technologies,China,Craig Cohen,,Commods,Commods,FFA,FFA,FFA,FFA,Capesize Time Charter (5 Routes) Average Futures O,SG Securities,22,1,1,ActiveTrader,T,FY22
8628,8628,Headlands Technologies,America NBS,ActiveBroker,ActiveTrader,LiquidityProvider,MarketMaker,KOHBRENNA|TANBHS,NLT,Client,66,0,288,EJP,2024-03,USD,S009,2023,Q1,3,1H,404.415,PTG,Morgan Stanley Omnibus,,ActiveBroker,Academic,0.125,China,1705,-2499.128112,1704.09,0,Headlands Technologies,Tier 3,David Chiam,,Financials,Equity Derivatives,Equity,Equity Index,EJP,EJP,SGX FTSE Blossom Japan Index Futures,Barclays,18,1,1,ActiveTrader,T+1,FY14
8628,8628,Headlands Technologies,Commodities Sales,ActiveBroker,ActiveTrader,LiquidityProvider,MarketMaker,GROTHK,NLT,Client,83,0,1112.41281,ETP,2024-06,USD,S888,2023,Q2,6,1H,1271.424,Buy-Side,Lauritzen Bulkers,,ActiveTrader,Academic,1,USA,56,32.25,102.168,601.216118,Headlands Technologies,Tier 2,Lily Chia,,Financials,FX/IR,Crypto,Cryptocurrencies,Crypto,SGX Ethereum Perpetual Futures,SGX Ethereum Perpetual Futures,UBS Futures,19,0.125,1,ActiveTrader,T,FY25
8628,8628,Headlands Technologies,China,ActiveBroker,ActiveTrader,LiquidityProvider,MarketMaker,TANSY,Screen,Client,177.6,34466.57075,2286.7,FEFTS,2021-11,USD,S016,2021,Q4,11,2H,154.8,Brokerage/Agency,Huatai Securities,,ActiveTrader,Academic,1,Omnibus,11370,1.29,1.29,154413.8209,Headlands Technologies,Commods,Lily Chia,,Commods,Commods,Iron Ore,Iron Ore,Iron Ore,Iron Ore,TSI Iron Ore CFR China (62% Fe Fines) Index Futures (Trade-at-Settlement),Morgan Stanley,18,1,1,LiquidityProvider,T+1,FY22
8628,8628,Headlands Technologies,China,ActiveBroker,ActiveTrader,LiquidityProvider,MarketMaker,WANGV,Screen,Client,198.91,16111.09272,16.2,FID,2022-09,USD,S660,2022,Q3,9,2H,2038.2,Buy-Side,Millennium Capital Management,,ActiveTrader,Academic,1,SG ROA,820,0,611.46,0,Headlands Technologies,Tier 1,Richard Wenk,,Financials,Equity Derivatives,Equity,Equity Index,FID,FTSE Indonesia Index Futures,FTSE Indonesia Index Futures,SG Securities,20,0.25,1,LiquidityProvider,T+1,FY24
8628,8628,Headlands Technologies,Commodities Sales,ActiveBroker,ActiveTrader,LiquidityProvider,MarketMaker,WANGV,Screen,Client,0.6,1012.5,3,FVN,2022-12,SGD,S888,2022,Q4,12,2H,201.24,Brokerage/Agency,Citadel Securities,,ActiveTrader,Academic,1,Omnibus,17535,-12741.98518,16366.746,0,Headlands Technologies,Tier 1,David Wang Lipeng,,Financials,Equity Derivatives,Equity,Equity Index,FVN,SGX FTSE Vietnam 30 Index Futures,FTSE Vietnam 30 Index Futures,BPI,21,1,1,ActiveBroker,T,FY23
8628,8628,Headlands Technologies,SGROA RM,ActiveBroker,ActiveTrader,LiquidityProvider,MarketMaker,COHENC|MACCHIONEP,Screen,Client,51,0,-5268.866548,GIN,2021-02,USD,S016,2020,Q1,2,1H,4.644,Buy-Side,John Street Capital LLP,,ActiveTrader,Academic,1,Omnibus,118.25,615.6525,20382.645,2195.141287,Headlands Technologies,Commods,David Chiam,,Financials,Equity Derivatives,Equity,Equity Index,GIN,GIFT Derivatives,GIFT City Index Futures,Nomura,20,1,1,LiquidityProvider,T,FY20
8628,8628,Headlands Technologies,China,ActiveBroker,ActiveTrader,LiquidityProvider,MarketMaker,WANGD,Screen,Client,600,0,138.6,GINB,2023-04,USD,S168,2022,Q2,4,1H,541.8,Buy-Side,HNK Alpha,,LiquidityProvider,Academic,1,China,400,16309.21667,209766.9,0,Headlands Technologies,Commods,Paul Macchione,,Financials,Equity Derivatives,Equity,Equity Index,GINB,GIFT Derivatives,GIFT City Bank Index Futures,DBS Vickers,21,0.5,1,ActiveBroker,T,FY23
8628,8628,Headlands Technologies,China,ActiveBroker,ActiveTrader,LiquidityProvider,MarketMaker,WANGD,Screen,Client,-3.41e-13,330.9166667,4587,HWF,2021-05,USD,S009,2020,Q2,5,1H,2352.96,PTG,HRTC,,ActiveBroker,Academic,1,SG ROA,535.375,851.4,188.34,265.9335,Headlands Technologies,Tier 2,Brenna Koh,,Commods,Commods,FFA,FFA,FFA,FFA,Baltic Handysize Time Charter Average (7 Routes) Futures,BPI,22,1,1,ActiveTrader,T+1,FY16
8628,8628,Headlands Technologies,Commodities Sales,ActiveBroker,ActiveTrader,LiquidityProvider,MarketMaker,LUSHB|KOHBRENNA,Screen,Client,240,422.7750588,45677.89598,JB,2021-12,USD,S560,2021,Q4,12,2H,1702.8,Buy-Side,IMR Metallurgical Resources,,LiquidityProvider,Academic,0.125,Hong Kong,1027,3689.4,1032,0,Headlands Technologies,Tier 1,Renaud Gocsei,,Financials,FX/IR,Interest Rates,Interest Rates,JB,JGB Futures,Mini Japanese Government Bond (JGB) Futures,JP Morgan,19,0.125,1,ActiveTrader,T+1,FY20
8628,8628,Headlands Technologies,China,ActiveBroker,ActiveTrader,LiquidityProvider,MarketMaker,LUSHB,Screen,Client,1206,1445.64,156.8,KRW,2024-02,USD,S660,2023,Q1,2,1H,10468.8144,PTG,Balyasny Asset Management,,LiquidityProvider,Academic,1,China,48,73.53,2213.64,0,Headlands Technologies,Tier 1,Toh Li,,Financials,FX/IR,FX,FX,KRW,KRW/USD FX Futures (Full-Sized),KRW/USD FX Futures (Full-Sized),JP Morgan,21,1,1,MarketMaker,T+1,FY25
8628,8628,Headlands Technologies,International Sales RM,ActiveBroker,ActiveTrader,LiquidityProvider,MarketMaker,COHENC,NLT,Client,2473.5,0,1639.736705,LPF,2022-11,SGD,S009,2022,Q4,11,2H,380.034,Brokerage/Agency,Huatai Securities,,LiquidityProvider,Academic,1,SG ROA,1,14.19,997.00875,0,Headlands Technologies,Tier 3,Vivian Wang Min,,Commods,Commods,Iron ore,Iron ore,Iron Ore,Iron ore,Platts Iron Ore CFR China (Lump Premium) Index Fut,Phillip,19,1,1,LiquidityProvider,T,FY16
8628,8628,Headlands Technologies,Omnibus,ActiveBroker,ActiveTrader,LiquidityProvider,MarketMaker,KOHBRENNA|TANBHS,Screen,Client,600,0,750,MC,2021-01,USD,S883,2020,Q1,1,1H,6.45,Buy-Side,Undisclosed,,LiquidityProvider,Academic,0.5,Europe,500,31.6953,14.19,0,Headlands Technologies,Omnibus,David Wang Lipeng,,Commods,Commods,Petchem,Petchem,Petchem,Petchem,ICIS Methanol CFR CN Swap,YongAn,21,1,1,ActiveTrader,T,FY17
8628,8628,Headlands Technologies,GAM,ActiveBroker,ActiveTrader,LiquidityProvider,MarketMaker,KOHBRENNA|LEEKJ,Screen,Client,772,0,4925,MEG,2024-12,USD,S888,2024,Q4,12,2H,3582.585165,Bank Trading Desks,Hertshten Group,,ActiveTrader,Academic,1,SG ROA,10439,1806,16.4,0,Headlands Technologies,Tier 2,Yan Xuan Li,,Commods,Commods,Petchem,Petchem,Petchem,Petchem,ICIS MEG CFR China Swap,Morgan Stanley,19,1,1,ActiveTrader,T+1,FY25
8628,8628,Headlands Technologies,GAM,ActiveBroker,ActiveTrader,LiquidityProvider,MarketMaker,LUSHB,Screen,Client,1700,0,-3212.33,MKP,2025-05,USD,S660,2024,Q2,5,1H,760.584,PTG,Flow Traders,,ActiveBroker,Academic,1,Europe,237,387,196.209,0,Headlands Technologies,Tier 2,Vivian Wang Min,,Commods,Commods,Dairy,Dairy,Dairy,Dairy,SGX-NZX NZ Milk Price (MKP) Futures,DBS Vickers,22,1,1,MarketMaker,T+1,FY15
8628,8628,Headlands Technologies,SGROA RM,ActiveBroker,ActiveTrader,LiquidityProvider,MarketMaker,TANBHS,NLT,Client,272,0,45243.37135,MTWN,2021-08,SGD,S888,2021,Q3,8,2H,465.9351,PTG,Tower Research,,LiquidityProvider,Academic,1,Europe,5754.25,6623.1438,709.5,0,Headlands Technologies,Tier 1,Toh Li,,Financials,Equity Derivatives,Equity,Equity Index,MTWN,Micro FTSE Taiwan Index Futures,Micro FTSE Taiwan Index Futures,Phillip,21,1,1,ActiveTrader,T,FY25
8628,8628,Headlands Technologies,GAM,ActiveBroker,ActiveTrader,LiquidityProvider,MarketMaker,TANBHS|DAVEYC,Screen,Client,410.3,269.5550709,200,MUC,2025-01,USD,S560,2024,Q1,1,1H,-24692.7672,Bank Trading Desks,Qube,,LiquidityProvider,Academic,1,Europe,94,35.088,7224,7713.426,Headlands Technologies,GAM,David Wang Lipeng,,Financials,FX/IR,FX,FX,MUC,USD/CNH Futures,USD/CNH FX Futures Mini,DBS Vickers,21,1,1,LiquidityProvider,T,FY14
8628,8628,Headlands Technologies,America NBS,ActiveBroker,ActiveTrader,LiquidityProvider,MarketMaker,LEEKJ,NLT,Client,195,0,2613.6,MXF,2023-06,USD,S016,2022,Q2,6,1H,968.2095,Trading Firms,Olam International,,ActiveTrader,Academic,1,SG ROA,3202,6331.0878,541.8,0,Headlands Technologies,Tier 1,David Wang Lipeng,,Commods,Commods,Petchem,Petchem,Petchem,Petchem,SGX ICIS Isomer MX FOB Korea Futures,BPI,21,1,0.5,LiquidityProvider,T,FY17
8628,8628,Headlands Technologies,China,ActiveBroker,ActiveTrader,LiquidityProvider,MarketMaker,LIYAN,Screen,Client,260,0,437.58,ND,2021-04,USD,S108,2020,Q2,4,1H,232.2,Brokerage/Agency,Capula Limited,,LiquidityProvider,Academic,1,SG ROA,6064,6308.1,96.75,503.5475181,Headlands Technologies,GAM,Jun Won Lee,,Financials,Equity Derivatives,Equity,Dividend Index,ND,Nikkei Stock Average Dividend Point Index Futures,Nikkei Stock Average Dividend Point Index Futures,BNP Paribas,21,1,1,ActiveTrader,T,FY15
8628,8628,Headlands Technologies,SGROA RM,ActiveBroker,ActiveTrader,LiquidityProvider,MarketMaker,KOHBRENNA,Screen,Client,1114,0,2400,NJ,2023-09,USD,S001,2023,Q3,9,2H,3746.16,PTG,Qube,,LiquidityProvider,Academic,1,SG ROA,3738,1948.287471,18017.043,126.5748,Headlands Technologies,Tier 3,Richard Wenk,,Commods,Commods,Oil,Oil,Oil,Oil,Naphtha Swap CFR Japan,SG Securities,19,1,1,ActiveTrader,T,FY14
8628,8628,Headlands Technologies,China,ActiveBroker,ActiveTrader,LiquidityProvider,MarketMaker,GOCSEIR,NLT,Client,1570.3,0,8.6,NKO,2024-11,USD,S660,2024,Q4,11,2H,4.9,PTG,Capula Limited,,LiquidityProvider,Academic,1,Europe,9457,51.6,387,217.6790865,Headlands Technologies,GAM,omnibus,,Financials,Equity Derivatives,Equity,Equity Index,NKO,Nikkei 225 Options,Nikkei 225 Options,SG Securities,19,0.125,1,MarketMaker,T,FY25
8628,8628,Headlands Technologies,Commodities Sales,ActiveBroker,ActiveTrader,LiquidityProvider,MarketMaker,KOHBRENNA,Screen,Client,21.76,0,1145.2,PWF,2021-10,USD,S009,2021,Q4,10,2H,241.9,Brokerage/Agency,Quadra Commodities,,ActiveTrader,Academic,1,SG ROA,143420,4.5408,39.732,39.732,Headlands Technologies,Commods,Penny Pan Ranran,,Commods,Commods,FFA,FFA,FFA,FFA,Baltic Panamax Time Charter Average (5 Routes) Futures,Phillip,21,1,1,ActiveTrader,T,FY22
8628,8628,Headlands Technologies,Commodities Sales,ActiveBroker,ActiveTrader,LiquidityProvider,MarketMaker,LIYAN,NLT,Client,60215.5,0,80.4,PWFO,2022-08,USD,S078,2022,Q3,8,2H,3175.98,Brokers Prop,Citigroup Prop,,ActiveBroker,Academic,1,China,130,1714.152,147.576,6095.622815,Headlands Technologies,China,Britney Tan Hwee Sian,,Commods,Commods,FFA,FFA,FFA,FFA,Baltic Panamax Time Charter Average (5 Route) Options,Macquarie,19,1,1,MarketMaker,T,FY13
8628,8628,Headlands Technologies,SGROA NBS,ActiveBroker,ActiveTrader,LiquidityProvider,MarketMaker,GOCSEIR,Screen,Client,408,11073.37804,397.35,SMP,2022-03,USD,S009,2021,Q1,3,1H,82.302,Trading Firms,Millennium Capital Management,,ActiveBroker,Academic,1,China,102,7058.88,17028,0,Headlands Technologies,Tier 1,Vivian Wang Min,,Commods,Commods,Dairy,Dairy,Dairy,Dairy,SGX-NZX Global Skim Milk Powder (SMP) Futures,ABN Amro,19,1,1,LiquidityProvider,T+1,FY14
8628,8628,Headlands Technologies,Omnibus,ActiveBroker,ActiveTrader,LiquidityProvider,MarketMaker,KOHBRENNA|WANGV,Screen,Client,631642,21.42,3576,SMPO,2025-06,USD,S020,2024,Q2,6,1H,321.85,PTG,Caxton (Singapore) Pte. Ltd,,LiquidityProvider,Academic,1,Omnibus,31095.25,54.80013815,508.4,0,Headlands Technologies,Tier 1,Brenna Koh,,Commods,Commods,Dairy,Dairy,Dairy,Dairy,SGX-NZX Global Skim Milk Powder (SMP) Options,JP Morgan,19,1,1,LiquidityProvider,T+1,FY15
8628,8628,Headlands Technologies,GAM,ActiveBroker,ActiveTrader,LiquidityProvider,MarketMaker,KOHBRENNA,Screen,Client,120,5729.356532,1663.2,ST,2024-08,USD,S009,2024,Q3,8,2H,437.1036,Trading Firms,TRADEPRO DMCC,,LiquidityProvider,Academic,1,USA,400,0,38815.326,1107.940724,Headlands Technologies,Tier 2,David Wang Lipeng,,Financials,Equity Derivatives,Equity,Equity Index,ST,Straits Times Index Futures,Straits Times Index Futures,Goldman Sachs,21,1,1,ActiveTrader,T,FY18
8628,8628,Headlands Technologies,America NBS,ActiveBroker,ActiveTrader,LiquidityProvider,MarketMaker,LIYAN,NLT,Client,1800,0,540.75,SWF,2022-10,USD,S660,2022,Q4,10,2H,1603.47,PTG,Revolution Capital Management LLC,,LiquidityProvider,Academic,0.25,Europe,3252.25,-7233.034795,4576.275,15.48,Headlands Technologies,Tier 1,Vivian Wang Min,,Commods,Commods,FFA,FFA,FFA,FFA,Baltic Supramax Time Charter (10 Routes) Average F,Phillip,22,0.5,1,ActiveTrader,T,FY12
8628,8628,Headlands Technologies,Commodities Sales,ActiveBroker,ActiveTrader,LiquidityProvider,MarketMaker,GROTHK,Screen,Client,48,0,184.8,TF,2021-07,USD,S001,2021,Q3,7,2H,77.4,PTG,Morgan Stanley House,,LiquidityProvider,Academic,1,SG ROA,134255.5,23041.722,34.85,0,Headlands Technologies,Tier 2,Carl Davey,,Commods,Commods,Rubber,Rubber,Rubber,Rubber,SICOM TSR20 Futures,JP Morgan,21,1,1,LiquidityProvider,T,FY24
8628,8628,Headlands Technologies,America NBS,ActiveBroker,ActiveTrader,LiquidityProvider,MarketMaker,LUSHB,Screen,Client,774,20.4,7442.44,TFO,2024-04,USD,S001,2023,Q2,4,1H,4353.75,Buy-Side,Goldman House,,MarketMaker,Academic,1,Hong Kong,120,7.224,141.9,36.12,Headlands Technologies,GAM,Vivian Wang Min,,Commods,Commods,Rubber,Rubber,Rubber,Rubber,SICOM TSR 20 Rubber Options,Orient Futures,22,1,1,LiquidityProvider,T,FY17
8628,8628,Headlands Technologies,HK NBS,ActiveBroker,ActiveTrader,LiquidityProvider,MarketMaker,TOHL,Screen,Client,300,1995.2,126,TU,2023-07,USD,S350,2023,Q3,7,2H,1843.668,Buy-Side,Point 72,,LiquidityProvider,Academic,1,Hong Kong,446743,3498.553358,22409.88,0,Headlands Technologies,Tier 1,Kenneth Ng Say Chong,,Financials,FX/IR,FX,FX,TU,THB/USD FX Futures,THB/USD FX Futures,ADMIS,21,1,1,LiquidityProvider,T+1,FY25
8628,8628,Headlands Technologies,SGROA RM,ActiveBroker,ActiveTrader,LiquidityProvider,MarketMaker,LUSHB|GOCSEIR,Screen,Client,2993,0,125,UCO,2023-05,USD,S020,2022,Q2,5,1H,6.45,Brokerage/Agency,Yuanta Futures - Agency,,MarketMaker,Academic,1,Hong Kong,2378,23.736,8.2,0,Headlands Technologies,Commods,David Wang Lipeng,,Financials,FX/IR,FX,FX,UCO,USD/CNH Options,USD/CNH FX Options,Marex,19,1,1,LiquidityProvider,T,FY26
8628,8628,Headlands Technologies,China,ActiveBroker,ActiveTrader,LiquidityProvider,MarketMaker,TANSY,Screen,Client,316.8,0,125,US,2022-07,USD,S016,2022,Q3,7,2H,3196.509956,Buy-Side,Theme,,MarketMaker,Academic,0.5,USA,2707,1.29,8181.2445,0,Headlands Technologies,Tier 2,Renaud Gocsei,,Financials,FX/IR,FX,FX,US,USD/SGD FX Futures,USD/SGD FX Futures (Mini),Macquarie,19,1,1,LiquidityProvider,T,FY15
8628,8628,Headlands Technologies,International Sales RM,ActiveBroker,ActiveTrader,LiquidityProvider,MarketMaker,GOCSEIR,Screen,Client,3388.8,8.989788054,35,WMP,2025-02,USD,S888,2024,Q1,2,1H,579.4445455,Buy-Side,Dormouse Limited,,LiquidityProvider,Academic,1,USA,1,-8450.416569,225.75,12449.06225,Headlands Technologies,GAM,Britney Tan Hwee Sian,,Commods,Commods,Dairy,Dairy,Dairy,Dairy,SGX-NZX Global Whole Milk Powder (WMP) Futures,StoneX,19,0.25,1,LiquidityProvider,T,FY26
8628,8628,Headlands Technologies,Commodities Sales,ActiveBroker,ActiveTrader,LiquidityProvider,MarketMaker,LUSHB|KOHBRENNA,NLT,Client,187.8,0,80,ZACE,2021-09,SGD,S092,2021,Q3,9,2H,9277.422,Buy-Side,Jump Trading,,ActiveTrader,Academic,1,China,30059,5047.77,51.1485,0,Headlands Technologies,Commods,Jason Lee,,Financials,Equity Derivatives,Equity,SSF,Indian SSF,Indian Single Stock Futures,Ambuja Cements Futures,HGNH,19,1,1,ActiveTrader,T,FY17
8628,8628,Headlands Technologies,SGROA NBS,ActiveBroker,ActiveTrader,LiquidityProvider,MarketMaker,LUSHB|KOHBRENNA,NLT,Client,28,749.5,300,ZAXS,2023-01,USD,S092,2022,Q1,1,1H,24409.896,Brokerage/Agency,HRTC,,LiquidityProvider,Academic,1,Omnibus,160,73.53,78855.249,0,Headlands Technologies,Tier 1,Julie Joseph,,Financials,Equity Derivatives,Equity,SSF,Indian SSF,Indian Single Stock Futures,Axis Bank Futures,Deutsche,21,1,1,LiquidityProvider,T,FY17
8628,8628,Headlands Technologies,America NBS,ActiveBroker,ActiveTrader,LiquidityProvider,MarketMaker,COHENC|MACCHIONEP,Screen,Client,278.3,0,8.8,ZBAF,2025-03,USD,S108,2024,Q1,3,1H,3671.25,PTG,China Xin YongAn Futures,,ActiveTrader,Academic,1,Europe,6290,2712.83775,709.5,209.0506849,Headlands Technologies,Tier 1,John Hogger,,Financials,Equity Derivatives,Equity,SSF,Indian SSF,Indian Single Stock Futures,Bajaj Finance Futures,Barclays,19,1,1,MarketMaker,T,FY25
8628,8628,Headlands Technologies,Omnibus,ActiveBroker,ActiveTrader,LiquidityProvider,MarketMaker,LUSHB|TANSY,Screen,Client,60,39.6,132.8,ZCOA,2023-12,USD,S011,2023,Q4,12,2H,70.2792,Brokerage/Agency,Abans Global Limited,,MarketMaker,Academic,0.25,Europe,1591,381.195,4768.32375,435.375,Headlands Technologies,Tier 1,Toh Li,,Financials,Equity Derivatives,Equity,SSF,Indian SSF,Indian Single Stock Futures,Coal India Futures,UBS Futures,19,1,1,ActiveTrader,T+1,FY16
8628,8628,Headlands Technologies,International Sales RM,ActiveBroker,ActiveTrader,LiquidityProvider,MarketMaker,GOCSEIR,Screen,Client,236,0,453.05,ZHDB,2024-09,USD,S888,2024,Q3,9,2H,331.272,Others,Millennium Capital Management,,ActiveTrader,Academic,0.5,Omnibus,211,4345.5456,2760.342,0,Headlands Technologies,Tier 1,David Chiam,,Financials,Equity Derivatives,Equity,SSF,Indian SSF,Indian Single Stock Futures,HDFC Bank Futures,BPI,21,1,1,LiquidityProvider,T,FY24
8628,8628,Headlands Technologies,Commodities Sales,ActiveBroker,ActiveTrader,LiquidityProvider,MarketMaker,GROTHK,NLT,Client,6,1,373.1,ZHND,2022-05,USD,S016,2021,Q2,5,1H,11571.48242,Brokerage/Agency,Winton Capital Europe,,ActiveTrader,Academic,1,Europe,13433,100.62,1857.6,52.15783784,Headlands Technologies,Tier 3,Renaud Gocsei,,Financials,Equity Derivatives,Equity,SSF,Indian SSF,Indian Single Stock Futures,Hindalco Industries Futures,Morgan Stanley,21,1,0.5,ActiveTrader,T,FY24
8628,8628,Headlands Technologies,GAM,ActiveBroker,ActiveTrader,LiquidityProvider,MarketMaker,GOCSEIR,NLT,Client,67.5,42.80515022,1.5,ZHPC,2023-11,USD,S108,2023,Q4,11,2H,1235.304,Buy-Side,Qube,,ActiveBroker,Academic,0.5,USA,5313,42.57,94.428,0,Headlands Technologies,GAM,Richard Wenk,,Financials,Equity Derivatives,Equity,SSF,Indian SSF,Indian Single Stock Futures,Hindustan Petroleum Corp Futures,Phillip,21,1,1,LiquidityProvider,T,FY20
8628,8628,Headlands Technologies,International Sales RM,ActiveBroker,ActiveTrader,LiquidityProvider,MarketMaker,LEEKJ,NLT,Client,2463,0,5235.52,ZIIB,2024-10,USD,S888,2024,Q4,10,2H,806.25,Brokerage/Agency,Greater Bay Management Ltd,,ActiveTrader,Academic,1,SG ROA,20,11.352,15276.954,13.803,Headlands Technologies,Omnibus,Carl Davey,,Financials,Equity Derivatives,Equity,SSF,Indian SSF,Indian Single Stock Futures,IndusInd Bank Futures,BPI,21,1,1,LiquidityProvider,T,FY18
8628,8628,Headlands Technologies,SGROA NBS,ActiveBroker,ActiveTrader,LiquidityProvider,MarketMaker,LEEJW,Screen,Client,1546.5,0,225,ZLPC,2022-06,USD,S350,2021,Q2,6,1H,170.28,Brokerage/Agency,Capital Securities Prop,,LiquidityProvider,Academic,1,USA,263,7353,10.32,0,Headlands Technologies,GAM,Britney Tan Hwee Sian,,Financials,Equity Derivatives,Equity,SSF,Indian SSF,Indian Single Stock Futures,Lupin Futures,SG Securities,21,1,1,ActiveTrader,T+1,FY23
8628,8628,Headlands Technologies,International Sales RM,ActiveBroker,ActiveTrader,LiquidityProvider,MarketMaker,TANBHS|DAVEYC,Screen,Client,6226,0,825,ZNTP,2023-08,USD,S061,2023,Q3,8,2H,612.75,Buy-Side,Huatai Securities,,LiquidityProvider,Academic,1,China,15,0,4046.988,28444.87193,Headlands Technologies,Tier 2,Vivian Wang Min,,Financials,Equity Derivatives,Equity,SSF,Indian SSF,Indian Single Stock Futures,NTPC Futures,SG Securities,21,1,1,ActiveTrader,T+1,FY13
8628,8628,Headlands Technologies,China,ActiveBroker,ActiveTrader,LiquidityProvider,MarketMaker,LIYAN,NLT,Client,1149.02,659.28,1386,ZONG,2024-05,USD,S020,2023,Q2,5,1H,612.75,Buy-Side,Optimus Commodities,,LiquidityProvider,Academic,1,Europe,50,709.5,13609,0,Headlands Technologies,Tier 2,Vivian Wang Min,,Financials,Equity Derivatives,Equity,SSF,Indian SSF,Indian Single Stock Futures,Oil & Natural Gas Corp Futures,Merrill Lynch,21,1,1,ActiveBroker,T+1,FY15
8628,8628,Headlands Technologies,China,ActiveBroker,ActiveTrader,LiquidityProvider,MarketMaker,TANSY,NLT,Client,12523.5,13025.73975,175,ZVDA,2023-10,USD,S660,2023,Q4,10,2H,709.5,PTG,HSBC Omnibus,,MarketMaker,Academic,1,SG ROA,18800,227.04,6.966,0,Headlands Technologies,Commods,Renaud Gocsei,,Financials,Equity Derivatives,Equity,SSF,Indian SSF,Indian Single Stock Futures,Vedanta Limited Futures,JP Morgan,21,1,1,ActiveBroker,T+1,FY22
1929-A,1929-A,Jump Trading,China,ActiveBroker,ActiveTrader,LiquidityProvider,MarketMaker,WANGV,NLT,Client,539,3021.714041,765,BTR,2021-08,USD,S111,2021,Q3,8,2H,53155.74,Buy-Side,Qwei Pte. Ltd.,Singapore,LiquidityProvider,Accounting Firm,1,Europe,232,647.064,1640,15.996,Jump Trading,Tier 2,omnibus,,Commods,Commods,Dairy,Dairy,Dairy,Dairy,SGX-NZX Global Butter (BTR) Futures,HGNH,22,1,1,LiquidityProvider,T,FY26
1929-A,1929-A,Jump Trading,Commodities Sales Europe,ActiveBroker,ActiveTrader,LiquidityProvider,MarketMaker,LUSHB|KOHBRENNA,NLT,Client,60,0,3894,CX11F,2023-01,USD,S138,2022,Q1,1,1H,4.9665,Buy-Side,King Metore International Pte. Ltd,Singapore,ActiveTrader,Accounting Firm,0.5,Europe,28,-3148.345745,17.415,0,Jump Trading,Tier 1,Penny Pan Ranran,,Commods,Commods,FFA,FFA,FFA,FFA,SGX Baltic Container Freight Route FBX11 Futures,Morgan Stanley,22,0.5,1,ActiveTrader,T+1,FY23
1929-A,1929-A,Jump Trading,SGROA NBS,ActiveBroker,ActiveTrader,LiquidityProvider,MarketMaker,WANGV,Screen,Client,45451.5,35,1200,CZF,2022-05,USD,S009,2021,Q2,5,1H,87458.646,Brokerage/Agency,Marylebone international LLC,Singapore,LiquidityProvider,Accounting Firm,1,China,2357,440.406,4392.125,5.031,Jump Trading,Tier 2,Carl Davey,,Commods,Commods,FFA,FFA,FFA,FFA,SGX Baltic Capesize Time Charter Average (5 Routes) 182 Futures,Marex,21,1,1,ActiveTrader,T,FY14
1929-A,1929-A,Jump Trading,SGROA RM,ActiveBroker,ActiveTrader,LiquidityProvider,MarketMaker,DAVEYC|TOHL,Screen,House,900,6097.166024,4197.05,CZFO,2025-06,USD,S883,2024,Q2,6,1H,6274.818,Buy-Side,Focus Vision FZCO,Singapore,ActiveTrader,Accounting Firm,1,SG ROA,534,0.16125,9933,338.625,Jump Trading,Commods,Yan Xuan Li,,Commods,Commods,FFA,FFA,FFA,FFA,SGX Options on Baltic Capesize Time Charter Average (5 Routes) 182 Futures,Phillip,19,1,1,LiquidityProvider,T,FY25
1929-A,1929-A,Jump Trading,International Sales RM,ActiveBroker,ActiveTrader,LiquidityProvider,MarketMaker,WANGD,Screen,Client,41.4,5193.16,1800,GINO,2022-04,USD,S660,2021,Q2,4,1H,1711.305739,Buy-Side,DBS Bank Ltd,Singapore,LiquidityProvider,Accounting Firm,1,Europe,1690,8309.853994,340.56,493.0754039,Jump Trading,Tier 1,Tashya Zhuo Xiaofan,,Financials,Equity Derivatives,Equity,Equity Index,GINO,GIFT Derivatives,GIFT City Index Options,UBS Futures,19,1,1,LiquidityProvider,T+1,FY23
1929-A,1929-A,Jump Trading,Commodities Sales,ActiveBroker,ActiveTrader,LiquidityProvider,MarketMaker,WANGV|LIYAN,Screen,Client,39,0,11427,HKC,2024-11,USD,S020,2024,Q4,11,2H,10619.796,Buy-Side,Ovata Capital Management,Singapore,LiquidityProvider,Accounting Firm,1,USA,2093.5,-253.7704918,16.5,0,Jump Trading,Commods,Craig Cohen,,Financials,FX/IR,FX,FX,HKC,HKD/CNH Futures,HKD/CNH Futures,ADMIS,21,1,1,LiquidityProvider,T,FY15
1929-A,1929-A,Jump Trading,International Sales RM,ActiveBroker,ActiveTrader,LiquidityProvider,MarketMaker,KOHBRENNA|GROTHK,Screen,Client,540,0,600,HKU,2023-11,USD,S660,2023,Q4,11,2H,6,PTG,Pengyuan HK,Singapore,ActiveBroker,Accounting Firm,1,Omnibus,210,2411.038043,4435.794,12.384,Jump Trading,Tier 3,Bobby Lush,,Financials,FX/IR,FX,FX,HKU,HKD/USD Futures,HKD/USD Futures,JP Morgan,21,1,1,ActiveTrader,T+1,FY22
1929-A,1929-A,Jump Trading,Commodities Sales,ActiveBroker,ActiveTrader,LiquidityProvider,MarketMaker,TANBHS|DAVEYC,Screen,Client,2220,0,3,IDR,2023-04,USD,S289,2022,Q2,4,1H,15276.954,Trading Firms,Dymon Asia,Singapore,ActiveTrader,Accounting Firm,1,SG ROA,22.5,320.307,77.4,1.548,Jump Trading,Commods,David Wang Lipeng,,Financials,FX/IR,FX,FX,IDR,IDR/USD FX Futures,IDR/USD Futures,OCBC Securities,18,1,1,LiquidityProvider,T,FY16
1929-A,1929-A,Jump Trading,International Sales RM,ActiveBroker,ActiveTrader,LiquidityProvider,MarketMaker,LUSHB,Screen,Client,2158,1336.129855,695.78,IN10,2025-01,USD,S389,2024,Q1,1,1H,6370.0845,Trading Firms,Detian (Singapore) International Pte Ltd,Singapore,LiquidityProvider,Accounting Firm,1,SG ROA,10,774,28.0704,0,Jump Trading,Tier 2,Richard Wenk,,Financials,FX/IR,Interest Rates,Interest Rates,AGB,SGX FTSE 10-Year India Government Bond Futures,SGX FTSE 10-Year India Government Bond Futures,StoneX,18,1,1,LiquidityProvider,T,FY14
1929-A,1929-A,Jump Trading,International Sales RM,ActiveBroker,ActiveTrader,LiquidityProvider,MarketMaker,LIYAN,NLT,Client,350.55,8.111011419,-38.87515728,MCNAX,2025-11,USD,S660,2025,Q4,11,2H,37.152,Buy-Side,Millennium Capital Management,Singapore,ActiveBroker,Accounting Firm,1,SG ROA,743,0.774,387,0,Jump Trading,Commods,Renaud Gocsei,,Financials,Equity Derivatives,Equity,Equity Index,MCA,MSCI AC Asia Ex Japan Climate Action Index Net USD,MSCI AC Asia Ex Japan Climate Action Index Net USD,KGI,21,0.125,1,LiquidityProvider,T+1,FY14
1929-A,1929-A,Jump Trading,SGROA RM,ActiveBroker,ActiveTrader,LiquidityProvider,MarketMaker,WANGD,NLT,Client,9,0,850,MEGF,2021-06,USD,S350,2020,Q2,6,1H,4042.86,PTG,Goldman Sachs Omnibus,Singapore,LiquidityProvider,Accounting Firm,1,Omnibus,10,10911.078,469.044,0,Jump Trading,Tier 3,Bobby Lush,,Commods,Commods,Petchem,Petchem,Petchem,Petchem,ICIS MEG CFR China Futures,Phillip,20,1,1,LiquidityProvider,T,FY26
1929-A,1929-A,Jump Trading,International Sales RM,ActiveBroker,ActiveTrader,LiquidityProvider,MarketMaker,CHIALPL,Screen,Client,60,0,82.5,MKPO,2024-12,USD,S350,2024,Q4,12,2H,692.73,Trading Firms,Symmetry Financials Limited,Singapore,LiquidityProvider,Accounting Firm,1,Hong Kong,4,22.188,7.095,0,Jump Trading,Tier 1,Jason Lee,,Commods,Commods,Dairy,Dairy,Dairy,Dairy,SGX-NZX NZ Milk Price (MKP) Options,Orient Futures,19,1,1,LiquidityProvider,T+1,FY16
1929-A,1929-A,Jump Trading,China,ActiveBroker,ActiveTrader,LiquidityProvider,MarketMaker,JUDGEM,Screen,Client,315,0,0.9,MTWD,2021-02,USD,S560,2020,Q1,2,1H,3175.98,Brokerage/Agency,Transtrend,Singapore,ActiveTrader,Accounting Firm,1,China,6083,34.5,90.945,0,Jump Trading,Commods,Britney Tan Hwee Sian,,Financials,FX/IR,FX,FX,MTWD,SGX TWD/USD FX (Micro) Futures,SGX TWD/USD FX (Micro) Futures,HGNH,21,1,1,LiquidityProvider,T+1,FY25
1929-A,1929-A,Jump Trading,International Sales RM,ActiveBroker,ActiveTrader,LiquidityProvider,MarketMaker,LIYAN,NLT,Client,56186.4,0,405.6,NS,2022-10,USD,S560,2022,Q4,10,2H,25.8,PTG,Futu Securities - Client,Singapore,LiquidityProvider,Accounting Firm,1,Europe,148,14.19,9.03,0,Jump Trading,Tier 3,Yan Xuan Li,,Financials,Equity Derivatives,Equity,Equity Index,NS,NIKKEI 225 MINI,NIKKEI 225 MINI,Goldman Sachs,21,1,1,LiquidityProvider,T+1,FY14
1929-A,1929-A,Jump Trading,GAM,ActiveBroker,ActiveTrader,LiquidityProvider,MarketMaker,LUSHB|TANBHS,Screen,Client,147076.6,0,1340.7,NSP,2021-01,USD,S660,2020,Q1,1,1H,4200.588353,Brokerage/Agency,Undisclosed,Singapore,LiquidityProvider,Accounting Firm,0.125,Europe,136,254.001,408.285,77.4,Jump Trading,GAM,Yan Xuan Li,,Financials,Equity Derivatives,Equity,MSCI NTR,MSCI NTR,MSCI Singapore NTR (USD) Index Futures,MSCI Singapore NTR (USD) Index Futures,JP Morgan,22,1,1,ActiveTrader,T,FY26
1929-A,1929-A,Jump Trading,America NBS,ActiveBroker,ActiveTrader,LiquidityProvider,MarketMaker,LUSHB,Screen,Client,422.94,0,-3208.012806,RBF,2023-08,USD,S078,2023,Q3,8,2H,1419,Trading Firms,CIFCO Group,Singapore,LiquidityProvider,Accounting Firm,0.125,Europe,192,612.75,1035.87,166.797,Jump Trading,Tier 1,Tan Say Liang,,Commods,Commods,Rebar,Rebar,Rebar,Rebar,SGX Mysteel Shanghai Rebar (USD) Futures,Goldman Sachs,18,1,1,ActiveBroker,T+1,FY26
1929-A,1929-A,Jump Trading,GAM,ActiveBroker,ActiveTrader,LiquidityProvider,MarketMaker,LIYAN,NLT,Client,736.8,0,19676.08,RT,2021-07,USD,S111,2021,Q3,7,2H,1437.06,Buy-Side,Kyobo Securities (Client),Singapore,LiquidityProvider,Accounting Firm,0.25,SG ROA,86,5777.91,1775.04,18259.33725,Jump Trading,GAM,Renaud Gocsei,,Commods,Commods,Rubber,Rubber,Rubber,Rubber,Rubber,Phillip,21,1,1,LiquidityProvider,T,FY23
1929-A,1929-A,Jump Trading,GAM,ActiveBroker,ActiveTrader,LiquidityProvider,MarketMaker,TANSY,NLT,Client,400,473.4093062,6,SMC,2024-04,USD,S108,2023,Q2,4,1H,57.4,Buy-Side,Millennium Capital Management,Singapore,LiquidityProvider,Accounting Firm,1,SG ROA,280,39.95,148.995,11160.20036,Jump Trading,Omnibus,Britney Tan Hwee Sian,,Commods,Commods,Petchem,Petchem,Petchem,Petchem,ICIS SM CFR China Swap,Goldman Sachs,21,0.5,1,ActiveBroker,T+1,FY26
1929-A,1929-A,Jump Trading,GAM,ActiveBroker,ActiveTrader,LiquidityProvider,MarketMaker,LUSHB|KOHBRENNA,Screen,Client,100,0,125.5,SND,2024-02,USD,S078,2023,Q1,2,1H,-7944.594506,PTG,Undisclosed,Singapore,LiquidityProvider,Accounting Firm,1,Europe,2196,28714.1745,46580.2875,0,Jump Trading,Tier 1,Britney Tan Hwee Sian,,Financials,FX/IR,FX,FX,SND,USD/SGD FX Futures (Full-sized),USD/SGD FX Futures (Full-Sized),JP Morgan,21,0.5,1,LiquidityProvider,T,FY18
1929-A,1929-A,Jump Trading,International Sales RM,ActiveBroker,ActiveTrader,LiquidityProvider,MarketMaker,KOHBRENNA,Screen,Client,95.12,2143.8,12332.1,SWFO,2025-03,USD,S350,2024,Q1,3,1H,32.8,Brokerage/Agency,Phillip Nova,Singapore,LiquidityProvider,Accounting Firm,1,USA,76,1219.05,72.5496,0,Jump Trading,Tier 3,Jun Won Lee,,Commods,Commods,FFA,FFA,FFA,FFA,SWFO,Deutsche,21,1,1,LiquidityProvider,T,FY24
1929-A,1929-A,Jump Trading,Europe NBS,ActiveBroker,ActiveTrader,LiquidityProvider,MarketMaker,LUSHB,Screen,Client,137.74,0,1314,SZFO,2025-12,USD,S138,2025,Q4,12,2H,2309.3322,PTG,Theme Capital Fund,Singapore,ActiveTrader,Accounting Firm,1,SG ROA,300,0,4963.662,704.856,Jump Trading,China,David Wang Lipeng,,Commods,Commods,FFA,FFA,FFA,FFA,SGX Baltic Supramax Time Charter Average (11 Routes) Swap,Phillip,19,1,1,LiquidityProvider,T+1,FY12
1929-A,1929-A,Jump Trading,GAM,ActiveBroker,ActiveTrader,LiquidityProvider,MarketMaker,LUSHB,Screen,Client,217.75,0,100,TD,2024-09,USD,S108,2024,Q3,9,2H,2547.75,Others,Jump Trading,Singapore,ActiveTrader,Accounting Firm,0.25,USA,119888.5,33.54,11135.3187,853.0890798,Jump Trading,Tier 1,Renaud Gocsei,,Financials,FX/IR,FX,FX,TD,TWD/USD FX Futures (Mini),TWD/USD FX Futures (Mini),SG Securities,22,1,1,LiquidityProvider,T,FY15
1929-A,1929-A,Jump Trading,International Sales RM,ActiveBroker,ActiveTrader,LiquidityProvider,MarketMaker,LUSHB,NLT,Client,100,0,67.2,TONA,2022-08,USD,S078,2022,Q3,8,2H,266808.3662,Buy-Side,Clearlake Shipping Pte Ltd,Singapore,ActiveTrader,Accounting Firm,1,SG ROA,1933,5.6115,1610.7875,0,Jump Trading,Tier 2,Vivian Wang Min,,Financials,FX/IR,Interest Rates,Interest Rates,TONA,SGX Three-Month Tokyo Overnight Average Rate (TONA) Futures,SGX Three-Month Tokyo Overnight Average Rate (TONA) Futures,BNP Paribas,22,1,1,LiquidityProvider,T+1,FY16
1929-A,1929-A,Jump Trading,Europe NBS,ActiveBroker,ActiveTrader,LiquidityProvider,MarketMaker,TANBHS|DAVEYC,NLT,Client,2462,0,756.5,TWD,2022-01,USD,S011,2021,Q1,1,1H,-89.6683031,Trading Firms,Undisclosed,Singapore,ActiveBroker,Accounting Firm,1,Hong Kong,11,64396.8,5185.8,131.3865,Jump Trading,Tier 2,Britney Tan Hwee Sian,,Financials,FX/IR,FX,FX,TWD,TWD/USD FX Futures (Full-Sized),TWD/USD FX Futures (Full-Sized),SG Securities,18,0.5,1,ActiveTrader,T,FY20
1929-A,1929-A,Jump Trading,SGROA RM,ActiveBroker,ActiveTrader,LiquidityProvider,MarketMaker,TANBHS,Screen,Client,28,3092.425,728.5315599,TWNO,2025-08,USD,S111,2025,Q3,8,2H,335.3484,Buy-Side,IMC Holdings Limited,Singapore,LiquidityProvider,Accounting Firm,1,Europe,571,1353.464775,323.870625,0,Jump Trading,Tier 3,Renaud Gocsei,,Financials,Equity Derivatives,Equity,Equity Index,TWNO,FTSE Taiwan Index Options,FTSE Taiwan Index Options,Orient Futures,21,1,1,ActiveTrader,T,FY13
1929-A,1929-A,Jump Trading,GAM,ActiveBroker,ActiveTrader,LiquidityProvider,MarketMaker,TANBHS,NLT,Client,12,163.1794297,3077.8,UY,2021-12,USD,S111,2021,Q4,12,2H,15624.996,Trading Firms,Shinhan Securities (House),Singapore,LiquidityProvider,Accounting Firm,1,SG ROA,57.5,3.87,3418.371,164.475,Jump Trading,Tier 2,Penny Pan Ranran,,Financials,FX/IR,FX,FX,UY,USD/JPY (STANDARD) FX,USD/JPY (STANDARD) FX,Barclays,18,1,1,LiquidityProvider,T,FY12
1929-A,1929-A,Jump Trading,Commodities Sales,ActiveBroker,ActiveTrader,LiquidityProvider,MarketMaker,TANSY,Screen,Client,44.85,0,-1103.041709,WMPO,2021-05,USD,S138,2020,Q2,5,1H,0,Brokers Prop,Deutsche House,Singapore,LiquidityProvider,Accounting Firm,1,SG ROA,300,13988.1633,12256.5,0,Jump Trading,Commods,Jun Won Lee,,Commods,Commods,Dairy,Dairy,Dairy,Dairy,SGX-NZX Global Whole Milk Powder (WMP) Options,Mizuho SG,19,1,1,MarketMaker,T,FY18
1929-A,1929-A,Jump Trading,China,ActiveBroker,ActiveTrader,LiquidityProvider,MarketMaker,WENKR,Screen,Client,280,0,64.24,YDBS,2022-11,USD,S813,2022,Q4,11,2H,21.93,PTG,AP Capital International,Singapore,LiquidityProvider,Accounting Firm,1,Europe,88,572.4062137,374.125,0,Jump Trading,GAM,Richard Wenk,,Financials,Equity Derivatives,Equity,SSF,Singapore SSF,Singapore Single Stock Futures,DBS Futures,StoneX,18,1,1,ActiveTrader,T+1,FY15
1929-A,1929-A,Jump Trading,GAM,ActiveBroker,ActiveTrader,LiquidityProvider,MarketMaker,TANBHS|LEEKJ,Screen,Client,2070798.4,0,66,YWIL,2025-07,SGD,S092,2025,Q3,7,2H,783.675,Buy-Side,LCAM Fund,Singapore,LiquidityProvider,Accounting Firm,0.25,Europe,200,3403.665,294.12,11496.88653,Jump Trading,Commods,Britney Tan Hwee Sian,,Financials,Equity Derivatives,Equity,SSF,Singapore SSF,Singapore Single Stock Futures,Wilmar Futures,DBS Vickers,21,1,1,ActiveBroker,T+1,FY16
1929-A,1929-A,Jump Trading,China,ActiveBroker,ActiveTrader,LiquidityProvider,MarketMaker,TANBHS|JUDGEM,Screen,Client,20,21357.80829,825,ZADS,2023-09,USD,S009,2023,Q3,9,2H,12358.845,Buy-Side,Tibra Trading,Singapore,ActiveTrader,Accounting Firm,1,SG ROA,24025,154.8,263.16,0,Jump Trading,Tier 2,Toh Li,,Financials,Equity Derivatives,Equity,SSF,Indian SSF,Indian Single Stock Futures,ADANIPORT Futures Contracts: ADANI PORTS AND SPECIAL ECON,SG Securities,21,1,1,ActiveTrader,T+1,FY15
1929-A,1929-A,Jump Trading,International Sales RM,ActiveBroker,ActiveTrader,LiquidityProvider,MarketMaker,WANGV,Screen,House,5128.2,0,0,ZARB,2025-10,SGD,S001,2025,Q4,10,2H,159.2174013,Buy-Side,Direct Access,Singapore,ActiveTrader,Accounting Firm,1,SG ROA,27416,706.662,68.675,0,Jump Trading,Tier 2,Yan Xuan Li,,Financials,Equity Derivatives,Equity,SSF,Indian SSF,Indian Single Stock Futures,Aurobindo Pharma Futures,Deutsche,22,0.5,1,ActiveTrader,T+1,FY14
1929-A,1929-A,Jump Trading,China,ActiveBroker,ActiveTrader,LiquidityProvider,MarketMaker,WANGV|LIYAN,Screen,Client,2886.28,164.1,1854.468355,ZBHA,2021-10,USD,S009,2021,Q4,10,2H,0,PTG,Transtrend,Singapore,ActiveTrader,Accounting Firm,1,SG ROA,300,1256.63301,3077.424,0,Jump Trading,GAM,Renaud Gocsei,,Financials,Equity Derivatives,Equity,SSF,Indian SSF,Indian Single Stock Futures,Bharti Airtel Futures,Phillip,18,1,1,ActiveTrader,T,FY14
1929-A,1929-A,Jump Trading,HK NBS,ActiveBroker,ActiveTrader,LiquidityProvider,MarketMaker,COHENC|MACCHIONEP,Screen,Client,0,0,3900,ZBHI,2024-01,USD,S560,2023,Q1,1,1H,9.675,Brokerage/Agency,Yuanta Securities - Prop,Singapore,LiquidityProvider,Accounting Firm,1,China,400,723.69,2.322,931.21875,Jump Trading,GAM,Renaud Gocsei,,Financials,Equity Derivatives,Equity,SSF,Indian SSF,Indian Single Stock Futures,Bharti Infratel Futures,BPI,21,1,1,ActiveTrader,T,FY25
1929-A,1929-A,Jump Trading,International Sales RM,ActiveBroker,ActiveTrader,LiquidityProvider,MarketMaker,LIYAN,Screen,House,1322,0,2250,ZBJA,2023-07,USD,S560,2023,Q3,7,2H,12.3,Trading Firms,Jump Trading,Singapore,LiquidityProvider,Accounting Firm,0.25,USA,1475,116.1,161.766,0,Jump Trading,Tier 2,David Chiam,,Financials,Equity Derivatives,Equity,SSF,Indian SSF,Indian Single Stock Futures,Bajaj Auto Futures,BNP Paribas,21,1,1,MarketMaker,T,FY17
1929-A,1929-A,Jump Trading,Commodities Sales,ActiveBroker,ActiveTrader,LiquidityProvider,MarketMaker,TANBHS|DAVEYC,NLT,Client,125,23715.5,1200,ZBOS,2022-02,USD,S001,2021,Q1,2,1H,590.175,PTG,JP Morgan House,Singapore,LiquidityProvider,Accounting Firm,1,USA,2088,39.732,1545.42,868.428,Jump Trading,China,Brenna Koh,,Financials,Equity Derivatives,Equity,SSF,Indian SSF,Indian Single Stock Futures,Bosch Futures,Deutsche,21,1,1,LiquidityProvider,T+1,FY20
1929-A,1929-A,Jump Trading,SGROA NBS,ActiveBroker,ActiveTrader,LiquidityProvider,MarketMaker,LUSHB|KOHBRENNA,Screen,Client,1593.9,183.6,860.53,ZCIP,2022-09,USD,S016,2022,Q3,9,2H,10.9005,Buy-Side,Nomura House,Singapore,ActiveTrader,Accounting Firm,1,Europe,10110.25,127.1,182.664,11160.20036,Jump Trading,Commods,David Wang Lipeng,,Financials,Equity Derivatives,Equity,SSF,Indian SSF,Indian Single Stock Futures,Cipla Ltd India Futures,ADMIS,21,1,1,ActiveTrader,T,FY24
1929-A,1929-A,Jump Trading,Commodities Sales Europe,ActiveBroker,ActiveTrader,LiquidityProvider,MarketMaker,TANBHS,NLT,Client,3137.75,487.08,180,ZDRR,2025-05,USD,S389,2024,Q2,5,1H,592.11,Bank Trading Desks,Phillip Nova,Singapore,LiquidityProvider,Accounting Firm,1,USA,14.25,4540.8,19059.75,3018.6,Jump Trading,Tier 2,Lily Chia,,Financials,Equity Derivatives,Equity,SSF,Indian SSF,Indian Single Stock Futures,Dr Reddy's Laboratories Futures,CIMB,19,0.5,1,ActiveTrader,T,FY14
1929-A,1929-A,Jump Trading,International Sales RM,ActiveBroker,ActiveTrader,LiquidityProvider,MarketMaker,KOHBRENNA|TANBHS,Screen,Client,3,0,7.5,ZEIM,2024-10,USD,S007,2024,Q4,10,2H,114856.698,Brokerage/Agency,Koch Supply & Trading L.P,Singapore,ActiveBroker,Accounting Firm,1,USA,0,4819.697555,732.639375,0,Jump Trading,Tier 3,omnibus,,Financials,Equity Derivatives,Equity,SSF,Indian SSF,Indian Single Stock Futures,Eicher Motors Futures,HSBC,21,1,1,ActiveBroker,T,FY22
1929-A,1929-A,Jump Trading,Commodities Sales Europe,ActiveBroker,ActiveTrader,LiquidityProvider,MarketMaker,CHIALPL,Screen,Client,225,0,2898,ZGRA,2024-06,USD,S660,2023,Q2,6,1H,838.5,Brokerage/Agency,Millennium Capital Management,Singapore,MarketMaker,Accounting Firm,1,USA,105,1170.675,7.74,1490.841586,Jump Trading,Tier 1,Toh Li,,Financials,Equity Derivatives,Equity,SSF,USA SSF,USA Single Stock Futures,USA SSF Futures,Macquarie,19,1,1,ActiveTrader,T,FY23
1929-A,1929-A,Jump Trading,Commodities Sales,ActiveBroker,ActiveTrader,LiquidityProvider,MarketMaker,WANGV,Screen,Client,19805.5,0,0,ZHCL,2022-03,USD,S009,2021,Q1,3,1H,39.087,PTG,Heng Rising Resources,Singapore,LiquidityProvider,Accounting Firm,1,SG ROA,12,45.666,77.4,0,Jump Trading,China,Kenny Groth,,Financials,Equity Derivatives,Equity,SSF,Indian SSF,Indian Single Stock Futures,HCL Technologies Futures,JP Morgan,19,0.5,1,ActiveTrader,T,FY24
1929-A,1929-A,Jump Trading,Commodities Sales Europe,ActiveBroker,ActiveTrader,LiquidityProvider,MarketMaker,TANBHS|GOCSEIR,Screen,Client,182.6,21134.4,538.65,ZHUL,2024-08,USD,S016,2024,Q3,8,2H,7275.6,PTG,JP Morgan House,Singapore,ActiveTrader,Accounting Firm,0.5,SG ROA,65,1795.997916,55.728,0,Jump Trading,Commods,Brenna Koh,,Financials,Equity Derivatives,Equity,SSF,Indian SSF,Indian Single Stock Futures,Hindustan Unilever ZHUL Futures,Barclays,21,0.125,1,LiquidityProvider,T+1,FY25
1929-A,1929-A,Jump Trading,SGROA NBS,ActiveBroker,ActiveTrader,LiquidityProvider,MarketMaker,WANGV,Screen,Client,459,0,1531.2,ZICI,2024-05,USD,S328,2023,Q2,5,1H,66385.98,Brokerage/Agency,Undisclosed,Singapore,LiquidityProvider,Accounting Firm,0.5,Hong Kong,2262,112.23,170.28,12035.7,Jump Trading,Tier 3,Renaud Gocsei,,Financials,Equity Derivatives,Equity,SSF,Indian SSF,Indian Single Stock Futures,ICICI Bank Futures,ABN Amro,21,1,1,LiquidityProvider,T,FY14
1929-A,1929-A,Jump Trading,International Sales RM,ActiveBroker,ActiveTrader,LiquidityProvider,MarketMaker,WANGV|LIYAN,Screen,Client,104.22,65,3063,ZINF,2023-05,USD,S078,2022,Q2,5,1H,168.9255,Buy-Side,Lauritzen Bulkers,Singapore,ActiveTrader,Accounting Firm,1,Omnibus,379,518.6445,0,0,Jump Trading,GAM,Kenny Groth,,Financials,Equity Derivatives,Equity,SSF,Indian SSF,Indian Single Stock Futures,Infosys Futures,OCBC Securities,18,1,1,ActiveTrader,T+1,FY21
1929-A,1929-A,Jump Trading,China,ActiveBroker,ActiveTrader,LiquidityProvider,MarketMaker,TOHL,Screen,House,8,871.2,250,ZITD,2024-03,USD,S323,2023,Q1,3,1H,846.24,Brokerage/Agency,Shriji Trading  Fzco,Singapore,LiquidityProvider,Accounting Firm,0.5,Omnibus,75,82.8696,543.348,0,Jump Trading,Tier 3,Vivian Wang Min,,Financials,Equity Derivatives,Equity,SSF,Indian SSF,Indian Single Stock Futures,ITC Futures,Goldman Sachs,22,0.25,1,LiquidityProvider,T+1,FY16
1929-A,1929-A,Jump Trading,SGROA RM,ActiveBroker,ActiveTrader,LiquidityProvider,MarketMaker,WANGV,Screen,Client,600,0,404.7827238,ZKMB,2023-12,USD,S288,2023,Q4,12,2H,2320.6,Buy-Side,Jane Street,Singapore,LiquidityProvider,Accounting Firm,0.5,Hong Kong,1376,6623.1438,1644.75,0,Jump Trading,Tier 1,Kenny Groth,,Financials,Equity Derivatives,Equity,SSF,Indian SSF,Indian Single Stock Futures,Kotak Mahindra Bank Futures,Merrill Lynch,21,1,1,ActiveTrader,T+1,FY24
1929-A,1929-A,Jump Trading,China,ActiveBroker,ActiveTrader,LiquidityProvider,MarketMaker,COHENC,Screen,Client,388.8,1.04,308,ZLT,2025-04,USD,S061,2024,Q2,4,1H,69.918,Buy-Side,XTX Markets,Singapore,ActiveTrader,Accounting Firm,0.25,Hong Kong,42,741.75,3792.6,0,Jump Trading,Tier 1,omnibus,,Financials,Equity Derivatives,Equity,SSF,Indian SSF,Indian Single Stock Futures,Larsen & Toubro Futures,SG Securities,22,1,1,LiquidityProvider,T,FY17
1929-A,1929-A,Jump Trading,GAM,ActiveBroker,ActiveTrader,LiquidityProvider,MarketMaker,LUSHB|KOHBRENNA,Screen,Client,120,0,50213.6251,ZMM,2022-07,USD,S108,2022,Q3,7,2H,1780.2,Trading Firms,BNP Paribas,Singapore,LiquidityProvider,Accounting Firm,1,SG ROA,1122,3.225,14446.1295,0,Jump Trading,Tier 2,omnibus,,Financials,Equity Derivatives,Equity,SSF,Indian SSF,Indian Single Stock Futures,Mahindra & Mahindra Futures,Morgan Stanley,19,0.5,1,ActiveTrader,T,FY21
1929-A,1929-A,Jump Trading,International Sales RM,ActiveBroker,ActiveTrader,LiquidityProvider,MarketMaker,WANGD,Screen,Client,8303,0,1052.014408,ZMSI,2023-10,SGD,S288,2023,Q4,10,2H,65.274,Buy-Side,Millennium Capital Management,Singapore,ActiveTrader,Accounting Firm,1,China,2690.25,0.0903,929.574,0,Jump Trading,Commods,Brenna Koh,,Financials,Equity Derivatives,Equity,SSF,Indian SSF,Indian Single Stock Futures,Maruti Suzuki India Futures,Phillip,21,1,1,ActiveTrader,T,FY15
1929-A,1929-A,Jump Trading,SGROA NBS,ActiveBroker,ActiveTrader,LiquidityProvider,MarketMaker,LUSHB|TANBHS,NLT,Client,1570.3,3177,130.5,ZPWG,2021-09,USD,S350,2021,Q3,9,2H,99.33,PTG,Radix Trading LLC,Singapore,LiquidityProvider,Accounting Firm,1,Europe,1129,46.44,807.54,0,Jump Trading,Tier 1,omnibus,,Financials,Equity Derivatives,Equity,SSF,Indian SSF,Indian Single Stock Futures,Power Grid Corp of India Futures,Phillip,22,1,1,LiquidityProvider,T,FY14
1929-A,1929-A,Jump Trading,SGROA RM,ActiveBroker,ActiveTrader,LiquidityProvider,MarketMaker,LEEJW,NLT,Client,58.8,0,616,ZRILA,2023-03,SGD,S020,2022,Q1,3,1H,65.274,PTG,RGL Shipping Pte Ltd,Singapore,LiquidityProvider,Accounting Firm,1,USA,14526,820,134.7147,0,Jump Trading,China,Richard Wenk,,Financials,Equity Derivatives,Equity,SSF,Indian SSF,Indian Single Stock Futures,Reliance Industries Futures,Orient Futures,19,1,1,ActiveTrader,T,FY23
1929-A,1929-A,Jump Trading,Commodities Sales,ActiveBroker,ActiveTrader,LiquidityProvider,MarketMaker,WANGD|WANGV,Screen,Client,200,9509.04,428.7,ZSBI,2023-02,USD,S660,2022,Q1,2,1H,270.9,PTG,Theme,Singapore,MarketMaker,Accounting Firm,1,SG ROA,1272,2.322,290.25,697.0576904,Jump Trading,Tier 2,Vivian Wang Min,,Financials,Equity Derivatives,Equity,SSF,Indian SSF,Indian Single Stock Futures,State Bank of India Futures,BPI,19,1,1,LiquidityProvider,T+1,FY15
1929-A,1929-A,Jump Trading,International Sales RM,ActiveBroker,ActiveTrader,LiquidityProvider,MarketMaker,KOHBRENNA,Screen,House,536.8,0,78,ZSEA,2023-06,USD,S009,2022,Q2,6,1H,0,Buy-Side,Goldman Sachs Omnibus,Singapore,MarketMaker,Accounting Firm,0.25,SG ROA,1719,51.6,880.2315,20.124,Jump Trading,Omnibus,Carl Davey,,Financials,Equity Derivatives,Equity,SSF,USA SSF,USA Single Stock Futures,SEA Futures,Phillip,19,1,1,LiquidityProvider,T,FY20
1929-A,1929-A,Jump Trading,GAM,ActiveBroker,ActiveTrader,LiquidityProvider,MarketMaker,COHENC|MACCHIONEP,Screen,Client,633.2,786.175,6654,ZSUN,2025-02,USD,S007,2024,Q1,2,1H,4600.398,Buy-Side,Merrill Lynch Omnibus,Singapore,ActiveBroker,Accounting Firm,1,SG ROA,36,1443.51,0.7095,0,Jump Trading,Tier 3,Jason Lee,,Financials,Equity Derivatives,Equity,SSF,Indian SSF,Indian Single Stock Futures,Sun Pharm Ind Futures,BNP Paribas,20,0.5,1,ActiveTrader,T+1,FY22
1929-A,1929-A,Jump Trading,Commodities Sales,ActiveBroker,ActiveTrader,LiquidityProvider,MarketMaker,LUSHB|TANSY,NLT,Client,7373.8,0,245.41,ZTAM,2021-04,SGD,S560,2020,Q2,4,1H,380.55,PTG,Undisclosed,Singapore,LiquidityProvider,Accounting Firm,1,SG ROA,181,129,2.709,0,Jump Trading,GAM,Vivian Wang Min,,Financials,Equity Derivatives,Equity,SSF,Indian SSF,Indian Single Stock Futures,Tata Motors Passenger Vehicles Futures,CIMB,22,1,1,LiquidityProvider,T+1,FY22
1929-A,1929-A,Jump Trading,China,ActiveBroker,ActiveTrader,LiquidityProvider,MarketMaker,KOHBRENNA|WANGV,Screen,Client,4.2,0,31.2,ZTAT,2022-06,USD,S328,2021,Q2,6,1H,1088.55,Brokers Prop,Verition Fund Management LLC,Singapore,ActiveTrader,Accounting Firm,1,Europe,40,3709.395,80.3025,0,Jump Trading,Commods,Tan Say Liang,,Financials,Equity Derivatives,Equity,SSF,Indian SSF,Indian Single Stock Futures,Tata Steel Futures,Phillip,22,1,1,LiquidityProvider,T,FY14
1929-A,1929-A,Jump Trading,GAM,ActiveBroker,ActiveTrader,LiquidityProvider,MarketMaker,TANBHS|DAVEYC,Screen,Client,1644,0,2536.6,ZTCS,2021-03,SGD,S288,2020,Q1,3,1H,4047.6975,PTG,Balyasny Asset Management,Singapore,ActiveTrader,Accounting Firm,0.5,Hong Kong,100,154.8,8481.75,7267.336958,Jump Trading,China,Renaud Gocsei,,Financials,Equity Derivatives,Equity,SSF,Indian SSF,Indian Single Stock Futures,Tata Consult Svc Futures,JP Morgan,20,1,1,ActiveTrader,T,FY25
1929-A,1929-A,Jump Trading,SGROA RM,ActiveBroker,ActiveTrader,LiquidityProvider,MarketMaker,GROTHK|WENKR,NLT,Client,3691.5,7139.411647,519,ZTEC,2021-11,USD,S001,2021,Q4,11,2H,0,Buy-Side,Winton Capital Europe,Singapore,ActiveTrader,Accounting Firm,1,SG ROA,12,467.9619403,0.1935,0,Jump Trading,Tier 1,Yan Xuan Li,,Financials,Equity Derivatives,Equity,SSF,Indian SSF,Indian Single Stock Futures,Tech Mahindra Futures,Phillip,18,1,1,LiquidityProvider,T,FY16
1929-A,1929-A,Jump Trading,Commodities Sales,ActiveBroker,ActiveTrader,LiquidityProvider,MarketMaker,LEEJW,NLT,House,91,0,7880.145,ZUPL,2025-09,USD,S813,2025,Q3,9,2H,36505.22735,PTG,Gerald Metals,Singapore,LiquidityProvider,Accounting Firm,1,USA,404,0.645,66202.7,3932.672086,Jump Trading,Commods,Toh Li,,Financials,Equity Derivatives,Equity,SSF,Indian SSF,Indian Single Stock Futures,UPL Futures,Orient Futures,18,0.25,1,ActiveTrader,T+1,FY22
1929-A,1929-A,Jump Trading,Commodities Sales Europe,ActiveBroker,ActiveTrader,LiquidityProvider,MarketMaker,KOHBRENNA|WANGV,Screen,Client,88.5,116.8832691,205,ZUTC,2022-12,USD,S007,2022,Q4,12,2H,547.992,Trading Firms,Balyasny Asset Management,Singapore,LiquidityProvider,Accounting Firm,1,SG ROA,120,3758.869246,61.92,0,Jump Trading,Tier 3,Kenneth Ng Say Chong,,Financials,Equity Derivatives,Equity,SSF,Indian SSF,Indian Single Stock Futures,UltraTech Cement Futures,Macquarie,22,0.25,1,LiquidityProvider,T,FY23
1929-A,1929-A,Jump Trading,Commodities Sales,ActiveBroker,ActiveTrader,LiquidityProvider,MarketMaker,GROTHK,Screen,Client,1074,13607.69548,0,ZWPR,2024-07,USD,S007,2024,Q3,7,2H,789.48,PTG,Qube,Singapore,ActiveTrader,Accounting Firm,1,SG ROA,447,3773.25,3.096,0,Jump Trading,Tier 2,Yan Xuan Li,,Financials,Equity Derivatives,Equity,SSF,Indian SSF,Indian Single Stock Futures,Wipro Futures,JP Morgan,22,1,1,ActiveTrader,T+1,FY17
25139,25139,K2J Global IFSC,Commodities Sales,ActiveBroker,ActiveTrader,LiquidityProvider,MarketMaker,KOHBRENNA,NLT,Client,3247.2,0,-12.30947887,3MF,2021-01,USD,S813,2020,Q1,1,1H,319.275,Buy-Side,Qube,United States,LiquidityProvider,Accounting Firm,1,SG ROA,1350,79693.878,6702.84,0,K2J Global IFSC,GAM,Yan Xuan Li,,Commods,Commods,Oil,Oil,Oil,Oil,Platts Singapore FO 380cst Index Futures,JP Morgan,18,1,1,LiquidityProvider,T,FY26
25139,25139,K2J Global IFSC,International Sales RM,ActiveBroker,ActiveTrader,LiquidityProvider,MarketMaker,LIYAN,NLT,Client,-35.2,3419,2.2,ACF,2021-11,USD,S888,2021,Q4,11,2H,308.2455,Brokers Prop,Citadel Securities,United States,ActiveTrader,Accounting Firm,1,Omnibus,1100,27.331875,768.9045,0,K2J Global IFSC,GAM,Brenna Koh,,Commods,Commods,Coking Coal,Coking Coal,Coking Coal,Coking Coal,Coking Coal Futures,KGI,18,1,1,MarketMaker,T,FY17
25139,25139,K2J Global IFSC,SGROA RM,ActiveBroker,ActiveTrader,LiquidityProvider,MarketMaker,JUDGEM|TANSY,Screen,Client,220,52629.07414,23.65,ACFO,2023-11,USD,S123,2023,Q4,11,2H,165.4425,Bank Trading Desks,Oasis Management,United States,ActiveBroker,Accounting Firm,0.125,SG ROA,5504,2.0898,43.86,0,K2J Global IFSC,Tier 1,Brenna Koh,,Commods,Commods,Coking Coal,Coking Coal,Coking Coal,Coking Coal,Coking Coal Options on Futures,Merrill Lynch,21,1,1,LiquidityProvider,T,FY16
25139,25139,K2J Global IFSC,China,ActiveBroker,ActiveTrader,LiquidityProvider,MarketMaker,KOHBRENNA,Screen,Client,15173.4,0,304.8,AMF,2022-12,USD,S350,2022,Q4,12,2H,0,Brokerage/Agency,Sino Commodities,United States,LiquidityProvider,Accounting Firm,1,Hong Kong,1615,1290,2098.056,0,K2J Global IFSC,GAM,Bobby Lush,,Commods,Commods,Dairy,Dairy,Dairy,Dairy,SGX-NZX Global Anhydrous Milk Fat (AMF) Futures,Macquarie,21,1,1,ActiveTrader,T,FY15
25139,25139,K2J Global IFSC,GAM,ActiveBroker,ActiveTrader,LiquidityProvider,MarketMaker,KOHBRENNA|LEEKJ,Screen,Client,2,17381,148,BRL,2022-02,USD,S078,2021,Q1,2,1H,4111.875,Bank Trading Desks,BANDS Financial Limited,United States,ActiveBroker,Accounting Firm,1,Hong Kong,240,8.514,1222.92,397.836,K2J Global IFSC,Tier 2,Britney Tan Hwee Sian,,Financials,FX/IR,FX,FX,BRL,SGX BRL/USD Futures,SGX BRL/USD Futures,Merrill Lynch,21,1,1,ActiveBroker,T,FY24
25139,25139,K2J Global IFSC,International Sales RM,ActiveBroker,ActiveTrader,LiquidityProvider,MarketMaker,KOHBRENNA|LEEKJ,Screen,Client,20853,68.72198958,13.68,BTP,2025-02,USD,S108,2024,Q1,2,1H,1035.1734,Buy-Side,Morgan Stanley Omnibus,United States,LiquidityProvider,Accounting Firm,1,Omnibus,349,1350.3075,2994.864,0,K2J Global IFSC,Commods,Julie Joseph,,Financials,FX/IR,Crypto,Cryptocurrencies,Crypto,SGX Bitcoin Perpetual Futures,SGX Bitcoin Perpetual Futures,JP Morgan,19,1,1,LiquidityProvider,T,FY17
25139,25139,K2J Global IFSC,America NBS,ActiveBroker,ActiveTrader,LiquidityProvider,MarketMaker,WANGD|WANGV,Screen,Client,765,0,475,BZNF,2021-12,USD,S020,2021,Q4,12,2H,12.9,Bank Trading Desks,XTX Markets,United States,LiquidityProvider,Accounting Firm,0.125,SG ROA,70946,167.7,5185.8,131.967,K2J Global IFSC,Commods,Richard Wenk,,Commods,Commods,Petchem,Petchem,Petchem,Petchem,BZ-Naphtha Spread Futures,Barclays,19,1,1,LiquidityProvider,T+1,FY20
25139,25139,K2J Global IFSC,China,ActiveBroker,ActiveTrader,LiquidityProvider,MarketMaker,KOHBRENNA|LIJZ,Screen,Client,2643.3,0,7620.8,C3F,2024-05,USD,S883,2023,Q2,5,1H,11453.35,Brokerage/Agency,BSMA Limited,United States,LiquidityProvider,Accounting Firm,1,China,432,2541.6354,41.0865,264.2178,K2J Global IFSC,GAM,Yan Xuan Li,,Commods,Commods,FFA,FFA,FFA,FFA,Capesize Route C3 Futures,JP Morgan,22,0.5,1,ActiveBroker,T,FY14
25139,25139,K2J Global IFSC,Commodities Sales Europe,ActiveBroker,ActiveTrader,LiquidityProvider,MarketMaker,KOHBRENNA,NLT,Client,474.6,0,243.1,C5F,2025-05,USD,S016,2024,Q2,5,1H,2380.9401,Brokerage/Agency,Profision Shipping Capital Management Ltd,United States,LiquidityProvider,Accounting Firm,0.125,China,17526,158.67,309.6,1518.180849,K2J Global IFSC,Commods,omnibus,,Commods,Commods,FFA,FFA,FFA,FFA,Capesize Route C5 Futures,HGNH,22,1,1,ActiveTrader,T,FY22
25139,25139,K2J Global IFSC,Commodities Sales Europe,ActiveBroker,ActiveTrader,LiquidityProvider,MarketMaker,KOHBRENNA|LEEKJ,NLT,Client,-9.55e-15,0,813,CWF,2021-04,USD,S560,2020,Q2,4,1H,778.7472,Bank Trading Desks,BNP Paribas Omnibus,United States,LiquidityProvider,Accounting Firm,1,Hong Kong,10761,2487.8295,9.675,0,K2J Global IFSC,Tier 3,Kenny Groth,,Commods,Commods,FFA,FFA,FFA,FFA,Capesize Time Charter Average (5 Routes) Futures,StoneX,19,1,1,ActiveTrader,T,FY14
25139,25139,K2J Global IFSC,China,ActiveBroker,ActiveTrader,LiquidityProvider,MarketMaker,WENKR,Screen,Client,2700,15.4,0,CWFO,2023-01,USD,S009,2022,Q1,1,1H,3086.325,Brokerage/Agency,Unicore Resources,United States,MarketMaker,Accounting Firm,0.25,Hong Kong,1242.75,8309.853994,2412.3,121.131,K2J Global IFSC,Tier 3,Yan Xuan Li,,Commods,Commods,FFA,FFA,FFA,FFA,Capesize Time Charter (5 Routes) Average Futures O,DBS Vickers,18,1,1,ActiveTrader,T+1,FY14
25139,25139,K2J Global IFSC,GAM,ActiveBroker,ActiveTrader,LiquidityProvider,MarketMaker,WANGD,Screen,Client,31.2,88290.91911,320,EJP,2024-01,USD,S328,2023,Q1,1,1H,541.8,PTG,Wilson Global Trade Pte Ltd,United States,LiquidityProvider,Accounting Firm,1,SG ROA,12,272.448,2554.2,0,K2J Global IFSC,Commods,Kenny Groth,,Financials,Equity Derivatives,Equity,Equity Index,EJP,EJP,SGX FTSE Blossom Japan Index Futures,SG Securities,21,0.25,1,MarketMaker,T+1,FY14
25139,25139,K2J Global IFSC,China,ActiveBroker,ActiveTrader,LiquidityProvider,MarketMaker,KOHBRENNA|TANBHS,Screen,Client,21304.81,0,791.3,ETP,2024-04,USD,S350,2023,Q2,4,1H,696.6,Brokerage/Agency,Flow Traders,United States,LiquidityProvider,Accounting Firm,0.5,Europe,27623,310.0988,7.224,0,K2J Global IFSC,GAM,Renaud Gocsei,,Financials,FX/IR,Crypto,Cryptocurrencies,Crypto,SGX Ethereum Perpetual Futures,SGX Ethereum Perpetual Futures,Deutsche,19,1,1,ActiveTrader,T+1,FY22
25139,25139,K2J Global IFSC,China,ActiveBroker,ActiveTrader,LiquidityProvider,MarketMaker,LUSHB|KOHBRENNA,Screen,Client,50054.4,0,488.4,FEFTS,2021-09,USD,S009,2021,Q3,9,2H,258.3,Brokerage/Agency,China International Minerals,United States,ActiveBroker,Accounting Firm,0.125,USA,3,5012.6175,1454.475,0,K2J Global IFSC,Commods,Craig Cohen,,Commods,Commods,Iron Ore,Iron Ore,Iron Ore,Iron Ore,TSI Iron Ore CFR China (62% Fe Fines) Index Futures (Trade-at-Settlement),Barclays,19,1,1,LiquidityProvider,T,FY22
25139,25139,K2J Global IFSC,America NBS,ActiveBroker,ActiveTrader,LiquidityProvider,MarketMaker,COHENC,NLT,Client,145.2,0,15,FID,2022-07,USD,S016,2022,Q3,7,2H,58.05,Brokerage/Agency,Qube,United States,LiquidityProvider,Accounting Firm,1,Hong Kong,6358,13173.48,129,0,K2J Global IFSC,GAM,Vivian Wang Min,,Financials,Equity Derivatives,Equity,Equity Index,FID,FTSE Indonesia Index Futures,FTSE Indonesia Index Futures,Deutsche,19,0.125,1,ActiveBroker,T,FY14
25139,25139,K2J Global IFSC,GAM,ActiveBroker,ActiveTrader,LiquidityProvider,MarketMaker,MACCHIONEP,NLT,Client,11459.5,0,8880,FVN,2022-10,USD,S660,2022,Q4,10,2H,-19092.30833,Bank Trading Desks,Millennium Capital Management,United States,MarketMaker,Accounting Firm,0.125,USA,30.5,228.3694898,808.83,1973.5839,K2J Global IFSC,Tier 1,Vivian Wang Min,,Financials,Equity Derivatives,Equity,Equity Index,FVN,SGX FTSE Vietnam 30 Index Futures,FTSE Vietnam 30 Index Futures,Citigroup,22,0.5,1,MarketMaker,T+1,FY20
25139,25139,K2J Global IFSC,Commodities Sales Europe,ActiveBroker,ActiveTrader,LiquidityProvider,MarketMaker,COHENC|MACCHIONEP,Screen,Client,274.7,2195.6,507.8,GINB,2023-02,USD,S389,2022,Q1,2,1H,127.71,Brokerage/Agency,Yuanta Futures - Agency,United States,ActiveTrader,Accounting Firm,1,SG ROA,27,5383.17,759.81,0,K2J Global IFSC,GAM,Yan Xuan Li,,Financials,Equity Derivatives,Equity,Equity Index,GINB,GIFT Derivatives,GIFT City Bank Index Futures,Barclays,22,1,1,ActiveBroker,T+1,FY23
25139,25139,K2J Global IFSC,HK NBS,ActiveBroker,ActiveTrader,LiquidityProvider,MarketMaker,LUSHB,NLT,Client,384,0,1197.560487,HWF,2021-03,USD,S288,2020,Q1,3,1H,5528.85,Buy-Side,BNP Paribas,United States,LiquidityProvider,Accounting Firm,1,SG ROA,270,58.05,102.0777,0,K2J Global IFSC,Tier 2,omnibus,,Commods,Commods,FFA,FFA,FFA,FFA,Baltic Handysize Time Charter Average (7 Routes) Futures,HGNH,19,1,1,LiquidityProvider,T+1,FY25
25139,25139,K2J Global IFSC,Commodities Sales Europe,ActiveBroker,ActiveTrader,LiquidityProvider,MarketMaker,GOCSEIR|TOHL,NLT,Client,151,61.05,2554.2,JB,2021-10,USD,S009,2021,Q4,10,2H,290.25,Buy-Side,Virtu Financial,United States,LiquidityProvider,Accounting Firm,1,SG ROA,2,-3000,2686.167,0,K2J Global IFSC,Tier 2,David Wang Lipeng,,Financials,FX/IR,Interest Rates,Interest Rates,JB,JGB Futures,Mini Japanese Government Bond (JGB) Futures,UBS Futures,22,0.5,1,LiquidityProvider,T,FY22
25139,25139,K2J Global IFSC,GAM,ActiveBroker,ActiveTrader,LiquidityProvider,MarketMaker,LUSHB|KOHBRENNA,Screen,Client,115407.6,0,-2612.903226,KRW,2023-12,USD,S009,2023,Q4,12,2H,203.175,Buy-Side,Alam Commodities DMCC,United States,LiquidityProvider,Accounting Firm,1,SG ROA,554,2148.3,28456.11,205.11,K2J Global IFSC,Commods,Kenneth Ng Say Chong,,Financials,FX/IR,FX,FX,KRW,KRW/USD FX Futures (Full-Sized),KRW/USD FX Futures (Full-Sized),SG Securities,19,1,1,MarketMaker,T,FY17
25139,25139,K2J Global IFSC,China,ActiveBroker,ActiveTrader,LiquidityProvider,MarketMaker,WANGV,Screen,Client,15.6,0,3544.5,LPF,2022-09,USD,S813,2022,Q3,9,2H,8.2,Brokerage/Agency,Undisclosed,United States,ActiveBroker,Accounting Firm,1,USA,31730,14814.36,19.35,0,K2J Global IFSC,Tier 3,Brenna Koh,,Commods,Commods,Iron ore,Iron ore,Iron Ore,Iron ore,Platts Iron Ore CFR China (Lump Premium) Index Fut,Morgan Stanley,21,1,1,ActiveTrader,T,FY14
25139,25139,K2J Global IFSC,America NBS,ActiveBroker,ActiveTrader,LiquidityProvider,MarketMaker,GROTHK,NLT,Client,169.5,148129.2817,19.825,M42F,2025-06,USD,S007,2024,Q2,6,1H,104.748,Buy-Side,D.E. Shaw,United States,ActiveTrader,Accounting Firm,1,China,55,202.917,251.163,0,K2J Global IFSC,Tier 1,Yan Xuan Li,,Commods,Commods,Thermal Coal,Thermal Coal,Thermal Coal,Thermal Coal,IHS McCloskey M42 - Indonesian 4200kc GAR FOB Ther,Orient Futures,22,0.25,1,MarketMaker,T,FY24
25139,25139,K2J Global IFSC,International Sales RM,ActiveBroker,ActiveTrader,LiquidityProvider,MarketMaker,WANGD,Screen,House,93007.2,0,2829,MEG,2024-10,USD,S288,2024,Q4,10,2H,1140.876,Buy-Side,Bright Fortune Resources,United States,MarketMaker,Accounting Firm,0.25,Europe,410,3174.027698,998.976,3263.792823,K2J Global IFSC,Commods,Renaud Gocsei,,Commods,Commods,Petchem,Petchem,Petchem,Petchem,ICIS MEG CFR China Swap,StoneX,19,1,1,LiquidityProvider,T+1,FY15
25139,25139,K2J Global IFSC,Commodities Sales,ActiveBroker,ActiveTrader,LiquidityProvider,MarketMaker,TANSY,Screen,Client,208982.5,0,50,MKP,2025-03,USD,S078,2024,Q1,3,1H,27696.60937,Trading Firms,Olam Global Agri Pte Ltd,United States,ActiveTrader,Accounting Firm,1,China,3301,5420.58,2554.2,6699.1764,K2J Global IFSC,Tier 1,Carl Davey,,Commods,Commods,Dairy,Dairy,Dairy,Dairy,SGX-NZX NZ Milk Price (MKP) Futures,BPI,21,1,1,LiquidityProvider,T,FY24
25139,25139,K2J Global IFSC,SGROA NBS,ActiveBroker,ActiveTrader,LiquidityProvider,MarketMaker,TANBHS|DAVEYC,NLT,Client,10.2,0,1500,MTWD,2025-08,USD,S009,2025,Q3,8,2H,284605.992,Buy-Side,Susquehanna,United States,ActiveBroker,Accounting Firm,1,Omnibus,341,219.3,4235.973,761.2808207,K2J Global IFSC,GAM,Penny Pan Ranran,,Financials,FX/IR,FX,FX,MTWD,SGX TWD/USD FX (Micro) Futures,SGX TWD/USD FX (Micro) Futures,KGI,22,0.125,1,ActiveTrader,T,FY17
25139,25139,K2J Global IFSC,GAM,ActiveBroker,ActiveTrader,LiquidityProvider,MarketMaker,LIYAN,NLT,Client,134055,0,15,MTWN,2021-06,USD,S009,2020,Q2,6,1H,10012.0125,Buy-Side,Rich Hedging Investments,United States,LiquidityProvider,Accounting Firm,1,SG ROA,670,7468.197,9086.76,0,K2J Global IFSC,Tier 2,David Wang Lipeng,,Financials,Equity Derivatives,Equity,Equity Index,MTWN,Micro FTSE Taiwan Index Futures,Micro FTSE Taiwan Index Futures,Orient Futures,19,1,1,MarketMaker,T,FY22
25139,25139,K2J Global IFSC,SGROA RM,ActiveBroker,ActiveTrader,LiquidityProvider,MarketMaker,LUSHB,Screen,Client,1900,0,43.55,MUC,2024-11,USD,S009,2024,Q4,11,2H,255.42,Trading Firms,President Futures Agency,United States,ActiveTrader,Accounting Firm,1,China,125,132505.059,1339.18125,0,K2J Global IFSC,Commods,Renaud Gocsei,,Financials,FX/IR,FX,FX,MUC,USD/CNH Futures,USD/CNH FX Futures Mini,YongAn,21,1,1,ActiveTrader,T,FY18
25139,25139,K2J Global IFSC,GAM,ActiveBroker,ActiveTrader,LiquidityProvider,MarketMaker,TANBHS|DAVEYC,Screen,Client,62174,0,611.6631565,MXF,2023-04,USD,S138,2022,Q2,4,1H,17.028,Bank Trading Desks,Citigroup Omnibus,United States,ActiveTrader,Accounting Firm,1,Europe,677,1367.916,3.87,0,K2J Global IFSC,China,Toh Li,,Commods,Commods,Petchem,Petchem,Petchem,Petchem,SGX ICIS Isomer MX FOB Korea Futures,SG Securities,19,1,1,LiquidityProvider,T+1,FY23
25139,25139,K2J Global IFSC,GAM,ActiveBroker,ActiveTrader,LiquidityProvider,MarketMaker,CHIALPL,Screen,Client,104012.7,0,1254.046097,ND,2021-02,USD,S092,2020,Q1,2,1H,0,PTG,Axia Trading,United States,LiquidityProvider,Accounting Firm,1,Hong Kong,64,6.530625,785.15,0,K2J Global IFSC,Commods,Britney Tan Hwee Sian,,Financials,Equity Derivatives,Equity,Dividend Index,ND,Nikkei Stock Average Dividend Point Index Futures,Nikkei Stock Average Dividend Point Index Futures,Goldman Sachs,19,1,1,MarketMaker,T+1,FY26
25139,25139,K2J Global IFSC,Commodities Sales,ActiveBroker,ActiveTrader,LiquidityProvider,MarketMaker,LUSHB,Screen,Client,1850,19349.55,241.5,NJ,2023-07,USD,S016,2023,Q3,7,2H,612.234,Buy-Side,ISAM Funds Ltd,United States,ActiveBroker,Accounting Firm,1,SG ROA,10,3454.538601,397.15875,0,K2J Global IFSC,Tier 1,Craig Cohen,,Commods,Commods,Oil,Oil,Oil,Oil,Naphtha Swap CFR Japan,SG Securities,18,1,1,LiquidityProvider,T,FY16
25139,25139,K2J Global IFSC,Commodities Sales,ActiveBroker,ActiveTrader,LiquidityProvider,MarketMaker,WANGD,Screen,Client,405,0,2173,NKO,2024-09,USD,S350,2024,Q3,9,2H,161.1468,Brokerage/Agency,Societe Generale,United States,LiquidityProvider,Accounting Firm,1,SG ROA,16451.75,6494.8275,265.095,0,K2J Global IFSC,Tier 2,Vivian Wang Min,,Financials,Equity Derivatives,Equity,Equity Index,NKO,Nikkei 225 Options,Nikkei 225 Options,DBS Vickers,21,0.5,1,LiquidityProvider,T+1,FY16
25139,25139,K2J Global IFSC,China,ActiveBroker,ActiveTrader,LiquidityProvider,MarketMaker,LUSHB,Screen,Client,6696,0,16506.6,NSP,2025-07,USD,S888,2025,Q3,7,2H,10.32,Buy-Side,Life Trading,United States,ActiveTrader,Accounting Firm,1,China,7,2548.8852,838.5,24488.79094,K2J Global IFSC,GAM,Britney Tan Hwee Sian,,Financials,Equity Derivatives,Equity,MSCI NTR,MSCI NTR,MSCI Singapore NTR (USD) Index Futures,MSCI Singapore NTR (USD) Index Futures,StoneX,19,1,1,MarketMaker,T+1,FY26
25139,25139,K2J Global IFSC,China,ActiveBroker,ActiveTrader,LiquidityProvider,MarketMaker,LUSHB,Screen,Client,275,0,17944.5,PWF,2021-08,USD,S007,2021,Q3,8,2H,0,Trading Firms,Qube,United States,ActiveTrader,Accounting Firm,0.125,SG ROA,2,1540.364633,107.07,0,K2J Global IFSC,Tier 3,Brenna Koh,,Commods,Commods,FFA,FFA,FFA,FFA,Baltic Panamax Time Charter Average (5 Routes) Futures,CIMB,22,1,1,ActiveTrader,T,FY23
25139,25139,K2J Global IFSC,China,ActiveBroker,ActiveTrader,LiquidityProvider,MarketMaker,DAVEYC,NLT,Client,37.5,0,455.8,PWFO,2022-06,SGD,S389,2021,Q2,6,1H,26.316,Trading Firms,Undisclosed,United States,LiquidityProvider,Accounting Firm,1,Europe,10,544.38,3049.56,922.93695,K2J Global IFSC,GAM,Toh Li,,Commods,Commods,FFA,FFA,FFA,FFA,Baltic Panamax Time Charter Average (5 Route) Options,Morgan Stanley,21,0.125,1,ActiveTrader,T,FY14
25139,25139,K2J Global IFSC,International Sales RM,ActiveBroker,ActiveTrader,LiquidityProvider,MarketMaker,GROTHK|JUDGEM,Screen,Client,4581,0,547.08,SMP,2022-01,USD,S011,2021,Q1,1,1H,37.152,PTG,Morgan Stanley Omnibus,United States,ActiveTrader,Accounting Firm,1,USA,2.5,14333.0875,290.25,0,K2J Global IFSC,Tier 1,Brenna Koh,,Commods,Commods,Dairy,Dairy,Dairy,Dairy,SGX-NZX Global Skim Milk Powder (SMP) Futures,JP Morgan,21,1,0.5,LiquidityProvider,T,FY19
25139,25139,K2J Global IFSC,HK NBS,ActiveBroker,ActiveTrader,LiquidityProvider,MarketMaker,TOHL,Screen,Client,4890,632.3130316,5720,SMPO,2025-04,USD,S061,2024,Q2,4,1H,3429.594,Trading Firms,Capstone Investment,United States,ActiveTrader,Accounting Firm,1,Omnibus,88,141.9,147.06,0,K2J Global IFSC,Omnibus,Craig Cohen,,Commods,Commods,Dairy,Dairy,Dairy,Dairy,SGX-NZX Global Skim Milk Powder (SMP) Options,ADMIS,18,0.25,1,LiquidityProvider,T,FY14
25139,25139,K2J Global IFSC,Commodities Sales Europe,ActiveBroker,ActiveTrader,LiquidityProvider,MarketMaker,KOHBRENNA,Screen,Client,6536.2,0,2593.045,ST,2024-06,USD,S018,2023,Q2,6,1H,6800.9445,Trading Firms,Balyasny Asset Management,United States,ActiveTrader,Accounting Firm,1,Europe,160,10642.5,387,0,K2J Global IFSC,GAM,David Chiam,,Financials,Equity Derivatives,Equity,Equity Index,ST,Straits Times Index Futures,Straits Times Index Futures,Nomura,20,1,1,ActiveTrader,T+1,FY26
25139,25139,K2J Global IFSC,Commodities Sales Europe,ActiveBroker,ActiveTrader,LiquidityProvider,MarketMaker,GOCSEIR,Screen,Client,555.1,235.1,33.75,SWF,2022-08,USD,S888,2022,Q3,8,2H,290.25,Buy-Side,Value Opportunities VCC - QIO Fund,United States,MarketMaker,Accounting Firm,1,Europe,16,1344.051,433.44,20014.07684,K2J Global IFSC,Omnibus,David Chiam,,Commods,Commods,FFA,FFA,FFA,FFA,Baltic Supramax Time Charter (10 Routes) Average F,Morgan Stanley,21,1,1,ActiveBroker,T+1,FY14
25139,25139,K2J Global IFSC,International Sales RM,ActiveBroker,ActiveTrader,LiquidityProvider,MarketMaker,COHENC,NLT,Client,64,33959.25,600,TF,2021-05,USD,S168,2020,Q2,5,1H,1698.285,Buy-Side,SMPT Michelin Tire,United States,MarketMaker,Accounting Firm,1,Hong Kong,18,557.28,8499.81,0,K2J Global IFSC,GAM,Penny Pan Ranran,,Commods,Commods,Rubber,Rubber,Rubber,Rubber,SICOM TSR20 Futures,Goldman Sachs,21,1,1,LiquidityProvider,T,FY14
25139,25139,K2J Global IFSC,International Sales RM,ActiveBroker,ActiveTrader,LiquidityProvider,MarketMaker,LEEKJ|WENKR,Screen,Client,296.4,1,94.12114778,TFO,2024-02,USD,S288,2023,Q1,2,1H,7069.2,Buy-Side,Thrivbon Resource,United States,LiquidityProvider,Accounting Firm,1,SG ROA,130,26.65,1935,0,K2J Global IFSC,Tier 2,Tan Say Liang,,Commods,Commods,Rubber,Rubber,Rubber,Rubber,SICOM TSR 20 Rubber Options,Morgan Stanley,19,0.25,1,ActiveTrader,T+1,FY12
25139,25139,K2J Global IFSC,SGROA NBS,ActiveBroker,ActiveTrader,LiquidityProvider,MarketMaker,TANBHS,Screen,Client,3080,10067.22301,556.05,TU,2023-05,USD,S138,2022,Q2,5,1H,17311.8,Buy-Side,Tylesworth,United States,LiquidityProvider,Accounting Firm,1,Europe,4075.25,-6.787364618,1577.025,0,K2J Global IFSC,Commods,Britney Tan Hwee Sian,,Financials,FX/IR,FX,FX,TU,THB/USD FX Futures,THB/USD FX Futures,CIMB,21,1,1,ActiveTrader,T,FY14
25139,25139,K2J Global IFSC,International Sales RM,ActiveBroker,ActiveTrader,LiquidityProvider,MarketMaker,GOCSEIR,Screen,Client,1002,0,445.2,UCO,2023-03,USD,S092,2022,Q1,3,1H,438.4011052,Buy-Side,CITIC Futures,United States,MarketMaker,Accounting Firm,1,USA,112,3.096,307.02,0.387,K2J Global IFSC,China,Craig Cohen,,Financials,FX/IR,FX,FX,UCO,USD/CNH Options,USD/CNH FX Options,BPI,21,1,1,MarketMaker,T+1,FY18
25139,25139,K2J Global IFSC,Commodities Sales,ActiveBroker,ActiveTrader,LiquidityProvider,MarketMaker,TANBHS,Screen,Client,77.4,97.68,612.5,US,2022-05,USD,S108,2021,Q2,5,1H,44.8146,Brokerage/Agency,Jump Trading,United States,MarketMaker,Accounting Firm,1,SG ROA,4271,74.304,26.703,0,K2J Global IFSC,Tier 2,Kenny Groth,,Financials,FX/IR,FX,FX,US,USD/SGD FX Futures,USD/SGD FX Futures (Mini),CIMB,22,1,1,ActiveTrader,T+1,FY26
25139,25139,K2J Global IFSC,HK NBS,ActiveBroker,ActiveTrader,LiquidityProvider,MarketMaker,MACCHIONEP,Screen,Client,4657.4,56618.1,100,WMP,2024-12,SGD,S288,2024,Q4,12,2H,88758.45,Bank Trading Desks,Barclays Omnibus,United States,MarketMaker,Accounting Firm,1,Europe,400,2,20.64,0,K2J Global IFSC,Tier 2,Renaud Gocsei,,Commods,Commods,Dairy,Dairy,Dairy,Dairy,SGX-NZX Global Whole Milk Powder (WMP) Futures,OCBC Securities,20,1,1,LiquidityProvider,T,FY20
25139,25139,K2J Global IFSC,China,ActiveBroker,ActiveTrader,LiquidityProvider,MarketMaker,LIYAN,Screen,Client,820.6,246.5440476,265.6,ZACE,2021-07,USD,S108,2021,Q3,7,2H,127.323,Brokerage/Agency,Undisclosed,United States,MarketMaker,Accounting Firm,1,Hong Kong,1875,657.9,63.55,0,K2J Global IFSC,China,Britney Tan Hwee Sian,,Financials,Equity Derivatives,Equity,SSF,Indian SSF,Indian Single Stock Futures,Ambuja Cements Futures,Macquarie,19,1,1,ActiveTrader,T+1,FY17
25139,25139,K2J Global IFSC,America NBS,ActiveBroker,ActiveTrader,LiquidityProvider,MarketMaker,WANGV,Screen,Client,1029.5,72.9,959.625,ZAXS,2022-11,USD,S138,2022,Q4,11,2H,7460.07,PTG,Undisclosed,United States,LiquidityProvider,Accounting Firm,1,SG ROA,579,203.82,10384.242,21.156,K2J Global IFSC,GAM,omnibus,,Financials,Equity Derivatives,Equity,SSF,Indian SSF,Indian Single Stock Futures,Axis Bank Futures,SG Securities,16,1,1,ActiveBroker,T,FY22
25139,25139,K2J Global IFSC,Europe NBS,ActiveBroker,ActiveTrader,LiquidityProvider,MarketMaker,LUSHB,Screen,Client,10541.25,0,312.4,ZBAF,2025-01,USD,S001,2024,Q1,1,1H,5068.41,Buy-Side,Winton Capital Europe,United States,LiquidityProvider,Accounting Firm,1,Hong Kong,170,338.625,543.348,0,K2J Global IFSC,Commods,Matthew Judge,,Financials,Equity Derivatives,Equity,SSF,Indian SSF,Indian Single Stock Futures,Bajaj Finance Futures,CIMB,18,0.125,1,ActiveTrader,T+1,FY14
25139,25139,K2J Global IFSC,Omnibus,ActiveBroker,ActiveTrader,LiquidityProvider,MarketMaker,JUDGEM,Screen,Client,75.42,0,15171.76033,ZCOA,2023-10,USD,S883,2023,Q4,10,2H,7083.445029,Trading Firms,KB Securities (Client),United States,LiquidityProvider,Accounting Firm,1,China,40,10.25,719.175,0,K2J Global IFSC,Tier 1,David Wang Lipeng,,Financials,Equity Derivatives,Equity,SSF,Indian SSF,Indian Single Stock Futures,Coal India Futures,JP Morgan,21,1,1,LiquidityProvider,T,FY24
25139,25139,K2J Global IFSC,GAM,ActiveBroker,ActiveTrader,LiquidityProvider,MarketMaker,GROTHK,Screen,Client,2083.8,25900.87769,41.4,ZHDB,2024-07,USD,S020,2024,Q3,7,2H,567.6,PTG,HSBC Omnibus,United States,LiquidityProvider,Accounting Firm,1,SG ROA,1219,64.5,152.623125,0,K2J Global IFSC,Tier 3,Richard Wenk,,Financials,Equity Derivatives,Equity,SSF,Indian SSF,Indian Single Stock Futures,HDFC Bank Futures,Marex,19,1,0.5,ActiveTrader,T+1,FY19
25139,25139,K2J Global IFSC,Europe NBS,ActiveBroker,ActiveTrader,LiquidityProvider,MarketMaker,LEEKJ,Screen,Client,325,0,3,ZHND,2022-03,USD,S323,2021,Q1,3,1H,222.525,Buy-Side,Morgan Stanley House,United States,MarketMaker,Accounting Firm,0.25,Europe,1800,7.74,247.0866,0,K2J Global IFSC,Tier 3,Renaud Gocsei,,Financials,Equity Derivatives,Equity,SSF,Indian SSF,Indian Single Stock Futures,Hindalco Industries Futures,Orient Futures,21,1,1,LiquidityProvider,T,FY17
25139,25139,K2J Global IFSC,SGROA NBS,ActiveBroker,ActiveTrader,LiquidityProvider,MarketMaker,TOHL,Screen,Client,1194,194.2,2997.767117,ZHPC,2023-09,USD,S883,2023,Q3,9,2H,144.738,PTG,Phillip Nova Prop,United States,LiquidityProvider,Accounting Firm,1,Europe,4,4765.35675,5.9985,51.57984375,K2J Global IFSC,Tier 3,Kenny Groth,,Financials,Equity Derivatives,Equity,SSF,Indian SSF,Indian Single Stock Futures,Hindustan Petroleum Corp Futures,SG Securities,19,1,1,ActiveTrader,T+1,FY22
25139,25139,K2J Global IFSC,SGROA NBS,ActiveBroker,ActiveTrader,LiquidityProvider,MarketMaker,LIYAN,Screen,Client,10356,0,12650,ZIIB,2024-08,USD,S009,2024,Q3,8,2H,300.57,Trading Firms,Crabel Capital Management LLC,United States,LiquidityProvider,Accounting Firm,1,SG ROA,32.25,75.207,3336.069,16.495875,K2J Global IFSC,Tier 1,Jun Won Lee,,Financials,Equity Derivatives,Equity,SSF,Indian SSF,Indian Single Stock Futures,IndusInd Bank Futures,Merrill Lynch,19,1,1,LiquidityProvider,T,FY22
25139,25139,K2J Global IFSC,HK NBS,ActiveBroker,ActiveTrader,LiquidityProvider,MarketMaker,LUSHB|TANSY,NLT,Client,3241.5,171449.4506,1176,ZLPC,2022-04,USD,S016,2021,Q2,4,1H,28.38,Brokerage/Agency,Citigroup House,United States,ActiveTrader,Accounting Firm,1,Hong Kong,20,657.9,733.365,0,K2J Global IFSC,GAM,Richard Wenk,,Financials,Equity Derivatives,Equity,SSF,Indian SSF,Indian Single Stock Futures,Lupin Futures,DBS Vickers,18,1,1,ActiveBroker,T,FY23
25139,25139,K2J Global IFSC,Europe NBS,ActiveBroker,ActiveTrader,LiquidityProvider,MarketMaker,GOCSEIR,Screen,Client,134255.5,422775.5819,16.15,ZNTP,2023-06,USD,S288,2022,Q2,6,1H,0.006965443,Buy-Side,Undisclosed,United States,LiquidityProvider,Accounting Firm,1,SG ROA,1283,26286.96011,96.75,11667.13901,K2J Global IFSC,Tier 3,Vivian Wang Min,,Financials,Equity Derivatives,Equity,SSF,Indian SSF,Indian Single Stock Futures,NTPC Futures,Morgan Stanley,21,1,1,LiquidityProvider,T+1,FY16
25139,25139,K2J Global IFSC,Commodities Sales Europe,ActiveBroker,ActiveTrader,LiquidityProvider,MarketMaker,WANGV,Screen,Client,28391.35,0,-1304.529209,ZONG,2024-03,USD,S660,2023,Q1,3,1H,1986.6,Brokerage/Agency,Marshall Wace,United States,MarketMaker,Accounting Firm,1,Omnibus,2,1954.35,1.548,0,K2J Global IFSC,GAM,David Chiam,,Financials,Equity Derivatives,Equity,SSF,Indian SSF,Indian Single Stock Futures,Oil & Natural Gas Corp Futures,SG Securities,21,1,0.5,LiquidityProvider,T,FY12
25139,25139,K2J Global IFSC,Omnibus,ActiveBroker,ActiveTrader,LiquidityProvider,MarketMaker,WANGD,NLT,Client,75,0,2447.332359,ZVDA,2023-08,USD,S883,2023,Q3,8,2H,1.677,Brokerage/Agency,Barclays Omnibus,United States,ActiveBroker,Accounting Firm,1,Omnibus,1807.25,129,0,0,K2J Global IFSC,Commods,Britney Tan Hwee Sian,,Financials,Equity Derivatives,Equity,SSF,Indian SSF,Indian Single Stock Futures,Vedanta Limited Futures,SG Securities,21,0.125,1,LiquidityProvider,T+1,FY19
21177,21177,Life Trading,China,ActiveBroker,ActiveTrader,LiquidityProvider,MarketMaker,GOCSEIR,Screen,Client,1.1,0,4769.057349,3MF,2023-08,USD,S108,2023,Q3,8,2H,235.812,Trading Firms,Undisclosed,Afghanistan,MarketMaker,Academic,0.25,USA,146,2533.6245,123.84,1013.166,Life Trading,Commods,Renaud Gocsei,,Commods,Commods,Oil,Oil,Oil,Oil,Platts Singapore FO 380cst Index Futures,ADMIS,21,1,1,ActiveTrader,T,FY19
21177,21177,Life Trading,Omnibus,ActiveBroker,ActiveTrader,LiquidityProvider,MarketMaker,CHIALPL,NLT,Client,54,0,-1733.687612,ACF,2024-06,USD,S020,2023,Q2,6,1H,3328.2,Buy-Side,BNP Paribas,Afghanistan,ActiveTrader,Academic,1,SG ROA,89.5,522.45,140302.206,0,Life Trading,Tier 1,Richard Wenk,,Commods,Commods,Coking Coal,Coking Coal,Coking Coal,Coking Coal,Coking Coal Futures,JP Morgan,22,1,1,ActiveBroker,T+1,FY12
21177,21177,Life Trading,China,ActiveBroker,ActiveTrader,LiquidityProvider,MarketMaker,TOHL,NLT,Client,1116,0,35.2,AMF,2025-07,USD,S092,2025,Q3,7,2H,-3270.602897,Trading Firms,Phillip Nova,Afghanistan,LiquidityProvider,Academic,1,China,105,5991.921,3774.0498,0,Life Trading,Tier 2,Carl Davey,,Commods,Commods,Dairy,Dairy,Dairy,Dairy,SGX-NZX Global Anhydrous Milk Fat (AMF) Futures,JP Morgan,21,1,1,MarketMaker,T,FY14
21177,21177,Life Trading,Commodities Sales,ActiveBroker,ActiveTrader,LiquidityProvider,MarketMaker,LUSHB|KOHBRENNA,NLT,Client,161,0,360,BRL,2024-09,USD,S288,2024,Q3,9,2H,15269.26157,PTG,Regal Cream Products,Afghanistan,LiquidityProvider,Academic,0.25,Europe,15757,-128.5362153,810.765,156.6900075,Life Trading,Tier 1,Matthew Judge,,Financials,FX/IR,FX,FX,BRL,SGX BRL/USD Futures,SGX BRL/USD Futures,Goldman Sachs,19,0.25,1,ActiveTrader,T+1,FY14
21177,21177,Life Trading,Europe NBS,ActiveBroker,ActiveTrader,LiquidityProvider,MarketMaker,WANGV,Screen,Client,33891,0,400,BZ,2022-08,USD,S168,2022,Q3,8,2H,6385.5,Others,DV Trading LLC,Afghanistan,LiquidityProvider,Academic,1,SG ROA,15,29.67,193.5,0,Life Trading,GAM,Kenny Groth,,Commods,Commods,Petchem,Petchem,Petchem,Petchem,Platts BZ FOB Korea Swap,Phillip,22,1,1,LiquidityProvider,T,FY16
21177,21177,Life Trading,International Sales RM,ActiveBroker,ActiveTrader,LiquidityProvider,MarketMaker,KOHBRENNA,Screen,Client,16038,0,-32888.51651,BZF,2023-04,USD,S560,2022,Q2,4,1H,508.4,Brokerage/Agency,Verition Fund Management LLC,Afghanistan,MarketMaker,Academic,1,USA,508,553.5987805,27497.3175,0,Life Trading,Tier 2,Brenna Koh,,Commods,Commods,Petchem,Petchem,Petchem,Petchem,Platts BZ FOB Korea Futures,ADMIS,19,1,1,LiquidityProvider,T,FY24
21177,21177,Life Trading,SGROA RM,ActiveBroker,ActiveTrader,LiquidityProvider,MarketMaker,CHIALPL,Screen,Client,1370.6,0,2775,BZN,2022-06,USD,S020,2021,Q2,6,1H,2677.266,Buy-Side,Millennium Capital Management,Afghanistan,LiquidityProvider,Academic,1,China,65,17.415,54.954,0,Life Trading,Commods,Lily Chia,,Commods,Commods,Petchem,Petchem,Petchem,Petchem,BZ-Naphtha Spread Swap,BPI,18,1,1,MarketMaker,T,FY18
21177,21177,Life Trading,Commodities Sales Europe,ActiveBroker,ActiveTrader,LiquidityProvider,MarketMaker,JUDGEM|TANSY,Screen,Client,2.4,0,196.7006803,BZNF,2024-07,USD,S007,2024,Q3,7,2H,2196.096,PTG,Marshall Wace,Afghanistan,LiquidityProvider,Academic,1,Omnibus,1350,771.1705358,13.545,8054.104532,Life Trading,China,Lily Chia,,Commods,Commods,Petchem,Petchem,Petchem,Petchem,BZ-Naphtha Spread Futures,Phillip,19,1,1,ActiveBroker,T+1,FY17
21177,21177,Life Trading,China,ActiveBroker,ActiveTrader,LiquidityProvider,MarketMaker,TANBHS|DAVEYC,Screen,House,538.5,0,120,CN,2021-11,USD,S108,2021,Q4,11,2H,2476.9935,Buy-Side,Undisclosed,Afghanistan,LiquidityProvider,Academic,0.5,Omnibus,90,34384.95,96.75,8108.869447,Life Trading,Commods,David Wang Lipeng,,Financials,Equity Derivatives,Equity,Equity Index,CN,China A50 Index Futures,China A50 Index Futures,Goldman Sachs,19,1,1,ActiveTrader,T,FY25
21177,21177,Life Trading,SGROA NBS,ActiveBroker,ActiveTrader,LiquidityProvider,MarketMaker,WANGD,Screen,Client,402,0,1523.15,CWF,2023-11,USD,S560,2023,Q4,11,2H,481.75,Trading Firms,Elegant Commodities DMCC,Afghanistan,ActiveTrader,Academic,1,SG ROA,0,340.56,73.3881,2920.302,Life Trading,China,Britney Tan Hwee Sian,,Commods,Commods,FFA,FFA,FFA,FFA,Capesize Time Charter Average (5 Routes) Futures,Morgan Stanley,21,1,1,ActiveTrader,T,FY14
21177,21177,Life Trading,Omnibus,ActiveBroker,ActiveTrader,LiquidityProvider,MarketMaker,TANSY,Screen,Client,803.6,0,226.6,CWFO,2025-08,USD,S011,2025,Q3,8,2H,162.54,Buy-Side,"Nomura Asset Management Co., Ltd",Afghanistan,LiquidityProvider,Academic,1,Hong Kong,8,95.7825,15.48,3215.277133,Life Trading,Tier 3,Vivian Wang Min,,Commods,Commods,FFA,FFA,FFA,FFA,Capesize Time Charter (5 Routes) Average Futures O,GH Financials,21,1,1,ActiveBroker,T+1,FY14
21177,21177,Life Trading,Commodities Sales Europe,ActiveBroker,ActiveTrader,LiquidityProvider,MarketMaker,KOHBRENNA,Screen,Client,96,0,32.4,FCH,2022-05,USD,S009,2021,Q2,5,1H,737.88,Buy-Side,Hartree Partners Power & Gas Company,Afghanistan,LiquidityProvider,Academic,1,China,2,426.474,2193,3271.5045,Life Trading,Commods,Brenna Koh,,Financials,Equity Derivatives,Equity,Equity Index,FCH,FTSE China H50 Index Futures,FTSE China H50 Index Futures,Phillip,21,1,1,LiquidityProvider,T,FY23
21177,21177,Life Trading,SGROA RM,ActiveBroker,ActiveTrader,LiquidityProvider,MarketMaker,TANSY,Screen,Client,1300,0,12796.96,FEF,2022-04,USD,S009,2021,Q2,4,1H,90.3,PTG,UBS House,Afghanistan,LiquidityProvider,Academic,0.125,China,361,-1451.593658,2773.5,0,Life Trading,Tier 3,David Chiam,,Commods,Commods,Iron ore,Iron ore,Iron Ore,Iron ore,TSI Iron Ore CFR China (62% Fe Fines) Index Future,StoneX,21,1,1,ActiveBroker,T,FY16
21177,21177,Life Trading,GAM,ActiveBroker,ActiveTrader,LiquidityProvider,MarketMaker,KOHBRENNA|TANBHS,Screen,House,2317.23,458.1651376,3873.01,FEFO,2022-01,USD,S328,2021,Q1,1,1H,1662.165,PTG,HNK Alpha,Afghanistan,ActiveBroker,Academic,1,Omnibus,68,9.933,30778.11,0,Life Trading,Tier 2,Richard Wenk,,Commods,Commods,Iron ore,Iron ore,Iron Ore,Iron ore,TSI Iron Ore CFR China (62% FE Fines) Index Future,Macquarie,19,1,1,LiquidityProvider,T+1,FY22
21177,21177,Life Trading,Commodities Sales,ActiveBroker,ActiveTrader,LiquidityProvider,MarketMaker,COHENC|MACCHIONEP,Screen,Client,6745.2,5.091240876,40438.9,FEFTS,2024-04,USD,S092,2023,Q2,4,1H,193.5,Brokerage/Agency,Genk Capital,Afghanistan,ActiveTrader,Academic,1,SG ROA,10,1.29,104.8125,16238.33282,Life Trading,GAM,Brenna Koh,,Commods,Commods,Iron Ore,Iron Ore,Iron Ore,Iron Ore,TSI Iron Ore CFR China (62% Fe Fines) Index Futures (Trade-at-Settlement),JP Morgan,20,0.25,1,ActiveTrader,T,FY25
21177,21177,Life Trading,SGROA NBS,ActiveBroker,ActiveTrader,LiquidityProvider,MarketMaker,LIYAN,Screen,Client,7910,0,418,FID,2025-02,USD,S660,2024,Q1,2,1H,9739.5,Brokerage/Agency,Undisclosed,Afghanistan,MarketMaker,Academic,1,SG ROA,4876,2689.279884,295.152,0,Life Trading,Tier 2,Britney Tan Hwee Sian,,Financials,Equity Derivatives,Equity,Equity Index,FID,FTSE Indonesia Index Futures,FTSE Indonesia Index Futures,ABN Amro,20,1,1,ActiveTrader,T,FY25
21177,21177,Life Trading,International Sales RM,ActiveBroker,ActiveTrader,LiquidityProvider,MarketMaker,TOHL,NLT,House,3,0,442.5,FVN,2025-05,USD,S560,2024,Q2,5,1H,272.835,Buy-Side,Yuanta Futures - Agency,Afghanistan,LiquidityProvider,Academic,1,Europe,2039,1557.675,15.48,0,Life Trading,China,Kenny Groth,,Financials,Equity Derivatives,Equity,Equity Index,FVN,SGX FTSE Vietnam 30 Index Futures,FTSE Vietnam 30 Index Futures,Barclays,22,1,0.5,MarketMaker,T,FY24
21177,21177,Life Trading,International Sales RM,ActiveBroker,ActiveTrader,LiquidityProvider,MarketMaker,TANSY,NLT,Client,150,398.2164179,17075,GIN,2023-07,USD,S016,2023,Q3,7,2H,721.8263364,Brokerage/Agency,Daishin Securities (Client),Afghanistan,ActiveTrader,Academic,1,China,17,344.946,13.158,28473.82141,Life Trading,Commods,Richard Wenk,,Financials,Equity Derivatives,Equity,Equity Index,GIN,GIFT Derivatives,GIFT City Index Futures,Morgan Stanley,18,0.125,1,LiquidityProvider,T+1,FY19
21177,21177,Life Trading,Commodities Sales,ActiveBroker,ActiveTrader,LiquidityProvider,MarketMaker,LIYAN,Screen,Client,176,0,17861.8,GINB,2025-09,USD,S092,2025,Q3,9,2H,9799.872,Brokers Prop,BNP Paribas,Afghanistan,ActiveTrader,Academic,1,SG ROA,500,1883.552454,371.52,0,Life Trading,GAM,Lily Chia,,Financials,Equity Derivatives,Equity,Equity Index,GINB,GIFT Derivatives,GIFT City Bank Index Futures,Goldman Sachs,22,1,1,MarketMaker,T,FY16
21177,21177,Life Trading,China,ActiveBroker,ActiveTrader,LiquidityProvider,MarketMaker,WANGV,NLT,Client,489.95,3962.2,605.2,HAF,2021-08,USD,S339,2021,Q3,8,2H,931.5959935,Others,Prime Trading LLC,Afghanistan,LiquidityProvider,Academic,1,SG ROA,23685,181.89,121.905,0,Life Trading,Commods,Kenny Groth,,Commods,Commods,FFA,FFA,FFA,FFA,SGX Baltic Handysize Time Charter Average (4 Routes) ATL Futures,UBS Futures,21,1,1,LiquidityProvider,T,FY17
21177,21177,Life Trading,Commodities Sales Europe,ActiveBroker,ActiveTrader,LiquidityProvider,MarketMaker,TOHL,Screen,House,17032.4,0,33.2,HWF,2023-10,USD,S018,2023,Q4,10,2H,11534.3415,Trading Firms,Wells Fargo Securities,Afghanistan,ActiveBroker,Academic,1,Hong Kong,367,25.8,6.45,15954.21884,Life Trading,China,omnibus,,Commods,Commods,FFA,FFA,FFA,FFA,Baltic Handysize Time Charter Average (7 Routes) Futures,Orient Futures,22,1,0.5,ActiveTrader,T,FY18
21177,21177,Life Trading,China,ActiveBroker,ActiveTrader,LiquidityProvider,MarketMaker,LIYAN,NLT,Client,1500,0,3760.73,INX,2021-03,USD,S011,2020,Q1,3,1H,1.806,Brokerage/Agency,Valuable Capital Limited,Afghanistan,LiquidityProvider,Academic,1,SG ROA,10,-651.6250676,357.072,4179.189986,Life Trading,Commods,Kenneth Ng Say Chong,,Financials,FX/IR,FX,FX,INX,INR/USD FX Month End Futures,INR/USD FX Month End Futures,Orient Futures,19,1,1,ActiveTrader,T+1,FY12
21177,21177,Life Trading,SGROA RM,ActiveBroker,ActiveTrader,LiquidityProvider,MarketMaker,LEEKJ,Screen,Client,60,736.84,3426.5,IU,2021-12,USD,S001,2021,Q4,12,2H,4.1,Buy-Side,Huatai Futures,Afghanistan,ActiveBroker,Academic,0.5,SG ROA,377873,436.65,244235.442,128.5485665,Life Trading,GAM,Renaud Gocsei,,Financials,FX/IR,FX,FX,IU,INR/USD FX Futures,INR/USD Futures,Macquarie,22,1,1,ActiveTrader,T,FY22
21177,21177,Life Trading,Commodities Sales,ActiveBroker,ActiveTrader,LiquidityProvider,MarketMaker,TOHL,NLT,Client,44.4,286,2190,JB,2024-05,USD,S389,2023,Q2,5,1H,411.51,Buy-Side,Trend Capital Management,Afghanistan,ActiveTrader,Academic,1,USA,8,7.74,1027.872,0,Life Trading,Tier 1,Richard Wenk,,Financials,FX/IR,Interest Rates,Interest Rates,JB,JGB Futures,Mini Japanese Government Bond (JGB) Futures,Citigroup,22,1,1,LiquidityProvider,T+1,FY14
21177,21177,Life Trading,International Sales RM,ActiveBroker,ActiveTrader,LiquidityProvider,MarketMaker,KOHBRENNA|TANBHS,Screen,Client,1260,7019.74,331.5,KU,2023-05,USD,S001,2022,Q2,5,1H,85.785,Brokerage/Agency,Forza Fund,Afghanistan,ActiveTrader,Academic,0.25,SG ROA,3,25882.56,3382.896,0,Life Trading,China,Britney Tan Hwee Sian,,Financials,FX/IR,FX,FX,KU,KRW/USD FX Futures (Mini),KRW/USD FX Futures (Mini),StoneX,21,1,1,LiquidityProvider,T,FY12
21177,21177,Life Trading,America NBS,ActiveBroker,ActiveTrader,LiquidityProvider,MarketMaker,KOHBRENNA|TANBHS,NLT,Client,156,11550,3120,LIHF,2023-02,USD,S020,2022,Q1,2,1H,69.66,Brokerage/Agency,Hong Kong Yingjia International,Afghanistan,MarketMaker,Academic,1,SG ROA,8334,5.95,2128.5,0,Life Trading,Tier 2,Yan Xuan Li,,Commods,Commods,Energy Metals,Energy Metals,Energy Metals,Energy Metals,SGX FM Lithium Hydroxide CIF CJK (Battery Grade) Futures,Morgan Stanley,22,1,1,LiquidityProvider,T+1,FY14
21177,21177,Life Trading,SGROA RM,ActiveBroker,ActiveTrader,LiquidityProvider,MarketMaker,LEEKJ|WENKR,Screen,Client,3413.4,7865,5497.8,LPF,2025-04,USD,S111,2024,Q2,4,1H,1382.886248,PTG,Mako Australia,Afghanistan,LiquidityProvider,Academic,1,China,3951,21.93,11644.34625,0,Life Trading,China,Kenneth Ng Say Chong,,Commods,Commods,Iron ore,Iron ore,Iron Ore,Iron ore,Platts Iron Ore CFR China (Lump Premium) Index Fut,Phillip,21,1,1,ActiveBroker,T+1,FY24
21177,21177,Life Trading,America NBS,ActiveBroker,ActiveTrader,LiquidityProvider,MarketMaker,TOHL,NLT,Client,6290.25,0,1200,M65F,2022-12,USD,S061,2022,Q4,12,2H,-79.86543897,Brokerage/Agency,Honors Commodity Hong Kong Company Limited,Afghanistan,LiquidityProvider,Academic,1,USA,780,936.54,3951.27,1417.576452,Life Trading,China,Carl Davey,,Commods,Commods,Iron ore,Iron ore,Iron Ore,Iron ore,MB Iron Ore CFR China (65% Fe Fines) Index Futures,Phillip,19,1,1,LiquidityProvider,T+1,FY17
21177,21177,Life Trading,Commodities Sales,ActiveBroker,ActiveTrader,LiquidityProvider,MarketMaker,WENKR,NLT,Client,450,0,138.6,MC,2023-06,SGD,S108,2022,Q2,6,1H,54.18,Trading Firms,Eugene  Futures (Client),Afghanistan,LiquidityProvider,Academic,0.25,SG ROA,1005,141.9,85.14,0,Life Trading,Tier 2,Vivian Wang Min,,Commods,Commods,Petchem,Petchem,Petchem,Petchem,ICIS Methanol CFR CN Swap,HGNH,21,1,1,LiquidityProvider,T,FY25
21177,21177,Life Trading,International Sales RM,ActiveBroker,ActiveTrader,LiquidityProvider,MarketMaker,KOHBRENNA|TANBHS,Screen,Client,189.6,0,51,MCF,2021-07,USD,S660,2021,Q3,7,2H,22.704,Brokerage/Agency,CGS International Capital,Afghanistan,ActiveTrader,Academic,1,SG ROA,17,12.384,1632.366,0,Life Trading,China,Britney Tan Hwee Sian,,Commods,Commods,Petchem,Petchem,MCF,ICIS Methanol CFR CN Futures,ICIS Methanol CFR CN Futures,Morgan Stanley,18,1,1,ActiveTrader,T+1,FY24
21177,21177,Life Trading,GAM,ActiveBroker,ActiveTrader,LiquidityProvider,MarketMaker,WANGD,Screen,Client,38.4,0,315,MCNWO,2021-02,USD,S883,2020,Q1,2,1H,104,Brokerage/Agency,Fonterra Commodities Limited,Afghanistan,ActiveBroker,Academic,1,Europe,53,49.536,11190.105,6.994517859,Life Trading,Tier 1,Brenna Koh,,Financials,Equity Derivatives,Equity,Equity Index,MCA,MSCI World Climate Action Index Net USD,MSCI World Climate Action Index Net USD,Goldman Sachs,19,1,1,LiquidityProvider,T,FY16
21177,21177,Life Trading,GAM,ActiveBroker,ActiveTrader,LiquidityProvider,MarketMaker,KOHBRENNA,Screen,Client,9648.75,0,44,MF5F,2022-10,USD,S009,2022,Q4,10,2H,297.2934,Brokerage/Agency,Undisclosed,Afghanistan,ActiveTrader,Academic,1,SG ROA,1593,5195.693343,4662.705,0,Life Trading,Tier 1,omnibus,,Commods,Commods,Oil,Oil,Oil,Oil,Platts Marine Fuel 0.5% FOB Singapore Futures,YongAn,21,1,1,MarketMaker,T,FY18
21177,21177,Life Trading,GAM,ActiveBroker,ActiveTrader,LiquidityProvider,MarketMaker,CHIALPL,NLT,Client,35860,0.05,476,MTWN,2024-01,USD,S560,2023,Q1,1,1H,1968.54,Trading Firms,Millennium Capital Management,Afghanistan,ActiveBroker,Academic,1,Omnibus,5,2.322,2479.4445,0,Life Trading,GAM,Brenna Koh,,Financials,Equity Derivatives,Equity,Equity Index,MTWN,Micro FTSE Taiwan Index Futures,Micro FTSE Taiwan Index Futures,Merrill Lynch,18,1,1,ActiveTrader,T+1,FY23
21177,21177,Life Trading,International Sales RM,ActiveBroker,ActiveTrader,LiquidityProvider,MarketMaker,KOHBRENNA,NLT,Client,151,0,12537,MX,2021-04,USD,S288,2020,Q2,4,1H,3134.446,Buy-Side,Gent Commodity,Afghanistan,ActiveTrader,Academic,1,SG ROA,357,19445.976,633.906,0,Life Trading,Tier 1,Renaud Gocsei,,Commods,Commods,Petchem,Petchem,Petchem,Petchem,SGX ICIS Isomer MX FOB Korea Swap,Orient Futures,18,1,1,MarketMaker,T,FY22
21177,21177,Life Trading,SGROA RM,ActiveBroker,ActiveTrader,LiquidityProvider,MarketMaker,KOHBRENNA|WANGV,NLT,Client,876,96.8,5480.369562,MXF,2025-11,USD,S660,2025,Q4,11,2H,4,Brokerage/Agency,AHL-Man,Afghanistan,ActiveTrader,Academic,0.25,SG ROA,2000,380.55,11.61,0,Life Trading,Tier 1,Brenna Koh,,Commods,Commods,Petchem,Petchem,Petchem,Petchem,SGX ICIS Isomer MX FOB Korea Futures,SG Securities,22,1,1,ActiveBroker,T,FY15
21177,21177,Life Trading,GAM,ActiveBroker,ActiveTrader,LiquidityProvider,MarketMaker,TANSY,NLT,Client,6,27865.47151,10,ND,2023-09,USD,S020,2023,Q3,9,2H,69.66,Buy-Side,ExodusPoint,Afghanistan,ActiveTrader,Academic,1,Europe,31.5,8741.04,4.902,0,Life Trading,Commods,Kenneth Ng Say Chong,,Financials,Equity Derivatives,Equity,Dividend Index,ND,Nikkei Stock Average Dividend Point Index Futures,Nikkei Stock Average Dividend Point Index Futures,HGNH,21,0.125,1,LiquidityProvider,T,FY23
21177,21177,Life Trading,Omnibus,ActiveBroker,ActiveTrader,LiquidityProvider,MarketMaker,LUSHB,Screen,Client,180,0,538.65,NK,2022-03,USD,S011,2021,Q1,3,1H,192.855,PTG,BNP Paribas,Afghanistan,LiquidityProvider,Academic,0.25,SG ROA,192,96.75,51.6,0,Life Trading,Tier 3,Jason Lee,,Financials,Equity Derivatives,Equity,Equity Index,NK,Nikkei 225 Index Futures,Nikkei 225 Index Futures,SG Securities,21,0.125,1,MarketMaker,T,FY24
21177,21177,Life Trading,GAM,ActiveBroker,ActiveTrader,LiquidityProvider,MarketMaker,LUSHB|KOHBRENNA,NLT,Client,3099.8,143.072203,281.7,NU,2021-01,SGD,S883,2020,Q1,1,1H,671.445,PTG,Undisclosed,Afghanistan,LiquidityProvider,Academic,1,USA,190,221.364,8272.77,172.215,Life Trading,GAM,Brenna Koh,,Financials,Equity Derivatives,Equity,Equity Index,NU,USD Nikkei 225 Index Futures,USD Nikkei 225 Index Futures,KGI,18,1,1,LiquidityProvider,T+1,FY17
21177,21177,Life Trading,Omnibus,ActiveBroker,ActiveTrader,LiquidityProvider,MarketMaker,COHENC,Screen,House,32.4,16699,600,PWF,2024-03,USD,S009,2023,Q1,3,1H,464.4,Trading Firms,Sunrise CO Paloma,Afghanistan,ActiveBroker,Academic,1,SG ROA,1,77.4,2287.428,0,Life Trading,Tier 3,Yan Xuan Li,,Commods,Commods,FFA,FFA,FFA,FFA,Baltic Panamax Time Charter Average (5 Routes) Futures,Phillip,19,1,1,ActiveTrader,T+1,FY21
21177,21177,Life Trading,Europe NBS,ActiveBroker,ActiveTrader,LiquidityProvider,MarketMaker,LIYAN,NLT,Client,24,127.9183673,0.65,PWFO,2025-01,USD,S018,2024,Q1,1,1H,904.4235478,Buy-Side,Exen Resources,Afghanistan,ActiveTrader,Academic,1,SG ROA,4426,4746.314934,330.24,2.2,Life Trading,Tier 2,Brenna Koh,,Commods,Commods,FFA,FFA,FFA,FFA,Baltic Panamax Time Charter Average (5 Route) Options,Merrill Lynch,22,1,1,LiquidityProvider,T,FY20
21177,21177,Life Trading,GAM,ActiveBroker,ActiveTrader,LiquidityProvider,MarketMaker,GROTHK|JUDGEM,Screen,Client,4.4,0,81,PX,2022-09,USD,S138,2022,Q3,9,2H,4597.56,Buy-Side,Undisclosed,Afghanistan,ActiveTrader,Academic,1,SG ROA,20,629.8425,44368.26,425.7,Life Trading,Tier 1,Britney Tan Hwee Sian,,Commods,Commods,Petchem,Petchem,Petchem,Petchem,Platts PX CFR Taiwan/China Swap,SG Securities,21,0.125,1,ActiveTrader,T,FY19
21177,21177,Life Trading,SGROA RM,ActiveBroker,ActiveTrader,LiquidityProvider,MarketMaker,TOHL,Screen,Client,7579.5,0,0.5,PXF,2022-11,USD,S660,2022,Q4,11,2H,7.74,PTG,Verscale,Afghanistan,LiquidityProvider,Academic,1,Europe,134,0,5.418,0,Life Trading,Tier 1,Richard Wenk,,Commods,Commods,Petchem,Petchem,Petchem,Petchem,Platts PX CFR Taiwan/China Futures,Morgan Stanley,21,0.5,1,LiquidityProvider,T,FY26
21177,21177,Life Trading,International Sales RM,ActiveBroker,ActiveTrader,LiquidityProvider,MarketMaker,KOHBRENNA,Screen,Client,150,25,-2352.559826,PXN,2023-01,USD,S560,2022,Q1,1,1H,21.93,Brokerage/Agency,Macquarie Omnibus,Afghanistan,LiquidityProvider,Academic,0.25,Hong Kong,10,20.1498,3257.25,41527.035,Life Trading,Commods,Britney Tan Hwee Sian,,Commods,Commods,Petchem,Petchem,Petchem,Petchem,PX-Naphtha Spread Swaps,DBS Vickers,21,1,1,LiquidityProvider,T+1,FY21
21177,21177,Life Trading,International Sales RM,ActiveBroker,ActiveTrader,LiquidityProvider,MarketMaker,WANGD,Screen,Client,28.7,0,540,PXNF,2021-10,USD,S011,2021,Q4,10,2H,2411.038043,Brokerage/Agency,Merrill Lynch,Afghanistan,LiquidityProvider,Academic,1,Europe,450,3059.861103,2342.124,0,Life Trading,China,Jason Lee,,Commods,Commods,Petchem,Petchem,Petchem,Petchem,PX-Naphtha Spread Futures,Morgan Stanley,22,1,1,ActiveTrader,T,FY14
21177,21177,Life Trading,China,ActiveBroker,ActiveTrader,LiquidityProvider,MarketMaker,LEEKJ,NLT,Client,1686,10.5,-9243.18,SGP,2022-02,USD,S168,2021,Q1,2,1H,464.4,Bank Trading Desks,Qube,Afghanistan,ActiveBroker,Academic,1,USA,575,-10.32,1753.368,95.2,Life Trading,GAM,Renaud Gocsei,,Financials,Equity Derivatives,Equity,Equity Index,SGP,MSCI Singapore Free Index Futures,MSCI Singapore Free Index Futures,Morgan Stanley,22,1,1,LiquidityProvider,T+1,FY16
21177,21177,Life Trading,Commodities Sales,ActiveBroker,ActiveTrader,LiquidityProvider,MarketMaker,KOHBRENNA|TANBHS,Screen,Client,614.4,0,78.88389722,SMP,2024-08,USD,S001,2024,Q3,8,2H,1548,Buy-Side,Tudor Capital Singapore Pte Ltd,Afghanistan,LiquidityProvider,Academic,0.25,SG ROA,2550,18266.4,3257.25,468.6749345,Life Trading,Commods,Julie Joseph,,Commods,Commods,Dairy,Dairy,Dairy,Dairy,SGX-NZX Global Skim Milk Powder (SMP) Futures,SG Securities,19,1,1,LiquidityProvider,T,FY25
21177,21177,Life Trading,Omnibus,ActiveBroker,ActiveTrader,LiquidityProvider,MarketMaker,TANSY,Screen,Client,2364,150,9858.2,SWF,2025-03,USD,S061,2024,Q1,3,1H,1927.8405,Bank Trading Desks,Verition Fund Management LLC,Afghanistan,MarketMaker,Academic,1,USA,304,387,3690.75,1741.645125,Life Trading,China,Carl Davey,,Commods,Commods,FFA,FFA,FFA,FFA,Baltic Supramax Time Charter (10 Routes) Average F,SG Securities,19,1,1,LiquidityProvider,T,FY14
21177,21177,Life Trading,GAM,ActiveBroker,ActiveTrader,LiquidityProvider,MarketMaker,GOCSEIR,Screen,Client,14,957,4256.61,TF,2023-12,USD,S883,2023,Q4,12,2H,464.4,Buy-Side,Legend Investments,Afghanistan,ActiveTrader,Academic,0.25,SG ROA,38,17.415,1.548,0,Life Trading,Tier 3,Kenny Groth,,Commods,Commods,Rubber,Rubber,Rubber,Rubber,SICOM TSR20 Futures,BPI,21,1,1,LiquidityProvider,T,FY14
21177,21177,Life Trading,International Sales RM,ActiveBroker,ActiveTrader,LiquidityProvider,MarketMaker,TANBHS,Screen,Client,182,0,280,TU,2025-12,USD,S011,2025,Q4,12,2H,5.031,Buy-Side,Anglo American,Afghanistan,LiquidityProvider,Academic,1,SG ROA,32,16.254,16.54425,0,Life Trading,Tier 2,Britney Tan Hwee Sian,,Financials,FX/IR,FX,FX,TU,THB/USD FX Futures,THB/USD FX Futures,SG Securities,22,1,1,LiquidityProvider,T+1,FY14
21177,21177,Life Trading,Omnibus,ActiveBroker,ActiveTrader,LiquidityProvider,MarketMaker,DAVEYC|LEEKJ,NLT,Client,5154.29,24.6,0,TWN,2022-07,USD,S883,2022,Q3,7,2H,1849.731,Brokerage/Agency,Morgan Stanley House,Afghanistan,LiquidityProvider,Academic,1,SG ROA,10,7.74,503.1,12357.36454,Life Trading,Tier 1,Britney Tan Hwee Sian,,Financials,Equity Derivatives,Equity,Equity Index,TWN,FTSE Taiwan Index Futures,FTSE Taiwan Index Futures,JP Morgan,19,1,1,MarketMaker,T+1,FY25
21177,21177,Life Trading,SGROA RM,ActiveBroker,ActiveTrader,LiquidityProvider,MarketMaker,LIYAN,NLT,Client,0,0,154.5,UC,2023-03,USD,S108,2022,Q1,3,1H,1935,Buy-Side,Newport Metal Ltd.,Afghanistan,LiquidityProvider,Academic,1,USA,1790,-1.23e-14,709.5,0,Life Trading,Tier 2,Brenna Koh,,Financials,FX/IR,FX,FX,UC,USD/CNH Futures,USD/CNH FX Futures,Morgan Stanley,22,0.125,0.5,MarketMaker,T,FY18
21177,21177,Life Trading,GAM,ActiveBroker,ActiveTrader,LiquidityProvider,MarketMaker,GOCSEIR|TOHL,NLT,House,2973.3,0,-9539.849025,UCO,2025-10,USD,S389,2025,Q4,10,2H,4903.29,Brokerage/Agency,Fomento Commodities,Afghanistan,LiquidityProvider,Academic,1,SG ROA,36,17.05,64.5,19.608,Life Trading,Tier 2,Yan Xuan Li,,Financials,FX/IR,FX,FX,UCO,USD/CNH Options,USD/CNH FX Options,Marex,19,1,1,LiquidityProvider,T+1,FY25
21177,21177,Life Trading,SGROA RM,ActiveBroker,ActiveTrader,LiquidityProvider,MarketMaker,LUSHB,Screen,Client,147076.6,0,4790,US,2024-12,USD,S888,2024,Q4,12,2H,226322.9931,Others,Tylesworth,Afghanistan,MarketMaker,Academic,0.25,SG ROA,60,10948.92596,27.09,0,Life Trading,Omnibus,Britney Tan Hwee Sian,,Financials,FX/IR,FX,FX,US,USD/SGD FX Futures,USD/SGD FX Futures (Mini),CIMB,18,1,1,ActiveBroker,T,FY26
21177,21177,Life Trading,SGROA NBS,ActiveBroker,ActiveTrader,LiquidityProvider,MarketMaker,JUDGEM,NLT,Client,1.2,0,69357.2,ZACE,2024-02,USD,S288,2023,Q1,2,1H,90938.11482,Brokerage/Agency,HNK Alpha,Afghanistan,ActiveBroker,Academic,1,SG ROA,15847,180.6,48.0525,465.948,Life Trading,Commods,David Chiam,,Financials,Equity Derivatives,Equity,SSF,Indian SSF,Indian Single Stock Futures,Ambuja Cements Futures,DBS Vickers,19,1,1,ActiveTrader,T+1,FY15
21177,21177,Life Trading,GAM,ActiveBroker,ActiveTrader,LiquidityProvider,MarketMaker,LUSHB|KOHBRENNA,Screen,Client,3642,110.88,67588.8,ZAXS,2025-06,USD,S350,2024,Q2,6,1H,766.26,Brokers Prop,Junan Resource,Afghanistan,ActiveTrader,Academic,1,Hong Kong,2142.5,2066.58,2568.39,2051.874,Life Trading,GAM,David Wang Lipeng,,Financials,Equity Derivatives,Equity,SSF,Indian SSF,Indian Single Stock Futures,Axis Bank Futures,JP Morgan,21,1,1,LiquidityProvider,T+1,FY24
21177,21177,Life Trading,HK NBS,ActiveBroker,ActiveTrader,LiquidityProvider,MarketMaker,WANGD,NLT,Client,29.4,0,-117.518951,ZGAI,2021-05,SGD,S020,2020,Q2,5,1H,1046.19,Trading Firms,Citigroup Prop,Afghanistan,LiquidityProvider,Academic,0.125,Omnibus,150,510.84,615.846,71.982,Life Trading,Tier 1,Yan Xuan Li,,Financials,Equity Derivatives,Equity,SSF,Indian SSF,Indian Single Stock Futures,GAIL India Futures,UBS Futures,21,1,1,ActiveTrader,T+1,FY26
21177,21177,Life Trading,Commodities Sales,ActiveBroker,ActiveTrader,LiquidityProvider,MarketMaker,COHENC,Screen,Client,3476,50.1,4.5,ZHMC,2021-06,USD,S007,2020,Q2,6,1H,1306.125,Brokers Prop,Undisclosed,Afghanistan,ActiveBroker,Academic,0.5,SG ROA,456,461.175,36005.706,0,Life Trading,GAM,David Chiam,,Financials,Equity Derivatives,Equity,SSF,Indian SSF,Indian Single Stock Futures,Hero MotoCorp Futures,BNP Paribas,22,1,1,LiquidityProvider,T,FY14
21177,21177,Life Trading,GAM,ActiveBroker,ActiveTrader,LiquidityProvider,MarketMaker,GROTHK,Screen,Client,150,0,16,ZHND,2024-10,USD,S660,2024,Q4,10,2H,2900.565,Buy-Side,Crabel Capital Management LLC,Afghanistan,ActiveTrader,Academic,1,China,8,0,12.3195,0,Life Trading,Tier 3,Bobby Lush,,Financials,Equity Derivatives,Equity,SSF,Indian SSF,Indian Single Stock Futures,Hindalco Industries Futures,Morgan Stanley,21,0.125,1,ActiveTrader,T,FY13
21177,21177,Life Trading,America NBS,ActiveBroker,ActiveTrader,LiquidityProvider,MarketMaker,DAVEYC|LEEKJ,Screen,Client,1.44,0,-133.2354331,ZIOC,2021-09,USD,S888,2021,Q3,9,2H,130.1481,Brokerage/Agency,Fomento Commodities,Afghanistan,MarketMaker,Academic,1,Europe,1698,1999.5,265.095,0,Life Trading,Commods,David Chiam,,Financials,Equity Derivatives,Equity,SSF,Indian SSF,Indian Single Stock Futures,Indian Oil Corp Futures,StoneX,21,1,1,ActiveTrader,T,FY24
21177,21177,Life Trading,SGROA NBS,ActiveBroker,ActiveTrader,LiquidityProvider,MarketMaker,KOHBRENNA|DAVEYC,NLT,Client,6,4.9,813,ZLPC,2024-11,USD,S660,2024,Q4,11,2H,1257.75,Trading Firms,UBS Omnibus,Afghanistan,LiquidityProvider,Academic,1,SG ROA,2545,-2014.06456,1.2384,447.372,Life Trading,Tier 2,Bobby Lush,,Financials,Equity Derivatives,Equity,SSF,Indian SSF,Indian Single Stock Futures,Lupin Futures,StoneX,21,0.5,1,LiquidityProvider,T+1,FY18
2213,2213,Morgan Stanley House,SGROA RM,ActiveBroker,ActiveTrader,LiquidityProvider,MarketMaker,LUSHB|KOHBRENNA,NLT,Client,313.5,0,106,BZ,2024-12,USD,S660,2024,Q4,12,2H,290.25,Trading Firms,JA Commodities,Afghanistan,LiquidityProvider,Academic,1,Europe,21,10362.8794,1.935,0,Morgan Stanley House,GAM,Kenneth Ng Say Chong,,Commods,Commods,Petchem,Petchem,Petchem,Petchem,Platts BZ FOB Korea Swap,OCBC Securities,19,1,1,LiquidityProvider,T+1,FY14
2213,2213,Morgan Stanley House,Commodities Sales,ActiveBroker,ActiveTrader,LiquidityProvider,MarketMaker,MACCHIONEP,NLT,Client,50,0.957003748,15551,BZF,2025-08,USD,S866,2025,Q3,8,2H,101.394,Trading Firms,Maven Investment Partners Limited,Afghanistan,ActiveTrader,Academic,1,SG ROA,1278,1838.25,20,769.872,Morgan Stanley House,Tier 1,Renaud Gocsei,,Commods,Commods,Petchem,Petchem,Petchem,Petchem,Platts BZ FOB Korea Futures,DBS Vickers,22,1,1,MarketMaker,T,FY15
2213,2213,Morgan Stanley House,Commodities Sales,ActiveBroker,ActiveTrader,LiquidityProvider,MarketMaker,DAVEYC,Screen,Client,3127.2,0,6135.931448,BZN,2024-10,SGD,S111,2024,Q4,10,2H,0.7224,Bank Trading Desks,Vela Capital Fund,Afghanistan,LiquidityProvider,Academic,0.25,SG ROA,13,55.63125,28.38,0,Morgan Stanley House,Tier 3,Kenny Groth,,Commods,Commods,Petchem,Petchem,Petchem,Petchem,BZ-Naphtha Spread Swap,Deutsche,22,1,1,LiquidityProvider,T+1,FY22
2213,2213,Morgan Stanley House,Commodities Sales,ActiveBroker,ActiveTrader,LiquidityProvider,MarketMaker,LEEJW,Screen,Client,2.4,11550,-133.2354331,CN,2024-03,USD,S813,2023,Q1,3,1H,4287.948242,Brokerage/Agency,Taishin Futures,Afghanistan,ActiveBroker,Academic,1,Hong Kong,18,6.78e-13,67.24125,13596.14907,Morgan Stanley House,GAM,Brenna Koh,,Financials,Equity Derivatives,Equity,Equity Index,CN,China A50 Index Futures,China A50 Index Futures,ABN Amro,21,1,1,ActiveTrader,T+1,FY15
2213,2213,Morgan Stanley House,GAM,ActiveBroker,ActiveTrader,LiquidityProvider,MarketMaker,COHENC,Screen,Client,8376,1995.2,10,CZFO,2022-10,USD,S016,2022,Q4,10,2H,4675.605,Brokerage/Agency,Susquehanna,Afghanistan,LiquidityProvider,Academic,0.5,Europe,1521,851.4,541.8,0,Morgan Stanley House,Commods,Lily Chia,,Commods,Commods,FFA,FFA,FFA,FFA,SGX Options on Baltic Capesize Time Charter Average (5 Routes) 182 Futures,StoneX,21,1,1,ActiveTrader,T,FY19
2213,2213,Morgan Stanley House,China,ActiveBroker,ActiveTrader,LiquidityProvider,MarketMaker,COHENC,Screen,Client,539,0,400,FCH,2024-09,USD,S138,2024,Q3,9,2H,5477.73345,Brokerage/Agency,AHL-Man,Afghanistan,LiquidityProvider,Academic,1,Europe,117.5,774,14658.10875,0,Morgan Stanley House,Tier 2,John Hogger,,Financials,Equity Derivatives,Equity,Equity Index,FCH,FTSE China H50 Index Futures,FTSE China H50 Index Futures,Marex,19,1,1,LiquidityProvider,T,FY12
2213,2213,Morgan Stanley House,GAM,ActiveBroker,ActiveTrader,LiquidityProvider,MarketMaker,WANGV,Screen,Client,983,19654.56855,1637.25,FEF,2024-08,USD,S092,2024,Q3,8,2H,350.8259556,Trading Firms,DBS,Afghanistan,LiquidityProvider,Academic,1,SG ROA,12,11533.632,14439.8,0,Morgan Stanley House,Tier 3,Penny Pan Ranran,,Commods,Commods,Iron ore,Iron ore,Iron Ore,Iron ore,TSI Iron Ore CFR China (62% Fe Fines) Index Future,Goldman Sachs,21,1,1,ActiveBroker,T,FY18
2213,2213,Morgan Stanley House,America NBS,ActiveBroker,ActiveTrader,LiquidityProvider,MarketMaker,MACCHIONEP,Screen,Client,4208.4,0,1946.533437,FEFO,2024-05,USD,S078,2023,Q2,5,1H,64.5645,PTG,Optiver,Afghanistan,ActiveTrader,Academic,0.25,SG ROA,190,15.609,11189.46,55141.59969,Morgan Stanley House,GAM,David Chiam,,Commods,Commods,Iron ore,Iron ore,Iron Ore,Iron ore,TSI Iron Ore CFR China (62% FE Fines) Index Future,Orient Futures,21,1,1,MarketMaker,T+1,FY22
2213,2213,Morgan Stanley House,GAM,ActiveBroker,ActiveTrader,LiquidityProvider,MarketMaker,LEEKJ,Screen,Client,1914.4,4188.995913,770,GIN,2025-11,USD,S078,2025,Q4,11,2H,204.336,Buy-Side,Capstone Investment,Afghanistan,ActiveTrader,Academic,1,SG ROA,746,1773.75,267.03,0,Morgan Stanley House,Commods,John Hogger,,Financials,Equity Derivatives,Equity,Equity Index,GIN,GIFT Derivatives,GIFT City Index Futures,DBS Vickers,19,0.5,1,LiquidityProvider,T+1,FY17
2213,2213,Morgan Stanley House,GAM,ActiveBroker,ActiveTrader,LiquidityProvider,MarketMaker,LUSHB,Screen,Client,291,3410.367091,7613.15,HAF,2023-12,USD,S020,2023,Q4,12,2H,104,PTG,Caravel Metallurgical Limited,Afghanistan,LiquidityProvider,Academic,0.125,Omnibus,8894,617.265,5.676,0,Morgan Stanley House,GAM,Tan Say Liang,,Commods,Commods,FFA,FFA,FFA,FFA,SGX Baltic Handysize Time Charter Average (4 Routes) ATL Futures,Marex,16,1,1,MarketMaker,T,FY22
2213,2213,Morgan Stanley House,Europe NBS,ActiveBroker,ActiveTrader,LiquidityProvider,MarketMaker,TANBHS|DAVEYC,Screen,Client,352.8,0,4192.507245,HKC,2022-03,USD,S350,2021,Q1,3,1H,1843.668,PTG,Theme,Afghanistan,LiquidityProvider,Academic,1,SG ROA,2388,3902.25,11.851875,54.18,Morgan Stanley House,Commods,Renaud Gocsei,,Financials,FX/IR,FX,FX,HKC,HKD/CNH Futures,HKD/CNH Futures,Orient Futures,18,1,1,ActiveTrader,T+1,FY23
2213,2213,Morgan Stanley House,GAM,ActiveBroker,ActiveTrader,LiquidityProvider,MarketMaker,KOHBRENNA,Screen,Client,1230.9,3.3,-221.5028056,HKU,2021-03,SGD,S061,2020,Q1,3,1H,77.4,Buy-Side,Trafigura Pte Ltd,Afghanistan,MarketMaker,Academic,1,USA,40,464.4,227.04,0,Morgan Stanley House,China,Bobby Lush,,Financials,FX/IR,FX,FX,HKU,HKD/USD Futures,HKD/USD Futures,ADMIS,18,0.5,1,LiquidityProvider,T+1,FY21
2213,2213,Morgan Stanley House,Omnibus,ActiveBroker,ActiveTrader,LiquidityProvider,MarketMaker,LUSHB|KOHBRENNA,Screen,Client,58.37,15.05870987,0,IN10,2022-05,USD,S389,2021,Q2,5,1H,419.25,Buy-Side,Schonfeld Strategic,Afghanistan,MarketMaker,Academic,1,Europe,77,3.630878632,3019.5,0,Morgan Stanley House,Commods,David Wang Lipeng,,Financials,FX/IR,Interest Rates,Interest Rates,AGB,SGX FTSE 10-Year India Government Bond Futures,SGX FTSE 10-Year India Government Bond Futures,Marex,21,1,1,LiquidityProvider,T+1,FY21
2213,2213,Morgan Stanley House,International Sales RM,ActiveBroker,ActiveTrader,LiquidityProvider,MarketMaker,LIYAN,Screen,Client,4,378.123183,442.17,INX,2023-07,USD,S138,2023,Q3,7,2H,100.45,Buy-Side,BNP Paribas,Afghanistan,LiquidityProvider,Academic,1,SG ROA,1,3339.81,11148.5025,25954.8,Morgan Stanley House,GAM,Kenneth Ng Say Chong,,Financials,FX/IR,FX,FX,INX,INR/USD FX Month End Futures,INR/USD FX Month End Futures,UBS Futures,20,1,1,ActiveBroker,T,FY23
2213,2213,Morgan Stanley House,International Sales RM,ActiveBroker,ActiveTrader,LiquidityProvider,MarketMaker,KOHBRENNA,NLT,Client,32,0,711.6,IU,2024-04,USD,S011,2023,Q2,4,1H,371.52,Buy-Side,Ovata Capital Management,Afghanistan,LiquidityProvider,Academic,1,SG ROA,1913,16.13110796,19419.49875,0,Morgan Stanley House,Omnibus,Jun Won Lee,,Financials,FX/IR,FX,FX,IU,INR/USD FX Futures,INR/USD Futures,Goldman Sachs,21,1,1,LiquidityProvider,T+1,FY20
2213,2213,Morgan Stanley House,SGROA RM,ActiveBroker,ActiveTrader,LiquidityProvider,MarketMaker,WANGD,NLT,Client,11832,0,15182.2,KU,2025-09,USD,S020,2025,Q3,9,2H,94.428,Trading Firms,Qube,Afghanistan,MarketMaker,Academic,1,Hong Kong,30,211.8825,123.84,0,Morgan Stanley House,Commods,Craig Cohen,,Financials,FX/IR,FX,FX,KU,KRW/USD FX Futures (Mini),KRW/USD FX Futures (Mini),Goldman Sachs,21,0.25,1,MarketMaker,T,FY16
2213,2213,Morgan Stanley House,International Sales RM,ActiveBroker,ActiveTrader,LiquidityProvider,MarketMaker,LIYAN,NLT,Client,220,0,96.8,LIHF,2025-06,USD,S061,2024,Q2,6,1H,574.05,Bank Trading Desks,Louis Dreyfus Commodities Freight Asia Pte Ltd,Afghanistan,LiquidityProvider,Academic,0.25,SG ROA,232,38.1582,25042.512,0,Morgan Stanley House,Omnibus,Yan Xuan Li,,Commods,Commods,Energy Metals,Energy Metals,Energy Metals,Energy Metals,SGX FM Lithium Hydroxide CIF CJK (Battery Grade) Futures,ABN Amro,21,1,1,LiquidityProvider,T,FY20
2213,2213,Morgan Stanley House,SGROA RM,ActiveBroker,ActiveTrader,LiquidityProvider,MarketMaker,KOHBRENNA,Screen,Client,348,0,120,M65F,2025-04,USD,S108,2024,Q2,4,1H,3198.555,Others,Synergy Link Capital,Afghanistan,LiquidityProvider,Academic,1,SG ROA,163,15658.9488,77891.49,20168.03895,Morgan Stanley House,Tier 2,Penny Pan Ranran,,Commods,Commods,Iron ore,Iron ore,Iron Ore,Iron ore,MB Iron Ore CFR China (65% Fe Fines) Index Futures,Deutsche,21,1,1,ActiveTrader,T,FY24
2213,2213,Morgan Stanley House,HK NBS,ActiveBroker,ActiveTrader,LiquidityProvider,MarketMaker,LUSHB,Screen,Client,557.7,0,760,MC,2025-10,USD,S061,2025,Q4,10,2H,1393.2,Brokerage/Agency,Xiamen ITG,Afghanistan,ActiveTrader,Academic,1,China,400,1773.3243,832.05,528.8938784,Morgan Stanley House,Tier 2,David Wang Lipeng,,Commods,Commods,Petchem,Petchem,Petchem,Petchem,ICIS Methanol CFR CN Swap,JP Morgan,19,1,1,LiquidityProvider,T,FY23
2213,2213,Morgan Stanley House,International Sales RM,ActiveBroker,ActiveTrader,LiquidityProvider,MarketMaker,TANBHS|LEEKJ,NLT,Client,70.35,0,200,MCF,2023-11,USD,S061,2023,Q4,11,2H,4220.1705,Brokerage/Agency,Goldman Sachs Omnibus,Afghanistan,ActiveTrader,Academic,1,SG ROA,379,851.8644,28.896,0,Morgan Stanley House,China,Lily Chia,,Commods,Commods,Petchem,Petchem,MCF,ICIS Methanol CFR CN Futures,ICIS Methanol CFR CN Futures,Marex,20,1,1,LiquidityProvider,T+1,FY15
2213,2213,Morgan Stanley House,SGROA NBS,ActiveBroker,ActiveTrader,LiquidityProvider,MarketMaker,KOHBRENNA,Screen,Client,13449,30551.6749,127.2,MCNAX,2023-03,USD,S660,2022,Q1,3,1H,181.89,Buy-Side,Barclays Omnibus,Afghanistan,LiquidityProvider,Academic,1,Europe,3,10184.35182,13662.132,0,Morgan Stanley House,Commods,Bobby Lush,,Financials,Equity Derivatives,Equity,Equity Index,MCA,MSCI AC Asia Ex Japan Climate Action Index Net USD,MSCI AC Asia Ex Japan Climate Action Index Net USD,DBS Vickers,22,0.5,1,ActiveTrader,T,FY22
2213,2213,Morgan Stanley House,International Sales RM,ActiveBroker,ActiveTrader,LiquidityProvider,MarketMaker,KOHBRENNA|GOCSEIR,Screen,Client,10.5,0,-245.82,MCNWO,2023-06,USD,S123,2022,Q2,6,1H,-14881.9431,Trading Firms,Grandly Financial Services Limited,Afghanistan,LiquidityProvider,Academic,1,SG ROA,17155,14.19,810.765,0,Morgan Stanley House,Tier 1,Kenny Groth,,Financials,Equity Derivatives,Equity,Equity Index,MCA,MSCI World Climate Action Index Net USD,MSCI World Climate Action Index Net USD,SG Securities,21,1,1,MarketMaker,T,FY20
2213,2213,Morgan Stanley House,America NBS,ActiveBroker,ActiveTrader,LiquidityProvider,MarketMaker,LUSHB|KOHBRENNA,Screen,Client,560,0,12.35,MF5F,2025-02,USD,S009,2024,Q1,2,1H,2815.296,Bank Trading Desks,Millennium Capital Management,Afghanistan,LiquidityProvider,Academic,1,USA,1125,15.609,120.4375,1572.60675,Morgan Stanley House,GAM,Jun Won Lee,,Commods,Commods,Oil,Oil,Oil,Oil,Platts Marine Fuel 0.5% FOB Singapore Futures,GH Financials,22,1,1,LiquidityProvider,T+1,FY17
2213,2213,Morgan Stanley House,SGROA RM,ActiveBroker,ActiveTrader,LiquidityProvider,MarketMaker,COHENC,NLT,Client,9995.5,0,13.5,MKPO,2022-04,USD,S020,2021,Q2,4,1H,1863.405,Trading Firms,Citigroup Omnibus,Afghanistan,LiquidityProvider,Academic,1,China,1.25,55.728,4.515,0,Morgan Stanley House,GAM,Richard Wenk,,Commods,Commods,Dairy,Dairy,Dairy,Dairy,SGX-NZX NZ Milk Price (MKP) Options,Orient Futures,18,1,1,MarketMaker,T,FY15
2213,2213,Morgan Stanley House,GAM,ActiveBroker,ActiveTrader,LiquidityProvider,MarketMaker,KOHBRENNA|LEEKJ,NLT,Client,1028,0,144,MX,2023-08,USD,S020,2023,Q3,8,2H,977.85,Bank Trading Desks,Undisclosed,Afghanistan,LiquidityProvider,Academic,0.25,SG ROA,1081,2658.8835,945.054,0,Morgan Stanley House,Tier 3,omnibus,,Commods,Commods,Petchem,Petchem,Petchem,Petchem,SGX ICIS Isomer MX FOB Korea Swap,Marex,22,1,0.5,LiquidityProvider,T,FY21
2213,2213,Morgan Stanley House,Commodities Sales Europe,ActiveBroker,ActiveTrader,LiquidityProvider,MarketMaker,TANBHS|LEEKJ,Screen,Client,109872.4,0,30067.4,NK,2024-07,USD,S020,2024,Q3,7,2H,674.928,PTG,Qube,Afghanistan,LiquidityProvider,Academic,0.125,Omnibus,121,10.32,493.812,0,Morgan Stanley House,Tier 1,Richard Wenk,,Financials,Equity Derivatives,Equity,Equity Index,NK,Nikkei 225 Index Futures,Nikkei 225 Index Futures,Phillip,21,1,1,ActiveTrader,T+1,FY22
2213,2213,Morgan Stanley House,GAM,ActiveBroker,ActiveTrader,LiquidityProvider,MarketMaker,LUSHB|GOCSEIR,Screen,Client,70,206,2.4,NU,2023-05,SGD,S009,2022,Q2,5,1H,3398.9,Brokerage/Agency,DS Norden,Afghanistan,LiquidityProvider,Academic,1,China,4038,2537.172,46.44,0,Morgan Stanley House,Tier 3,David Chiam,,Financials,Equity Derivatives,Equity,Equity Index,NU,USD Nikkei 225 Index Futures,USD Nikkei 225 Index Futures,Deutsche,21,1,1,LiquidityProvider,T,FY22
2213,2213,Morgan Stanley House,China,ActiveBroker,ActiveTrader,LiquidityProvider,MarketMaker,KOHBRENNA|LEEKJ,Screen,Client,11012,41746.25,1303.5,PX,2025-01,USD,S350,2024,Q1,1,1H,681.12,Bank Trading Desks,Platinum International Pte Ltd,Afghanistan,ActiveTrader,Academic,1,Hong Kong,625,6111.375,1367.916,445.05,Morgan Stanley House,Tier 3,Britney Tan Hwee Sian,,Commods,Commods,Petchem,Petchem,Petchem,Petchem,Platts PX CFR Taiwan/China Swap,Phillip,20,1,1,LiquidityProvider,T,FY18
2213,2213,Morgan Stanley House,GAM,ActiveBroker,ActiveTrader,LiquidityProvider,MarketMaker,TOHL,NLT,Client,2,0,8820.371623,PXF,2025-03,USD,S350,2024,Q1,3,1H,709.5,Trading Firms,RG Niederhoffer Capital Management,Afghanistan,ActiveTrader,Academic,1,USA,46,6623.1438,56,15128.92135,Morgan Stanley House,Tier 3,Kenneth Ng Say Chong,,Commods,Commods,Petchem,Petchem,Petchem,Petchem,Platts PX CFR Taiwan/China Futures,Goldman Sachs,20,1,1,MarketMaker,T+1,FY23
2213,2213,Morgan Stanley House,GAM,ActiveBroker,ActiveTrader,LiquidityProvider,MarketMaker,KOHBRENNA,NLT,Client,3471.6,251.7,1953,PXN,2025-05,SGD,S138,2024,Q2,5,1H,64.5,Trading Firms,Jump Trading,Afghanistan,ActiveTrader,Academic,1,Hong Kong,46,55.212,147.576,0,Morgan Stanley House,Commods,omnibus,,Commods,Commods,Petchem,Petchem,Petchem,Petchem,PX-Naphtha Spread Swaps,Phillip,20,1,1,LiquidityProvider,T+1,FY17
2213,2213,Morgan Stanley House,GAM,ActiveBroker,ActiveTrader,LiquidityProvider,MarketMaker,LUSHB,NLT,Client,3612,189,114.4,PXNF,2024-02,USD,S560,2023,Q1,2,1H,2001.158637,PTG,XTX Markets,Afghanistan,MarketMaker,Academic,1,SG ROA,185,415.896,44075.559,8428.907168,Morgan Stanley House,Tier 3,Penny Pan Ranran,,Commods,Commods,Petchem,Petchem,Petchem,Petchem,PX-Naphtha Spread Futures,JP Morgan,21,0.5,1,LiquidityProvider,T,FY23
2213,2213,Morgan Stanley House,China,ActiveBroker,ActiveTrader,LiquidityProvider,MarketMaker,KOHBRENNA,NLT,Client,143820.6,2884.95,5362.01,SGP,2024-06,USD,S061,2023,Q2,6,1H,32.25,Trading Firms,Ibiuna Investimentos,Afghanistan,LiquidityProvider,Academic,1,SG ROA,1010,516,1163.58,0,Morgan Stanley House,Commods,Vivian Wang Min,,Financials,Equity Derivatives,Equity,Equity Index,SGP,MSCI Singapore Free Index Futures,MSCI Singapore Free Index Futures,Macquarie,21,1,1,LiquidityProvider,T,FY18
2213,2213,Morgan Stanley House,China,ActiveBroker,ActiveTrader,LiquidityProvider,MarketMaker,LUSHB|TANBHS,Screen,Client,838.22,0,33287.02203,SMC,2021-08,USD,S016,2021,Q3,8,2H,3.354,Brokerage/Agency,Stevens Capital Management,Afghanistan,LiquidityProvider,Academic,1,Omnibus,595,431.376,106.812,0,Morgan Stanley House,China,Richard Wenk,,Commods,Commods,Petchem,Petchem,Petchem,Petchem,ICIS SM CFR China Swap,SG Securities,21,1,1,LiquidityProvider,T+1,FY19
2213,2213,Morgan Stanley House,HK NBS,ActiveBroker,ActiveTrader,LiquidityProvider,MarketMaker,LUSHB,NLT,Client,36951.95,42.76381608,5104,SND,2021-06,USD,S888,2020,Q2,6,1H,1098.8,Buy-Side,CSC Commodities UK LTD,Afghanistan,ActiveTrader,Academic,1,China,5253,43.86,709.5,812.184,Morgan Stanley House,China,John Hogger,,Financials,FX/IR,FX,FX,SND,USD/SGD FX Futures (Full-sized),USD/SGD FX Futures (Full-Sized),JP Morgan,21,0.5,1,MarketMaker,T,FY24
2213,2213,Morgan Stanley House,China,ActiveBroker,ActiveTrader,LiquidityProvider,MarketMaker,LUSHB,Screen,Client,3091.5,0,5818.57,SWFO,2022-07,USD,S016,2022,Q3,7,2H,11.997,Buy-Side,Revolution Capital Management LLC,Afghanistan,LiquidityProvider,Academic,0.125,Hong Kong,34458,36.765,10.9005,0,Morgan Stanley House,Commods,Renaud Gocsei,,Commods,Commods,FFA,FFA,FFA,FFA,SWFO,Morgan Stanley,22,1,1,LiquidityProvider,T,FY21
2213,2213,Morgan Stanley House,SGROA NBS,ActiveBroker,ActiveTrader,LiquidityProvider,MarketMaker,TANBHS,Screen,Client,900,15620.06237,120,SZFO,2023-04,USD,S328,2022,Q2,4,1H,852.948,Brokerage/Agency,Taishin Futures,Afghanistan,MarketMaker,Academic,1,China,1636,34177.66585,752.9343,0,Morgan Stanley House,GAM,Renaud Gocsei,,Commods,Commods,FFA,FFA,FFA,FFA,SGX Baltic Supramax Time Charter Average (11 Routes) Swap,BNP Paribas,19,1,1,LiquidityProvider,T,FY13
2213,2213,Morgan Stanley House,Commodities Sales,ActiveBroker,ActiveTrader,LiquidityProvider,MarketMaker,LEEJW,Screen,Client,107.8,471.442623,11516.225,TD,2022-01,SGD,S350,2021,Q1,1,1H,2900.565,PTG,Zheshang International Financial Holdings Co Ltd,Afghanistan,LiquidityProvider,Academic,0.5,Europe,87081,356.04,11786.214,0,Morgan Stanley House,Tier 1,Craig Cohen,,Financials,FX/IR,FX,FX,TD,TWD/USD FX Futures (Mini),TWD/USD FX Futures (Mini),CIMB,20,1,1,ActiveTrader,T+1,FY24
2213,2213,Morgan Stanley House,International Sales RM,ActiveBroker,ActiveTrader,LiquidityProvider,MarketMaker,KOHBRENNA|LEEKJ,Screen,Client,61.5,143.072203,9,TWN,2024-11,USD,S020,2024,Q4,11,2H,1260.846,PTG,Point 72,Afghanistan,LiquidityProvider,Academic,1,SG ROA,3766,348.9744357,553.41,0,Morgan Stanley House,Tier 2,Renaud Gocsei,,Financials,Equity Derivatives,Equity,Equity Index,TWN,FTSE Taiwan Index Futures,FTSE Taiwan Index Futures,BPI,22,1,1,ActiveTrader,T+1,FY17
2213,2213,Morgan Stanley House,SGROA RM,ActiveBroker,ActiveTrader,LiquidityProvider,MarketMaker,COHENC|MACCHIONEP,Screen,Client,50,0,0,TWNO,2022-12,USD,S660,2022,Q4,12,2H,0,Brokerage/Agency,Theme,Afghanistan,LiquidityProvider,Academic,1,Omnibus,40,154.8,0,28.638,Morgan Stanley House,Omnibus,Renaud Gocsei,,Financials,Equity Derivatives,Equity,Equity Index,TWNO,FTSE Taiwan Index Options,FTSE Taiwan Index Options,Barclays,21,1,1,MarketMaker,T,FY25
2213,2213,Morgan Stanley House,SGROA NBS,ActiveBroker,ActiveTrader,LiquidityProvider,MarketMaker,LEEJW,Screen,Client,13.19,0,1265,UC,2025-07,USD,S108,2025,Q3,7,2H,50107.728,Trading Firms,Geneva Trading,Afghanistan,ActiveTrader,Academic,1,SG ROA,121,1340.2455,254.646,0,Morgan Stanley House,Tier 2,Tan Say Liang,,Financials,FX/IR,FX,FX,UC,USD/CNH Futures,USD/CNH FX Futures,SG Securities,21,1,1,LiquidityProvider,T,FY22
2213,2213,Morgan Stanley House,Commodities Sales,ActiveBroker,ActiveTrader,LiquidityProvider,MarketMaker,JUDGEM|GOCSEIR,Screen,Client,24,0,1620,YWIL,2022-11,USD,S020,2022,Q4,11,2H,5288.613,Buy-Side,Tylesworth,Afghanistan,LiquidityProvider,Academic,0.5,SG ROA,52,1.935,11352,174.15,Morgan Stanley House,Tier 1,Renaud Gocsei,,Financials,Equity Derivatives,Equity,SSF,Singapore SSF,Singapore Single Stock Futures,Wilmar Futures,JP Morgan,19,1,1,LiquidityProvider,T+1,FY25
2213,2213,Morgan Stanley House,SGROA RM,ActiveBroker,ActiveTrader,LiquidityProvider,MarketMaker,GOCSEIR,Screen,Client,7255.5,0,108,ZADS,2021-01,USD,S108,2020,Q1,1,1H,7574.0544,Brokers Prop,Synergy Link Capital,Afghanistan,ActiveTrader,Academic,1,Hong Kong,265,70.95,3777.12,6143.625,Morgan Stanley House,Tier 1,Renaud Gocsei,,Financials,Equity Derivatives,Equity,SSF,Indian SSF,Indian Single Stock Futures,ADANIPORT Futures Contracts: ADANI PORTS AND SPECIAL ECON,Marex,21,1,1,MarketMaker,T,FY19
2213,2213,Morgan Stanley House,China,ActiveBroker,ActiveTrader,LiquidityProvider,MarketMaker,CHIALPL,Screen,Client,78,525,50,ZARB,2023-02,USD,S061,2022,Q1,2,1H,50.31,Brokerage/Agency,Phillip Nova,Afghanistan,LiquidityProvider,Academic,1,SG ROA,11407,1126.17,39607.128,645,Morgan Stanley House,Tier 1,Richard Wenk,,Financials,Equity Derivatives,Equity,SSF,Indian SSF,Indian Single Stock Futures,Aurobindo Pharma Futures,UBS Futures,19,1,1,ActiveTrader,T,FY24
2213,2213,Morgan Stanley House,SGROA RM,ActiveBroker,ActiveTrader,LiquidityProvider,MarketMaker,TOHL,Screen,Client,1153.5,0,481.5,ZBHI,2021-05,USD,S660,2020,Q2,5,1H,228.975,Buy-Side,OQ Trading (Singapore) Pte Ltd,Afghanistan,LiquidityProvider,Academic,0.25,USA,1475,213.1369793,109.65,12.9,Morgan Stanley House,Commods,Richard Wenk,,Financials,Equity Derivatives,Equity,SSF,Indian SSF,Indian Single Stock Futures,Bharti Infratel Futures,Orient Futures,21,1,1,MarketMaker,T+1,FY18
2213,2213,Morgan Stanley House,International Sales RM,ActiveBroker,ActiveTrader,LiquidityProvider,MarketMaker,LIYAN,NLT,Client,280,15032.90966,18,ZDRR,2022-09,USD,S138,2022,Q3,9,2H,205.11,PTG,JIANLONG (HONGKONG) INTERNATIONAL TRADE,Afghanistan,ActiveTrader,Academic,1,Europe,200,2548.8852,254.93625,0,Morgan Stanley House,Tier 1,David Chiam,,Financials,Equity Derivatives,Equity,SSF,Indian SSF,Indian Single Stock Futures,Dr Reddy's Laboratories Futures,Merrill Lynch,21,1,1,ActiveTrader,T,FY25
2213,2213,Morgan Stanley House,International Sales RM,ActiveBroker,ActiveTrader,LiquidityProvider,MarketMaker,WENKR,Screen,Client,1210,1466.1,810,ZEIM,2022-02,USD,S389,2021,Q1,2,1H,181.632,Buy-Side,Sinopac Futures Agency,Afghanistan,LiquidityProvider,Academic,1,Hong Kong,196.25,26.65,50814.39,0,Morgan Stanley House,Omnibus,Toh Li,,Financials,Equity Derivatives,Equity,SSF,Indian SSF,Indian Single Stock Futures,Eicher Motors Futures,Orient Futures,18,0.5,1,ActiveTrader,T,FY24
2213,2213,Morgan Stanley House,International Sales RM,ActiveBroker,ActiveTrader,LiquidityProvider,MarketMaker,LIYAN,Screen,Client,353.4,8.550710693,175,ZGAI,2023-09,USD,S888,2023,Q3,9,2H,550.572,Trading Firms,Undisclosed,Afghanistan,LiquidityProvider,Academic,1,China,762,40.248,351.912,0,Morgan Stanley House,Tier 1,Richard Wenk,,Financials,Equity Derivatives,Equity,SSF,Indian SSF,Indian Single Stock Futures,GAIL India Futures,SG Securities,21,1,1,ActiveTrader,T,FY24
2213,2213,Morgan Stanley House,SGROA NBS,ActiveBroker,ActiveTrader,LiquidityProvider,MarketMaker,WANGD,NLT,Client,1078,0,120,ZGRA,2021-10,USD,S018,2021,Q4,10,2H,258,PTG,Marshall Wace,Afghanistan,LiquidityProvider,Academic,1,Europe,18,8253.3,0.774,0,Morgan Stanley House,China,John Hogger,,Financials,Equity Derivatives,Equity,SSF,USA SSF,USA Single Stock Futures,USA SSF Futures,JP Morgan,21,1,1,ActiveTrader,T,FY17
2213,2213,Morgan Stanley House,China,ActiveBroker,ActiveTrader,LiquidityProvider,MarketMaker,LUSHB|KOHBRENNA,Screen,Client,1604.4,0,5528.6,ZHMC,2023-10,USD,S108,2023,Q4,10,2H,2179.584,Others,RW Investments and Holding,Afghanistan,LiquidityProvider,Academic,1,China,136.75,0.4644,96.75,92842.72497,Morgan Stanley House,Commods,Kenny Groth,,Financials,Equity Derivatives,Equity,SSF,Indian SSF,Indian Single Stock Futures,Hero MotoCorp Futures,Marex,21,0.5,1,ActiveTrader,T,FY26
2213,2213,Morgan Stanley House,HK NBS,ActiveBroker,ActiveTrader,LiquidityProvider,MarketMaker,GOCSEIR,NLT,Client,100,0,2123.8,ZHUL,2021-12,USD,S328,2021,Q4,12,2H,0,Buy-Side,Merkato Resources,Afghanistan,MarketMaker,Academic,1,Omnibus,18.5,53.277,77.4,29.025,Morgan Stanley House,Tier 2,Renaud Gocsei,,Financials,Equity Derivatives,Equity,SSF,Indian SSF,Indian Single Stock Futures,Hindustan Unilever ZHUL Futures,DBS Vickers,19,1,1,LiquidityProvider,T+1,FY22
2213,2213,Morgan Stanley House,GAM,ActiveBroker,ActiveTrader,LiquidityProvider,MarketMaker,MACCHIONEP,Screen,Client,2530,0,114.8,ZICI,2021-09,USD,S078,2021,Q3,9,2H,20.769,Bank Trading Desks,Aston Alliance Global Pte Ltd,Afghanistan,ActiveTrader,Academic,0.125,Omnibus,13694,21.93,4235.973,61.34466,Morgan Stanley House,Tier 2,Carl Davey,,Financials,Equity Derivatives,Equity,SSF,Indian SSF,Indian Single Stock Futures,ICICI Bank Futures,DBS Vickers,22,1,1,MarketMaker,T,FY25
2213,2213,Morgan Stanley House,Commodities Sales,ActiveBroker,ActiveTrader,LiquidityProvider,MarketMaker,KOHBRENNA|WANGV,Screen,Client,138,0,-1825.349216,ZIOC,2024-01,USD,S560,2023,Q1,1,1H,-114.0176045,Buy-Side,Macquarie Omnibus,Afghanistan,LiquidityProvider,Academic,0.25,SG ROA,45423,1612.5,0.903,0,Morgan Stanley House,Omnibus,omnibus,,Financials,Equity Derivatives,Equity,SSF,Indian SSF,Indian Single Stock Futures,Indian Oil Corp Futures,Orient Futures,20,0.125,1,ActiveTrader,T+1,FY18
2213,2213,Morgan Stanley House,China,ActiveBroker,ActiveTrader,LiquidityProvider,MarketMaker,TANBHS|DAVEYC,Screen,Client,3080,0,-7000,ZITD,2021-07,USD,S328,2021,Q3,7,2H,180.3645985,Brokerage/Agency,Theme,Afghanistan,LiquidityProvider,Academic,1,Omnibus,30,3.87,2741.08875,0,Morgan Stanley House,Tier 1,Brenna Koh,,Financials,Equity Derivatives,Equity,SSF,Indian SSF,Indian Single Stock Futures,ITC Futures,BPI,21,1,1,LiquidityProvider,T+1,FY17
2213,2213,Morgan Stanley House,SGROA NBS,ActiveBroker,ActiveTrader,LiquidityProvider,MarketMaker,LUSHB,Screen,Client,2898,0,1056,ZKMB,2021-04,USD,S016,2020,Q2,4,1H,1435,Bank Trading Desks,Massena Capital Flow,Afghanistan,MarketMaker,Academic,1,SG ROA,3,8325.144,1548,0,Morgan Stanley House,GAM,Craig Cohen,,Financials,Equity Derivatives,Equity,SSF,Indian SSF,Indian Single Stock Futures,Kotak Mahindra Bank Futures,Orient Futures,21,0.5,1,LiquidityProvider,T,FY20
2213,2213,Morgan Stanley House,Commodities Sales,ActiveBroker,ActiveTrader,LiquidityProvider,MarketMaker,LUSHB|KOHBRENNA,Screen,Client,336,0,1,ZLT,2022-08,USD,S016,2022,Q3,8,2H,374.4098253,PTG,ASK Resources,Afghanistan,LiquidityProvider,Academic,1,SG ROA,217234,47.7042,21.672,0,Morgan Stanley House,Commods,Bobby Lush,,Financials,Equity Derivatives,Equity,SSF,Indian SSF,Indian Single Stock Futures,Larsen & Toubro Futures,SG Securities,21,1,1,LiquidityProvider,T,FY13
2213,2213,Morgan Stanley House,Omnibus,ActiveBroker,ActiveTrader,LiquidityProvider,MarketMaker,WANGD,NLT,Client,240,0,1375,ZMSI,2021-02,USD,S888,2020,Q1,2,1H,10338.8598,Buy-Side,Optiver,Afghanistan,MarketMaker,Academic,1,China,40,928.026,77.4,0,Morgan Stanley House,AMAO,Britney Tan Hwee Sian,,Financials,Equity Derivatives,Equity,SSF,Indian SSF,Indian Single Stock Futures,Maruti Suzuki India Futures,HGNH,22,1,1,LiquidityProvider,T+1,FY16
2213,2213,Morgan Stanley House,HK NBS,ActiveBroker,ActiveTrader,LiquidityProvider,MarketMaker,TANBHS|DAVEYC,Screen,Client,48047.6,0,0.8,ZSUN,2022-06,USD,S888,2021,Q2,6,1H,1522.2,Brokerage/Agency,SwissMarine,Afghanistan,ActiveTrader,Academic,1,Omnibus,2690,9224.417165,619.2,1199.7645,Morgan Stanley House,GAM,Craig Cohen,,Financials,Equity Derivatives,Equity,SSF,Indian SSF,Indian Single Stock Futures,Sun Pharm Ind Futures,HGNH,19,1,1,ActiveBroker,T+1,FY24
2213,2213,Morgan Stanley House,China,ActiveBroker,ActiveTrader,LiquidityProvider,MarketMaker,LUSHB|KOHBRENNA,Screen,Client,29.4,0,5812.47,ZUPL,2023-01,USD,S328,2022,Q1,1,1H,243.0489,Buy-Side,Orient Futures,Afghanistan,LiquidityProvider,Academic,1,China,208982.5,4199.339597,1664.1,0,Morgan Stanley House,Omnibus,Yan Xuan Li,,Financials,Equity Derivatives,Equity,SSF,Indian SSF,Indian Single Stock Futures,UPL Futures,StoneX,18,1,1,ActiveTrader,T,FY22
2213,2213,Morgan Stanley House,Europe NBS,ActiveBroker,ActiveTrader,LiquidityProvider,MarketMaker,LUSHB|KOHBRENNA,NLT,Client,15,0,20.70515022,ZWPR,2021-11,USD,S061,2021,Q4,11,2H,69.66,Brokerage/Agency,Astignes,Afghanistan,ActiveTrader,Academic,1,Omnibus,1500,0,3.87,0,Morgan Stanley House,Tier 2,Tan Say Liang,,Financials,Equity Derivatives,Equity,SSF,Indian SSF,Indian Single Stock Futures,Wipro Futures,StoneX,19,1,1,LiquidityProvider,T,FY14
8664,8664,Optiver [Netherlands],Commodities Sales,ActiveBroker,ActiveTrader,LiquidityProvider,MarketMaker,WENKR,Screen,Client,11643,4087.8,7704.76,BTR,2021-09,USD,S009,2021,Q3,9,2H,663.705,Buy-Side,LS Securities (Client),Netherlands,LiquidityProvider,Investment Holding Company,1,Europe,1428,13769.976,388.548,1.8140625,Optiver [Netherlands],Tier 1,Craig Cohen,,Commods,Commods,Dairy,Dairy,Dairy,Dairy,SGX-NZX Global Butter (BTR) Futures,Orient Futures,21,1,1,LiquidityProvider,T,FY15
8664,8664,Optiver [Netherlands],International Sales RM,ActiveBroker,ActiveTrader,LiquidityProvider,MarketMaker,KOHBRENNA,Screen,Client,12,0,7985.034986,CX11F,2023-02,USD,S020,2022,Q1,2,1H,1.806,PTG,Interactive Brokers Agency,Netherlands,MarketMaker,Investment Holding Company,1,USA,22400,810.249,89.397,0,Optiver [Netherlands],Tier 2,Kenny Groth,,Commods,Commods,FFA,FFA,FFA,FFA,SGX Baltic Container Freight Route FBX11 Futures,Morgan Stanley,21,0.125,1,ActiveTrader,T+1,FY23
8664,8664,Optiver [Netherlands],Omnibus,ActiveBroker,ActiveTrader,LiquidityProvider,MarketMaker,JUDGEM|WENKR,NLT,Client,2.2,19812.24,82.5,CZF,2022-06,USD,S123,2021,Q2,6,1H,114.8745,Brokerage/Agency,Undisclosed,Netherlands,LiquidityProvider,Investment Holding Company,1,China,40,5.369625,14875.5705,0,Optiver [Netherlands],GAM,David Wang Lipeng,,Commods,Commods,FFA,FFA,FFA,FFA,SGX Baltic Capesize Time Charter Average (5 Routes) 182 Futures,Merrill Lynch,20,1,1,ActiveTrader,T+1,FY26
8664,8664,Optiver [Netherlands],China,ActiveBroker,ActiveTrader,LiquidityProvider,MarketMaker,KOHBRENNA,Screen,Client,49.3,0,12757.6,CZFO,2025-07,USD,S560,2025,Q3,7,2H,695.6325,PTG,Jump Trading,Netherlands,LiquidityProvider,Investment Holding Company,0.25,SG ROA,55,464.4,2414.88,0,Optiver [Netherlands],Tier 2,Renaud Gocsei,,Commods,Commods,FFA,FFA,FFA,FFA,SGX Options on Baltic Capesize Time Charter Average (5 Routes) 182 Futures,SG Securities,22,1,1,ActiveBroker,T,FY15
8664,8664,Optiver [Netherlands],SGROA RM,ActiveBroker,ActiveTrader,LiquidityProvider,MarketMaker,KOHBRENNA|LEEKJ,NLT,Client,6.3,0,11754.05,GINO,2022-05,USD,S111,2021,Q2,5,1H,55155.69352,Bank Trading Desks,Millennium Capital Management,Netherlands,ActiveTrader,Investment Holding Company,1,China,150,192.984,774,0,Optiver [Netherlands],Tier 1,Jun Won Lee,,Financials,Equity Derivatives,Equity,Equity Index,GINO,GIFT Derivatives,GIFT City Index Options,Phillip,21,1,1,ActiveTrader,T+1,FY23
8664,8664,Optiver [Netherlands],GAM,ActiveBroker,ActiveTrader,LiquidityProvider,MarketMaker,DAVEYC,NLT,Client,407,0,240,HKC,2024-12,SGD,S888,2024,Q4,12,2H,27.5510511,Bank Trading Desks,Hartree Partners,Netherlands,ActiveTrader,Investment Holding Company,0.5,USA,13,154.8,11546.661,502,Optiver [Netherlands],Commods,Kenneth Ng Say Chong,,Financials,FX/IR,FX,FX,HKC,HKD/CNH Futures,HKD/CNH Futures,BPI,21,1,1,MarketMaker,T+1,FY24
8664,8664,Optiver [Netherlands],International Sales RM,ActiveBroker,ActiveTrader,LiquidityProvider,MarketMaker,TANBHS,Screen,Client,450,391.8839907,16469.05,HKU,2023-12,USD,S660,2023,Q4,12,2H,4489.2,PTG,Undisclosed,Netherlands,LiquidityProvider,Investment Holding Company,1,USA,2058,998.46,429.7375,2408.415687,Optiver [Netherlands],Tier 2,Kenny Groth,,Financials,FX/IR,FX,FX,HKU,HKD/USD Futures,HKD/USD Futures,BPI,19,1,1,LiquidityProvider,T,FY19
8664,8664,Optiver [Netherlands],International Sales RM,ActiveBroker,ActiveTrader,LiquidityProvider,MarketMaker,LUSHB|KOHBRENNA,NLT,Client,468,0,2025,IDR,2023-05,USD,S009,2022,Q2,5,1H,18142.56,PTG,Qube,Netherlands,ActiveTrader,Investment Holding Company,1,Omnibus,175,4042.86,132.6636,0,Optiver [Netherlands],Tier 2,omnibus,,Financials,FX/IR,FX,FX,IDR,IDR/USD FX Futures,IDR/USD Futures,Orient Futures,19,1,1,MarketMaker,T,FY14
8664,8664,Optiver [Netherlands],HK NBS,ActiveBroker,ActiveTrader,LiquidityProvider,MarketMaker,LUSHB,NLT,Client,2.5,0,440,IN10,2025-02,USD,S009,2024,Q1,2,1H,493.425,Brokerage/Agency,Straits Financial Pte Ltd,Netherlands,LiquidityProvider,Investment Holding Company,1,Omnibus,4442,28824.26208,173.118,0,Optiver [Netherlands],China,Bobby Lush,,Financials,FX/IR,Interest Rates,Interest Rates,AGB,SGX FTSE 10-Year India Government Bond Futures,SGX FTSE 10-Year India Government Bond Futures,SG Securities,21,1,1,ActiveBroker,T+1,FY15
8664,8664,Optiver [Netherlands],Commodities Sales Europe,ActiveBroker,ActiveTrader,LiquidityProvider,MarketMaker,TANBHS,NLT,Client,1.5,0,6.4,M42F,2021-01,USD,S020,2020,Q1,1,1H,219.945,Brokers Prop,Hongkong Fuxing,Netherlands,ActiveTrader,Investment Holding Company,1,Hong Kong,234,829.8180326,161.766,0,Optiver [Netherlands],GAM,omnibus,,Commods,Commods,Thermal Coal,Thermal Coal,Thermal Coal,Thermal Coal,IHS McCloskey M42 - Indonesian 4200kc GAR FOB Ther,Mizuho SG,21,0.75,1,MarketMaker,T,FY15
8664,8664,Optiver [Netherlands],Europe NBS,ActiveBroker,ActiveTrader,LiquidityProvider,MarketMaker,LEEKJ,Screen,Client,123,13160,30219.2,MCNAX,2025-12,USD,S111,2025,Q4,12,2H,127.71,Brokerage/Agency,OCBC - House,Netherlands,LiquidityProvider,Investment Holding Company,1,Europe,130903.5,18815.2305,28.3413,0,Optiver [Netherlands],Commods,Yan Xuan Li,,Financials,Equity Derivatives,Equity,Equity Index,MCA,MSCI AC Asia Ex Japan Climate Action Index Net USD,MSCI AC Asia Ex Japan Climate Action Index Net USD,Goldman Sachs,21,1,1,ActiveTrader,T+1,FY14
8664,8664,Optiver [Netherlands],SGROA NBS,ActiveBroker,ActiveTrader,LiquidityProvider,MarketMaker,TANBHS|LEEKJ,Screen,Client,11340,0,1380,MEGF,2021-07,USD,S061,2021,Q3,7,2H,1548,Buy-Side,Undisclosed,Netherlands,LiquidityProvider,Investment Holding Company,1,Hong Kong,57.5,102.5,329.9175,0,Optiver [Netherlands],Commods,Lily Chia,,Commods,Commods,Petchem,Petchem,Petchem,Petchem,ICIS MEG CFR China Futures,Barclays,18,0.125,1,LiquidityProvider,T,FY19
8664,8664,Optiver [Netherlands],SGROA NBS,ActiveBroker,ActiveTrader,LiquidityProvider,MarketMaker,COHENC,NLT,Client,126.5,0,21.6,MKPO,2025-01,USD,S011,2024,Q1,1,1H,113.0427,Buy-Side,Citadel Securities,Netherlands,ActiveTrader,Investment Holding Company,1,SG ROA,6029.5,83.15102548,5015.52,6218.614716,Optiver [Netherlands],Tier 2,Renaud Gocsei,,Commods,Commods,Dairy,Dairy,Dairy,Dairy,SGX-NZX NZ Milk Price (MKP) Options,UBS Futures,21,0.5,1,ActiveTrader,T,FY16
8664,8664,Optiver [Netherlands],Omnibus,ActiveBroker,ActiveTrader,LiquidityProvider,MarketMaker,WANGV,Screen,Client,330.6,0,2878.5,MTWD,2021-03,SGD,S016,2020,Q1,3,1H,16.254,Brokerage/Agency,Huatai Securities,Netherlands,ActiveTrader,Investment Holding Company,1,Hong Kong,72,857.25,43503.702,0,Optiver [Netherlands],Commods,Yan Xuan Li,,Financials,FX/IR,FX,FX,MTWD,SGX TWD/USD FX (Micro) Futures,SGX TWD/USD FX (Micro) Futures,ADMIS,21,1,1,ActiveTrader,T,FY25
8664,8664,Optiver [Netherlands],International Sales RM,ActiveBroker,ActiveTrader,LiquidityProvider,MarketMaker,GROTHK|JUDGEM,Screen,Client,300,0,33679.8,NS,2022-11,USD,S888,2022,Q4,11,2H,2485.818498,Buy-Side,Qube,Netherlands,MarketMaker,Investment Holding Company,1,Hong Kong,151.5,48516.384,2653.8525,0,Optiver [Netherlands],Tier 3,Richard Wenk,,Financials,Equity Derivatives,Equity,Equity Index,NS,NIKKEI 225 MINI,NIKKEI 225 MINI,KGI,21,1,1,LiquidityProvider,T+1,FY17
8664,8664,Optiver [Netherlands],International Sales RM,ActiveBroker,ActiveTrader,LiquidityProvider,MarketMaker,KOHBRENNA,Screen,Client,110,0,10989,NSP,2021-02,USD,S883,2020,Q1,2,1H,2157.912,Brokers Prop,EP Resources,Netherlands,MarketMaker,Investment Holding Company,1,USA,376,840.435,493.812,0,Optiver [Netherlands],Commods,Britney Tan Hwee Sian,,Financials,Equity Derivatives,Equity,MSCI NTR,MSCI NTR,MSCI Singapore NTR (USD) Index Futures,MSCI Singapore NTR (USD) Index Futures,JP Morgan,21,1,1,LiquidityProvider,T,FY25
8664,8664,Optiver [Netherlands],GAM,ActiveBroker,ActiveTrader,LiquidityProvider,MarketMaker,KOHBRENNA|TANBHS,NLT,Client,96,5469.485904,1367.631027,RBF,2023-09,USD,S078,2023,Q3,9,2H,1323.024,Buy-Side,Millennium Capital Management,Netherlands,MarketMaker,Investment Holding Company,1,Hong Kong,90,17.6085,73.53,0,Optiver [Netherlands],Commods,Britney Tan Hwee Sian,,Commods,Commods,Rebar,Rebar,Rebar,Rebar,SGX Mysteel Shanghai Rebar (USD) Futures,Morgan Stanley,21,1,1,LiquidityProvider,T,FY20
8664,8664,Optiver [Netherlands],SGROA RM,ActiveBroker,ActiveTrader,LiquidityProvider,MarketMaker,GROTHK,NLT,Client,79.21,14,-12032.80068,RT,2021-08,USD,S061,2021,Q3,8,2H,387,PTG,Eclipse Futures,Netherlands,LiquidityProvider,Investment Holding Company,1,SG ROA,962,397.32,2476.8,592.9,Optiver [Netherlands],Tier 1,Tan Say Liang,,Commods,Commods,Rubber,Rubber,Rubber,Rubber,Rubber,HGNH,19,1,1,MarketMaker,T+1,FY24
8664,8664,Optiver [Netherlands],China,ActiveBroker,ActiveTrader,LiquidityProvider,MarketMaker,LUSHB|KOHBRENNA,Screen,Client,17379,0,0.06,SMC,2024-05,USD,S883,2023,Q2,5,1H,0.387,Others,ABC Arbitrage AM Asia,Netherlands,LiquidityProvider,Investment Holding Company,1,SG ROA,24.5,29.412,541.8,0,Optiver [Netherlands],China,Lily Chia,,Commods,Commods,Petchem,Petchem,Petchem,Petchem,ICIS SM CFR China Swap,CIMB,21,0.5,1,LiquidityProvider,T,FY15
8664,8664,Optiver [Netherlands],GAM,ActiveBroker,ActiveTrader,LiquidityProvider,MarketMaker,TANBHS|LEEKJ,Screen,Client,150,0,3033.629659,SND,2024-03,USD,S108,2023,Q1,3,1H,187.308,PTG,Capstone Investment,Netherlands,LiquidityProvider,Investment Holding Company,0.5,Hong Kong,261.25,3062.976,63.55,86.92914573,Optiver [Netherlands],Tier 2,Kenneth Ng Say Chong,,Financials,FX/IR,FX,FX,SND,USD/SGD FX Futures (Full-sized),USD/SGD FX Futures (Full-Sized),BNP Paribas,21,1,1,ActiveBroker,T+1,FY12
8664,8664,Optiver [Netherlands],China,ActiveBroker,ActiveTrader,LiquidityProvider,MarketMaker,WANGV|LIYAN,Screen,Client,150,0,-2920,SWFO,2025-04,USD,S009,2024,Q2,4,1H,211.56,Brokerage/Agency,BSMA Limited,Netherlands,LiquidityProvider,Investment Holding Company,1,Europe,500,11938.34114,7707.75,0,Optiver [Netherlands],GAM,Richard Wenk,,Commods,Commods,FFA,FFA,FFA,FFA,SWFO,SG Securities,22,1,1,ActiveTrader,T+1,FY18
8664,8664,Optiver [Netherlands],Commodities Sales,ActiveBroker,ActiveTrader,LiquidityProvider,MarketMaker,TANBHS|DAVEYC,Screen,Client,360,0,1611.5775,TD,2024-10,USD,S016,2024,Q4,10,2H,6484.320323,Buy-Side,Virtu Financial,Netherlands,LiquidityProvider,Investment Holding Company,0.125,Hong Kong,823.75,6308.1,9900.75,0,Optiver [Netherlands],China,Kenny Groth,,Financials,FX/IR,FX,FX,TD,TWD/USD FX Futures (Mini),TWD/USD FX Futures (Mini),Orient Futures,20,0.125,1,ActiveBroker,T+1,FY18
8664,8664,Optiver [Netherlands],Commodities Sales,ActiveBroker,ActiveTrader,LiquidityProvider,MarketMaker,LIYAN,Screen,House,334.15,1650,43556.69057,TONA,2022-09,USD,S660,2022,Q3,9,2H,94.43485902,Buy-Side,UBS Omnibus,Netherlands,MarketMaker,Investment Holding Company,1,SG ROA,1000,318.888,9294.45,1151.769486,Optiver [Netherlands],GAM,omnibus,,Financials,FX/IR,Interest Rates,Interest Rates,TONA,SGX Three-Month Tokyo Overnight Average Rate (TONA) Futures,SGX Three-Month Tokyo Overnight Average Rate (TONA) Futures,Goldman Sachs,22,1,1,ActiveTrader,T+1,FY19
8664,8664,Optiver [Netherlands],Commodities Sales,ActiveBroker,ActiveTrader,LiquidityProvider,MarketMaker,GOCSEIR,Screen,Client,115.8,0,11604.08395,TWD,2022-02,USD,S016,2021,Q1,2,1H,309.6,Bank Trading Desks,Undisclosed,Netherlands,ActiveTrader,Investment Holding Company,1,USA,5,63.21,51.6,0,Optiver [Netherlands],GAM,Kenneth Ng Say Chong,,Financials,FX/IR,FX,FX,TWD,TWD/USD FX Futures (Full-Sized),TWD/USD FX Futures (Full-Sized),Morgan Stanley,19,1,1,LiquidityProvider,T+1,FY24
8664,8664,Optiver [Netherlands],America NBS,ActiveBroker,ActiveTrader,LiquidityProvider,MarketMaker,LEEKJ|WENKR,Screen,Client,9202.7,0,418,TWNO,2025-09,USD,S660,2025,Q3,9,2H,87828.99124,Trading Firms,BainBridge Navigation Pte Ltd,Netherlands,LiquidityProvider,Investment Holding Company,1,Europe,3625,99.072,6331.0878,0,Optiver [Netherlands],Commods,Carl Davey,,Financials,Equity Derivatives,Equity,Equity Index,TWNO,FTSE Taiwan Index Options,FTSE Taiwan Index Options,SG Securities,19,1,1,LiquidityProvider,T+1,FY17
8664,8664,Optiver [Netherlands],International Sales RM,ActiveBroker,ActiveTrader,LiquidityProvider,MarketMaker,GROTHK,Screen,Client,5263.5,0,269.3513514,UY,2022-01,USD,S888,2021,Q1,1,1H,2128.5,Brokerage/Agency,Arrowpoint Master Fund,Netherlands,ActiveTrader,Investment Holding Company,1,SG ROA,2506,20249.775,5429.61,0,Optiver [Netherlands],Tier 2,Yan Xuan Li,,Financials,FX/IR,FX,FX,UY,USD/JPY (STANDARD) FX,USD/JPY (STANDARD) FX,JP Morgan,21,1,1,LiquidityProvider,T,FY12
8664,8664,Optiver [Netherlands],SGROA NBS,ActiveBroker,ActiveTrader,LiquidityProvider,MarketMaker,LIYAN,Screen,Client,147076.6,45.10248447,7910,WMPO,2021-06,USD,S011,2020,Q2,6,1H,1548,PTG,Tudor Capital Singapore Pte Ltd,Netherlands,LiquidityProvider,Investment Holding Company,1,SG ROA,20476,0,64.5,0,Optiver [Netherlands],China,Craig Cohen,,Commods,Commods,Dairy,Dairy,Dairy,Dairy,SGX-NZX Global Whole Milk Powder (WMP) Options,Goldman Sachs,20,1,1,LiquidityProvider,T,FY15
8664,8664,Optiver [Netherlands],SGROA NBS,ActiveBroker,ActiveTrader,LiquidityProvider,MarketMaker,TANBHS,Screen,Client,150.4,0,1477.2225,YDBS,2022-12,USD,S389,2022,Q4,12,2H,26043.81,Trading Firms,Levmet Trading DMCC,Netherlands,ActiveTrader,Investment Holding Company,1,SG ROA,133,170.28,2.58,0,Optiver [Netherlands],Commods,Renaud Gocsei,,Financials,Equity Derivatives,Equity,SSF,Singapore SSF,Singapore Single Stock Futures,DBS Futures,Morgan Stanley,18,1,1,LiquidityProvider,T,FY16
8664,8664,Optiver [Netherlands],Commodities Sales,ActiveBroker,ActiveTrader,LiquidityProvider,MarketMaker,LUSHB,Screen,Client,3525,162.0547945,14409,YWIL,2025-08,USD,S009,2025,Q3,8,2H,111208.32,Brokers Prop,Wellington,Netherlands,LiquidityProvider,Investment Holding Company,1,Europe,1462,24477.75,31.218,0,Optiver [Netherlands],Tier 2,Paul Macchione,,Financials,Equity Derivatives,Equity,SSF,Singapore SSF,Singapore Single Stock Futures,Wilmar Futures,JP Morgan,18,0.125,1,MarketMaker,T,FY21
8664,8664,Optiver [Netherlands],International Sales RM,ActiveBroker,ActiveTrader,LiquidityProvider,MarketMaker,GROTHK,Screen,Client,159,0,150.4,ZADS,2023-10,USD,S813,2023,Q4,10,2H,619.2,PTG,Unilever Asia Limited,Netherlands,LiquidityProvider,Investment Holding Company,0.25,SG ROA,35,-9586.635,1150.164,774,Optiver [Netherlands],Commods,Brenna Koh,,Financials,Equity Derivatives,Equity,SSF,Indian SSF,Indian Single Stock Futures,ADANIPORT Futures Contracts: ADANI PORTS AND SPECIAL ECON,Phillip,19,1,1,LiquidityProvider,T,FY15
8664,8664,Optiver [Netherlands],China,ActiveBroker,ActiveTrader,LiquidityProvider,MarketMaker,LUSHB,Screen,Client,4087.6,0,10319.97292,ZARB,2025-11,USD,S016,2025,Q4,11,2H,7837.479763,Buy-Side,Societe Generale,Netherlands,LiquidityProvider,Investment Holding Company,0.25,China,30,3290.838375,41.28,0,Optiver [Netherlands],GAM,Craig Cohen,,Financials,Equity Derivatives,Equity,SSF,Indian SSF,Indian Single Stock Futures,Aurobindo Pharma Futures,Phillip,22,1,1,LiquidityProvider,T+1,FY14
8664,8664,Optiver [Netherlands],SGROA RM,ActiveBroker,ActiveTrader,LiquidityProvider,MarketMaker,LEEJW,NLT,Client,220,22451.28937,132.8,ZBHA,2021-11,USD,S866,2021,Q4,11,2H,7.74,Brokerage/Agency,Phillip Capital Sdn Bhd,Netherlands,MarketMaker,Investment Holding Company,1,China,15757,114.165,1688.352,17811.75352,Optiver [Netherlands],Tier 3,Tashya Zhuo Xiaofan,,Financials,Equity Derivatives,Equity,SSF,Indian SSF,Indian Single Stock Futures,Bharti Airtel Futures,StoneX,21,0.125,1,ActiveTrader,T,FY22
8664,8664,Optiver [Netherlands],GAM,ActiveBroker,ActiveTrader,LiquidityProvider,MarketMaker,KOHBRENNA|LEEKJ,Screen,Client,38.25,0,1.1,ZBHI,2024-02,SGD,S883,2023,Q1,2,1H,312.3923337,Buy-Side,Coforce Shipping,Netherlands,LiquidityProvider,Investment Holding Company,0.5,USA,360,102.4002,38982.768,0,Optiver [Netherlands],Tier 1,Craig Cohen,,Financials,Equity Derivatives,Equity,SSF,Indian SSF,Indian Single Stock Futures,Bharti Infratel Futures,Phillip,21,0.5,1,LiquidityProvider,T,FY14
8664,8664,Optiver [Netherlands],Omnibus,ActiveBroker,ActiveTrader,LiquidityProvider,MarketMaker,WANGD,Screen,Client,84.5,0,2374.4,ZBJA,2023-08,SGD,S009,2023,Q3,8,2H,993.3,Brokerage/Agency,Qube,Netherlands,LiquidityProvider,Investment Holding Company,1,USA,533.5,129,23834.00775,0,Optiver [Netherlands],Tier 3,Carl Davey,,Financials,Equity Derivatives,Equity,SSF,Indian SSF,Indian Single Stock Futures,Bajaj Auto Futures,KGI,21,1,1,LiquidityProvider,T+1,FY22
8664,8664,Optiver [Netherlands],GAM,ActiveBroker,ActiveTrader,LiquidityProvider,MarketMaker,KOHBRENNA,NLT,House,900,9.68,300,ZBOS,2022-03,USD,S560,2021,Q1,3,1H,-6400.207258,Trading Firms,JP Morgan House,Netherlands,ActiveTrader,Investment Holding Company,1,Hong Kong,325,-15522.31288,59.34,0,Optiver [Netherlands],Commods,Renaud Gocsei,,Financials,Equity Derivatives,Equity,SSF,Indian SSF,Indian Single Stock Futures,Bosch Futures,Goldman Sachs,18,0.25,1,LiquidityProvider,T+1,FY15
8664,8664,Optiver [Netherlands],Europe NBS,ActiveBroker,ActiveTrader,LiquidityProvider,MarketMaker,TOHL,NLT,Client,36.9,14.25,42.9,ZCIP,2022-10,SGD,S813,2022,Q4,10,2H,1375.1787,Trading Firms,Polynomial Partners,Netherlands,ActiveTrader,Investment Holding Company,1,SG ROA,366,7513.95975,8809.152,252.9294305,Optiver [Netherlands],GAM,Lily Chia,,Financials,Equity Derivatives,Equity,SSF,Indian SSF,Indian Single Stock Futures,Cipla Ltd India Futures,Barclays,21,1,1,MarketMaker,T+1,FY22
8664,8664,Optiver [Netherlands],China,ActiveBroker,ActiveTrader,LiquidityProvider,MarketMaker,LEEJW,Screen,Client,1.5,0,594,ZDRR,2025-06,USD,S660,2024,Q2,6,1H,756.585,Buy-Side,JP Morgan House,Netherlands,LiquidityProvider,Investment Holding Company,1,Europe,10,-15.09188548,15.48,8962.182568,Optiver [Netherlands],Tier 1,David Wang Lipeng,,Financials,Equity Derivatives,Equity,SSF,Indian SSF,Indian Single Stock Futures,Dr Reddy's Laboratories Futures,HGNH,19,1,1,ActiveTrader,T,FY14
8664,8664,Optiver [Netherlands],SGROA RM,ActiveBroker,ActiveTrader,LiquidityProvider,MarketMaker,TANBHS,NLT,House,149,71481.52101,18194,ZEIM,2024-11,USD,S111,2024,Q4,11,2H,44703.144,Trading Firms,Koch Supply & Trading L.P,Netherlands,ActiveBroker,Investment Holding Company,0.125,SG ROA,8,65.145,210.915,95.2,Optiver [Netherlands],Tier 2,omnibus,,Financials,Equity Derivatives,Equity,SSF,Indian SSF,Indian Single Stock Futures,Eicher Motors Futures,Morgan Stanley,22,1,1,LiquidityProvider,T+1,FY24
8664,8664,Optiver [Netherlands],Commodities Sales,ActiveBroker,ActiveTrader,LiquidityProvider,MarketMaker,WANGD,NLT,Client,4.1,0,1402.32,ZGRA,2024-07,USD,S660,2024,Q3,7,2H,722.8777778,Trading Firms,Sumitomo Corporation Global Commodities Limited,Netherlands,ActiveTrader,Investment Holding Company,1,SG ROA,2703,670.8,2.58,0,Optiver [Netherlands],Tier 2,Bobby Lush,,Financials,Equity Derivatives,Equity,SSF,USA SSF,USA Single Stock Futures,USA SSF Futures,JP Morgan,22,1,1,LiquidityProvider,T+1,FY24
8664,8664,Optiver [Netherlands],SGROA NBS,ActiveBroker,ActiveTrader,LiquidityProvider,MarketMaker,KOHBRENNA,Screen,Client,225,0,118.8,ZHCL,2022-04,SGD,S660,2021,Q2,4,1H,4.1,Others,Optimus Commodities,Netherlands,ActiveTrader,Investment Holding Company,1,Omnibus,52958,96.75,6980.964,0,Optiver [Netherlands],Tier 3,David Wang Lipeng,,Financials,Equity Derivatives,Equity,SSF,Indian SSF,Indian Single Stock Futures,HCL Technologies Futures,Barclays,19,1,1,LiquidityProvider,T,FY22
8664,8664,Optiver [Netherlands],SGROA NBS,ActiveBroker,ActiveTrader,LiquidityProvider,MarketMaker,COHENC,Screen,Client,459.55,0,150,ZHUL,2024-09,USD,S020,2024,Q3,9,2H,3040.0656,Buy-Side,Hongkong Fuxing,Netherlands,MarketMaker,Investment Holding Company,1,Europe,34914,5647.104,12.335625,0,Optiver [Netherlands],GAM,John Hogger,,Financials,Equity Derivatives,Equity,SSF,Indian SSF,Indian Single Stock Futures,Hindustan Unilever ZHUL Futures,JP Morgan,18,1,1,LiquidityProvider,T+1,FY22
8664,8664,Optiver [Netherlands],International Sales RM,ActiveBroker,ActiveTrader,LiquidityProvider,MarketMaker,KOHBRENNA|TANSY,Screen,House,60,0,-12.24914722,ZICI,2024-06,USD,S888,2023,Q2,6,1H,20.4336,Trading Firms,Undisclosed,Netherlands,LiquidityProvider,Investment Holding Company,1,China,1,37.41,1435,0,Optiver [Netherlands],GAM,David Wang Lipeng,,Financials,Equity Derivatives,Equity,SSF,Indian SSF,Indian Single Stock Futures,ICICI Bank Futures,KGI,22,1,1,ActiveTrader,T+1,FY19
8664,8664,Optiver [Netherlands],America NBS,ActiveBroker,ActiveTrader,LiquidityProvider,MarketMaker,LEEJW,NLT,Client,1575,661.3093642,264,ZINF,2023-06,USD,S660,2022,Q2,6,1H,23580.297,PTG,Qube,Netherlands,ActiveTrader,Investment Holding Company,1,SG ROA,3417,135.317795,44925.54,0,Optiver [Netherlands],GAM,David Wang Lipeng,,Financials,Equity Derivatives,Equity,SSF,Indian SSF,Indian Single Stock Futures,Infosys Futures,Orient Futures,21,1,1,MarketMaker,T+1,FY22
8664,8664,Optiver [Netherlands],China,ActiveBroker,ActiveTrader,LiquidityProvider,MarketMaker,KOHBRENNA,Screen,Client,1414.6,0,0,ZITD,2024-04,USD,S016,2023,Q2,4,1H,61.92,Buy-Side,Valuable Capital Limited,Netherlands,MarketMaker,Investment Holding Company,1,Omnibus,387,473.172,21202.44,34328.19467,Optiver [Netherlands],China,Kenny Groth,,Financials,Equity Derivatives,Equity,SSF,Indian SSF,Indian Single Stock Futures,ITC Futures,CIMB,21,0.25,1,ActiveTrader,T,FY20
8664,8664,Optiver [Netherlands],GAM,ActiveBroker,ActiveTrader,LiquidityProvider,MarketMaker,LUSHB,Screen,House,102.91,0,600,ZKMB,2024-01,USD,S660,2023,Q1,1,1H,1379.655,Buy-Side,SEB Client Omnibus,Netherlands,MarketMaker,Investment Holding Company,0.125,SG ROA,41,42.57,1815.03,0,Optiver [Netherlands],China,David Chiam,,Financials,Equity Derivatives,Equity,SSF,Indian SSF,Indian Single Stock Futures,Kotak Mahindra Bank Futures,SG Securities,21,1,1,LiquidityProvider,T,FY14
8664,8664,Optiver [Netherlands],China,ActiveBroker,ActiveTrader,LiquidityProvider,MarketMaker,GOCSEIR,Screen,Client,3240,0,49.2,ZLT,2025-05,USD,S111,2024,Q2,5,1H,102.6582,Brokerage/Agency,Radix Trading LLC,Netherlands,ActiveTrader,Investment Holding Company,1,SG ROA,524,1722.15,377.97,5659.069661,Optiver [Netherlands],Tier 1,Brenna Koh,,Financials,Equity Derivatives,Equity,SSF,Indian SSF,Indian Single Stock Futures,Larsen & Toubro Futures,ADMIS,19,0.5,1,LiquidityProvider,T,FY16
8664,8664,Optiver [Netherlands],Omnibus,ActiveBroker,ActiveTrader,LiquidityProvider,MarketMaker,CHIALPL,Screen,Client,1500,156.8835581,4,ZMM,2022-08,USD,S009,2022,Q3,8,2H,17815.545,Buy-Side,Millennium Capital Management,Netherlands,LiquidityProvider,Investment Holding Company,1,SG ROA,5,176.73,7190.5116,849.465,Optiver [Netherlands],GAM,omnibus,,Financials,Equity Derivatives,Equity,SSF,Indian SSF,Indian Single Stock Futures,Mahindra & Mahindra Futures,Barclays,22,1,1,ActiveBroker,T+1,FY16
8664,8664,Optiver [Netherlands],Commodities Sales,ActiveBroker,ActiveTrader,LiquidityProvider,MarketMaker,WANGV,NLT,House,198,0,1.46e-11,ZMSI,2023-11,USD,S389,2023,Q4,11,2H,0,Brokers Prop,Singapore Jinteng International,Netherlands,ActiveTrader,Investment Holding Company,1,Omnibus,1225,242.970958,12904.386,0,Optiver [Netherlands],Tier 3,Kenneth Ng Say Chong,,Financials,Equity Derivatives,Equity,SSF,Indian SSF,Indian Single Stock Futures,Maruti Suzuki India Futures,JP Morgan,19,1,1,ActiveTrader,T+1,FY13
8664,8664,Optiver [Netherlands],China,ActiveBroker,ActiveTrader,LiquidityProvider,MarketMaker,KOHBRENNA|GROTHK,NLT,Client,97520.5,48.57390232,62.4,ZPWG,2021-10,USD,S108,2021,Q4,10,2H,2836.71,Buy-Side,Morgan Stanley House,Netherlands,ActiveTrader,Investment Holding Company,1,Hong Kong,27.5,0,191.952,0,Optiver [Netherlands],Tier 3,David Wang Lipeng,,Financials,Equity Derivatives,Equity,SSF,Indian SSF,Indian Single Stock Futures,Power Grid Corp of India Futures,JP Morgan,19,1,1,ActiveBroker,T,FY24
8664,8664,Optiver [Netherlands],America NBS,ActiveBroker,ActiveTrader,LiquidityProvider,MarketMaker,LUSHB|KOHBRENNA,NLT,Client,1408,135898.2773,18872.7,ZRILA,2023-04,USD,S016,2022,Q2,4,1H,37.41,Trading Firms,Theme,Netherlands,ActiveTrader,Investment Holding Company,1,SG ROA,1192,270.9,32.25,22817.52,Optiver [Netherlands],Tier 2,Tan Say Liang,,Financials,Equity Derivatives,Equity,SSF,Indian SSF,Indian Single Stock Futures,Reliance Industries Futures,Marex,21,1,1,ActiveTrader,T,FY14
8664,8664,Optiver [Netherlands],SGROA RM,ActiveBroker,ActiveTrader,LiquidityProvider,MarketMaker,LUSHB|KOHBRENNA,NLT,Client,3535.2,0,24.4,ZSBI,2023-03,USD,S078,2022,Q1,3,1H,10062,PTG,Fomento Commodities,Netherlands,LiquidityProvider,Investment Holding Company,1,China,1296,0.887545911,120.95,0,Optiver [Netherlands],Tier 1,Brenna Koh,,Financials,Equity Derivatives,Equity,SSF,Indian SSF,Indian Single Stock Futures,State Bank of India Futures,HGNH,22,1,1,LiquidityProvider,T,FY22
8664,8664,Optiver [Netherlands],GAM,ActiveBroker,ActiveTrader,LiquidityProvider,MarketMaker,TANBHS|LEEKJ,Screen,House,238.95,0,219.6,ZSEA,2023-07,USD,S007,2023,Q3,7,2H,243.81,PTG,Undisclosed,Netherlands,LiquidityProvider,Investment Holding Company,1,Hong Kong,1550,1.548,2399.4,0,Optiver [Netherlands],Tier 2,Bobby Lush,,Financials,Equity Derivatives,Equity,SSF,USA SSF,USA Single Stock Futures,SEA Futures,BNP Paribas,19,1,1,ActiveBroker,T+1,FY26
8664,8664,Optiver [Netherlands],China,ActiveBroker,ActiveTrader,LiquidityProvider,MarketMaker,TANBHS|DAVEYC,Screen,Client,41.6,0,7220.4,ZSUN,2025-03,SGD,S078,2024,Q1,3,1H,40.248,Buy-Side,ISAM Funds Ltd,Netherlands,LiquidityProvider,Investment Holding Company,0.25,Hong Kong,84622,1838.25,26.316,0,Optiver [Netherlands],Tier 2,Vivian Wang Min,,Financials,Equity Derivatives,Equity,SSF,Indian SSF,Indian Single Stock Futures,Sun Pharm Ind Futures,Deutsche,19,1,1,LiquidityProvider,T,FY16
8664,8664,Optiver [Netherlands],SGROA NBS,ActiveBroker,ActiveTrader,LiquidityProvider,MarketMaker,KOHBRENNA|WANGV,Screen,Client,24.3,100,215,ZTAM,2021-05,USD,S660,2020,Q2,5,1H,701.244,Bank Trading Desks,Jump Trading,Netherlands,ActiveTrader,Investment Holding Company,1,SG ROA,304,16.512,116.1,0,Optiver [Netherlands],China,Matthew Judge,,Financials,Equity Derivatives,Equity,SSF,Indian SSF,Indian Single Stock Futures,Tata Motors Passenger Vehicles Futures,SG Securities,19,1,1,ActiveTrader,T,FY25
8664,8664,Optiver [Netherlands],SGROA RM,ActiveBroker,ActiveTrader,LiquidityProvider,MarketMaker,GROTHK,NLT,Client,5411.6,1063.288066,17744.5,ZTAT,2022-07,USD,S883,2022,Q3,7,2H,193.5,Brokerage/Agency,Morgan Stanley House,Netherlands,LiquidityProvider,Investment Holding Company,1,Hong Kong,1537.5,108918.55,25.542,474.849,Optiver [Netherlands],Tier 3,Renaud Gocsei,,Financials,Equity Derivatives,Equity,SSF,Indian SSF,Indian Single Stock Futures,Tata Steel Futures,Orient Futures,21,1,1,LiquidityProvider,T,FY25
8664,8664,Optiver [Netherlands],AMAO,ActiveBroker,ActiveTrader,LiquidityProvider,MarketMaker,WANGV,NLT,House,600,33.65682819,8966.25,ZTCS,2021-04,USD,S009,2020,Q2,4,1H,567.6,PTG,Winton Capital Europe,Netherlands,ActiveTrader,Investment Holding Company,1,SG ROA,6852,2354.25,569.3415,0,Optiver [Netherlands],GAM,Tan Say Liang,,Financials,Equity Derivatives,Equity,SSF,Indian SSF,Indian Single Stock Futures,Tata Consult Svc Futures,Phillip,21,1,1,ActiveBroker,T,FY22
8664,8664,Optiver [Netherlands],SGROA NBS,ActiveBroker,ActiveTrader,LiquidityProvider,MarketMaker,TOHL,Screen,Client,1245.2,0,0.6,ZTEC,2021-12,USD,S009,2021,Q4,12,2H,447.372,Brokers Prop,Jump Trading,Netherlands,ActiveTrader,Investment Holding Company,1,USA,4747,116.1,414.09,0,Optiver [Netherlands],GAM,omnibus,,Financials,Equity Derivatives,Equity,SSF,Indian SSF,Indian Single Stock Futures,Tech Mahindra Futures,Marex,21,1,1,LiquidityProvider,T,FY23
8664,8664,Optiver [Netherlands],GAM,ActiveBroker,ActiveTrader,LiquidityProvider,MarketMaker,LUSHB|KOHBRENNA,Screen,Client,0,137.28,452.1236043,ZUPL,2025-10,USD,S020,2025,Q4,10,2H,73.8,PTG,Goldman House,Netherlands,LiquidityProvider,Investment Holding Company,1,USA,404,5753.4,3.096,0,Optiver [Netherlands],China,Carl Davey,,Financials,Equity Derivatives,Equity,SSF,Indian SSF,Indian Single Stock Futures,UPL Futures,BPI,22,0.25,1,LiquidityProvider,T,FY20
8664,8664,Optiver [Netherlands],International Sales RM,ActiveBroker,ActiveTrader,LiquidityProvider,MarketMaker,GROTHK,Screen,Client,45370.65,0.957003748,7.2,ZUTC,2023-01,USD,S138,2022,Q1,1,1H,479.88,Trading Firms,Taishin Futures,Netherlands,LiquidityProvider,Investment Holding Company,1,SG ROA,91,11119.542,232.2,1419,Optiver [Netherlands],Commods,Brenna Koh,,Financials,Equity Derivatives,Equity,SSF,Indian SSF,Indian Single Stock Futures,UltraTech Cement Futures,BPI,21,1,1,LiquidityProvider,T,FY23
8664,8664,Optiver [Netherlands],GAM,ActiveBroker,ActiveTrader,LiquidityProvider,MarketMaker,WANGD,NLT,Client,18922.4,0,456,ZWPR,2024-08,USD,S660,2024,Q3,8,2H,283.8,Buy-Side,Flow Traders,Netherlands,ActiveTrader,Investment Holding Company,0.125,Hong Kong,179,1986.6,181.116,422.5909987,Optiver [Netherlands],Tier 1,Brenna Koh,,Financials,Equity Derivatives,Equity,SSF,Indian SSF,Indian Single Stock Futures,Wipro Futures,CLSA SG,21,1,1,LiquidityProvider,T,FY18
10238,10238,Quantree Investment,Commodities Sales,ActiveBroker,ActiveTrader,LiquidityProvider,MarketMaker,KOHBRENNA|TANBHS,NLT,Client,170,847.2,960,BTP,2022-02,USD,S009,2021,Q1,2,1H,227.04,PTG,Nova Marine Carriers,Albania,ActiveBroker,Academic,1,SG ROA,15,5311.317,1986.6,0,Quantree Investment,Commods,omnibus,,Financials,FX/IR,Crypto,Cryptocurrencies,Crypto,SGX Bitcoin Perpetual Futures,SGX Bitcoin Perpetual Futures,Marex,18,1,1,ActiveBroker,T+1,FY25
10238,10238,Quantree Investment,China,ActiveBroker,ActiveTrader,LiquidityProvider,MarketMaker,LUSHB,NLT,House,1363.95,0,471.2,BTR,2023-02,USD,S020,2022,Q1,2,1H,2716.6755,PTG,Verition Fund Management LLC,Albania,MarketMaker,Academic,1,SG ROA,300,398.61,886.875,0,Quantree Investment,Omnibus,Yan Xuan Li,,Commods,Commods,Dairy,Dairy,Dairy,Dairy,SGX-NZX Global Butter (BTR) Futures,Phillip,19,1,1,ActiveTrader,T+1,FY16
10238,10238,Quantree Investment,GAM,ActiveBroker,ActiveTrader,LiquidityProvider,MarketMaker,KOHBRENNA,Screen,Client,44,30.43155452,2658.6,C3F,2021-05,USD,S866,2020,Q2,5,1H,-38486.95088,Trading Firms,DV Trading LLC,Albania,ActiveTrader,Academic,1,SG ROA,180547,408.285,1636.107,0,Quantree Investment,China,Renaud Gocsei,,Commods,Commods,FFA,FFA,FFA,FFA,Capesize Route C3 Futures,Orient Futures,18,1,1,LiquidityProvider,T,FY19
10238,10238,Quantree Investment,GAM,ActiveBroker,ActiveTrader,LiquidityProvider,MarketMaker,LUSHB|KOHBRENNA,Screen,Client,8780.15,0,98.7,C5F,2022-05,USD,S011,2021,Q2,5,1H,505.035,Trading Firms,Millennium Capital Management,Albania,ActiveTrader,Academic,1,SG ROA,19,61724.33925,170.28,3050.85,Quantree Investment,Tier 1,Kenny Groth,,Commods,Commods,FFA,FFA,FFA,FFA,Capesize Route C5 Futures,KGI,18,1,1,ActiveTrader,T+1,FY18
10238,10238,Quantree Investment,Commodities Sales,ActiveBroker,ActiveTrader,LiquidityProvider,MarketMaker,LUSHB|KOHBRENNA,Screen,Client,15536.4,12018.4504,2100,CX11F,2024-07,USD,S078,2024,Q3,7,2H,12.3,Buy-Side,Soochow Securities CSSD (Singapore) Pte. Ltd.,Albania,MarketMaker,Academic,1,Europe,120,1297.224,361.2,0,Quantree Investment,Tier 3,Penny Pan Ranran,,Commods,Commods,FFA,FFA,FFA,FFA,SGX Baltic Container Freight Route FBX11 Futures,Barclays,22,1,1,LiquidityProvider,T,FY22
10238,10238,Quantree Investment,GAM,ActiveBroker,ActiveTrader,LiquidityProvider,MarketMaker,TANSY,Screen,Client,1125,0,2913.852129,CZF,2023-11,USD,S883,2023,Q4,11,2H,316.1016,Brokerage/Agency,Vela Capital Fund,Albania,ActiveBroker,Academic,1,Omnibus,6,258,6737.412,5998.242,Quantree Investment,Tier 2,Jason Lee,,Commods,Commods,FFA,FFA,FFA,FFA,SGX Baltic Capesize Time Charter Average (5 Routes) 182 Futures,KGI,21,0.25,1,LiquidityProvider,T+1,FY18
10238,10238,Quantree Investment,Commodities Sales,ActiveBroker,ActiveTrader,LiquidityProvider,MarketMaker,WANGV,NLT,Client,155056,0,1029,EJP,2021-01,USD,S061,2020,Q1,1,1H,18.447,Buy-Side,ABC Arbitrage AM Asia,Albania,LiquidityProvider,Academic,1,Europe,325,406.35,15287.41913,0,Quantree Investment,Commods,Vivian Wang Min,,Financials,Equity Derivatives,Equity,Equity Index,EJP,EJP,SGX FTSE Blossom Japan Index Futures,SG Securities,21,1,1,LiquidityProvider,T,FY15
10238,10238,Quantree Investment,SGROA RM,ActiveBroker,ActiveTrader,LiquidityProvider,MarketMaker,LEEJW,Screen,Client,269,0,2190,ETP,2021-04,USD,S339,2020,Q2,4,1H,95.976,Others,Undisclosed,Albania,LiquidityProvider,Academic,1,SG ROA,408,29.025,789.48,1935.964275,Quantree Investment,Tier 2,Penny Pan Ranran,,Financials,FX/IR,Crypto,Cryptocurrencies,Crypto,SGX Ethereum Perpetual Futures,SGX Ethereum Perpetual Futures,DBS Vickers,19,1,1,ActiveTrader,T+1,FY22
10238,10238,Quantree Investment,HK NBS,ActiveBroker,ActiveTrader,LiquidityProvider,MarketMaker,DAVEYC,Screen,Client,51208,0,4,GINO,2023-10,USD,S389,2023,Q4,10,2H,3.612,PTG,Millennium Capital Management,Albania,ActiveBroker,Academic,1,SG ROA,205,103.2,12,527.95169,Quantree Investment,Commods,Craig Cohen,,Financials,Equity Derivatives,Equity,Equity Index,GINO,GIFT Derivatives,GIFT City Index Options,SG Securities,19,1,0.5,ActiveTrader,T+1,FY16
10238,10238,Quantree Investment,China,ActiveBroker,ActiveTrader,LiquidityProvider,MarketMaker,KOHBRENNA|WANGV,NLT,Client,3.6,267.8,4145.864425,HKU,2025-05,USD,S016,2024,Q2,5,1H,77.4,Trading Firms,Millennium Capital Management,Albania,MarketMaker,Academic,1,China,150,32.8,9879.336,0,Quantree Investment,Omnibus,Carl Davey,,Financials,FX/IR,FX,FX,HKU,HKD/USD Futures,HKD/USD Futures,StoneX,21,0.25,1,ActiveBroker,T,FY26
10238,10238,Quantree Investment,China,ActiveBroker,ActiveTrader,LiquidityProvider,MarketMaker,TANBHS|DAVEYC,NLT,Client,1005.6,0,552.5,IDR,2024-10,USD,S018,2024,Q4,10,2H,1515.75,Trading Firms,Bright Fortune Resources,Albania,ActiveBroker,Academic,0.125,SG ROA,498,516,996.525,0,Quantree Investment,China,Brenna Koh,,Financials,FX/IR,FX,FX,IDR,IDR/USD FX Futures,IDR/USD Futures,Morgan Stanley,22,1,1,ActiveTrader,T,FY23
10238,10238,Quantree Investment,China,ActiveBroker,ActiveTrader,LiquidityProvider,MarketMaker,LEEKJ,NLT,House,250,0,54.6,M42F,2022-06,USD,S020,2021,Q2,6,1H,1.935,Trading Firms,Synergy Link Capital,Albania,ActiveTrader,Academic,1,Europe,3026,-2330.875835,17683.578,28.638,Quantree Investment,Commods,Tan Say Liang,,Commods,Commods,Thermal Coal,Thermal Coal,Thermal Coal,Thermal Coal,IHS McCloskey M42 - Indonesian 4200kc GAR FOB Ther,DBS Vickers,22,1,1,LiquidityProvider,T+1,FY14
10238,10238,Quantree Investment,China,ActiveBroker,ActiveTrader,LiquidityProvider,MarketMaker,CHIALPL,NLT,Client,96,0,88,MEG,2021-10,USD,S883,2021,Q4,10,2H,2658.8835,Buy-Side,Undisclosed,Albania,LiquidityProvider,Academic,0.125,Hong Kong,113.75,205.11,446.985,0,Quantree Investment,Tier 3,Richard Wenk,,Commods,Commods,Petchem,Petchem,Petchem,Petchem,ICIS MEG CFR China Swap,Marex,21,1,1,LiquidityProvider,T,FY14
10238,10238,Quantree Investment,GAM,ActiveBroker,ActiveTrader,LiquidityProvider,MarketMaker,TOHL,Screen,Client,7.7,0,5871.36,MEGF,2022-12,SGD,S389,2022,Q4,12,2H,523.6468582,PTG,Longrun Financial,Albania,LiquidityProvider,Academic,1,USA,2375,18.06,9615.144,0,Quantree Investment,GAM,Lily Chia,,Commods,Commods,Petchem,Petchem,Petchem,Petchem,ICIS MEG CFR China Futures,BPI,18,1,1,LiquidityProvider,T,FY24
10238,10238,Quantree Investment,Omnibus,ActiveBroker,ActiveTrader,LiquidityProvider,MarketMaker,KOHBRENNA,Screen,Client,4.1,0,15.4,MKP,2022-03,USD,S660,2021,Q1,3,1H,516.645,Buy-Side,Undisclosed,Albania,LiquidityProvider,Academic,1,Europe,11887,33927.5625,863.01,0,Quantree Investment,Commods,Richard Wenk,,Commods,Commods,Dairy,Dairy,Dairy,Dairy,SGX-NZX NZ Milk Price (MKP) Futures,KGI,21,1,1,ActiveTrader,T,FY20
10238,10238,Quantree Investment,SGROA RM,ActiveBroker,ActiveTrader,LiquidityProvider,MarketMaker,KOHBRENNA|LEEKJ,Screen,Client,96.4,0,234.3,MTWD,2022-08,USD,S009,2022,Q3,8,2H,61.92,Bank Trading Desks,Citigroup Prop,Albania,LiquidityProvider,Academic,0.25,Omnibus,905,197.9505,638.421,0,Quantree Investment,Tier 1,omnibus,,Financials,FX/IR,FX,FX,MTWD,SGX TWD/USD FX (Micro) Futures,SGX TWD/USD FX (Micro) Futures,Goldman Sachs,20,1,1,LiquidityProvider,T,FY24
10238,10238,Quantree Investment,Commodities Sales,ActiveBroker,ActiveTrader,LiquidityProvider,MarketMaker,LEEKJ|WENKR,Screen,Client,1538.6,134.65,39,MUC,2021-11,USD,S001,2021,Q4,11,2H,65.79,Buy-Side,Majestic Rock Resources Group,Albania,ActiveTrader,Academic,0.125,Hong Kong,3220,464.4,5.031,0,Quantree Investment,Tier 3,Yan Xuan Li,,Financials,FX/IR,FX,FX,MUC,USD/CNH Futures,USD/CNH FX Futures Mini,CIMB,21,1,1,LiquidityProvider,T,FY25
10238,10238,Quantree Investment,SGROA NBS,ActiveBroker,ActiveTrader,LiquidityProvider,MarketMaker,TANBHS|DAVEYC,Screen,Client,11891,0,1379.540731,NKO,2021-09,USD,S288,2021,Q3,9,2H,49.9488,PTG,ABC Arbitrage AM Asia,Albania,LiquidityProvider,Academic,0.25,Hong Kong,707.5,495.36,93.654,57.20094546,Quantree Investment,Omnibus,omnibus,,Financials,Equity Derivatives,Equity,Equity Index,NKO,Nikkei 225 Options,Nikkei 225 Options,HGNH,19,1,1,LiquidityProvider,T,FY20
10238,10238,Quantree Investment,China,ActiveBroker,ActiveTrader,LiquidityProvider,MarketMaker,GOCSEIR,Screen,Client,50,357.12,225,NS,2024-04,USD,S888,2023,Q2,4,1H,62816.292,PTG,RG Niederhoffer Capital Management,Albania,LiquidityProvider,Academic,0.5,Omnibus,240,1322.25,290.25,0,Quantree Investment,Tier 3,Bobby Lush,,Financials,Equity Derivatives,Equity,Equity Index,NS,NIKKEI 225 MINI,NIKKEI 225 MINI,HGNH,21,1,1,ActiveBroker,T+1,FY22
10238,10238,Quantree Investment,Commodities Sales Europe,ActiveBroker,ActiveTrader,LiquidityProvider,MarketMaker,GOCSEIR,Screen,Client,150,1070.783494,712.7681895,NSP,2022-07,USD,S011,2022,Q3,7,2H,1044.9,Trading Firms,LS Securities (Client),Albania,MarketMaker,Academic,1,SG ROA,3,381.15,310,0,Quantree Investment,GAM,David Wang Lipeng,,Financials,Equity Derivatives,Equity,MSCI NTR,MSCI NTR,MSCI Singapore NTR (USD) Index Futures,MSCI Singapore NTR (USD) Index Futures,Merrill Lynch,19,1,1,LiquidityProvider,T,FY18
10238,10238,Quantree Investment,Commodities Sales,ActiveBroker,ActiveTrader,LiquidityProvider,MarketMaker,WANGV,NLT,Client,864.6,1773.36,0,RBF,2025-02,USD,S813,2024,Q1,2,1H,1435,Bank Trading Desks,Akena Fund,Albania,LiquidityProvider,Academic,1,SG ROA,35323.75,59.598,30.96,183.72825,Quantree Investment,GAM,David Wang Lipeng,,Commods,Commods,Rebar,Rebar,Rebar,Rebar,SGX Mysteel Shanghai Rebar (USD) Futures,JP Morgan,21,1,1,LiquidityProvider,T,FY14
10238,10238,Quantree Investment,China,ActiveBroker,ActiveTrader,LiquidityProvider,MarketMaker,LEEKJ|WENKR,Screen,Client,86343.4,10212.2887,291,RT,2023-01,USD,S016,2022,Q1,1,1H,297.99,Buy-Side,Jiangxi Copper Loyal Sky Industrial Limited,Albania,ActiveTrader,Academic,1,Omnibus,429,1548,10974.5073,0,Quantree Investment,GAM,Renaud Gocsei,,Commods,Commods,Rubber,Rubber,Rubber,Rubber,Rubber,Phillip,21,0.25,1,LiquidityProvider,T+1,FY22
10238,10238,Quantree Investment,America NBS,ActiveBroker,ActiveTrader,LiquidityProvider,MarketMaker,GULYAW,NLT,Client,60,26830.96656,502,SMPO,2022-04,USD,S009,2021,Q2,4,1H,1.032,Trading Firms,Balyasny Asset Management,Albania,ActiveTrader,Academic,1,Omnibus,22,17.028,2920.4955,0,Quantree Investment,GAM,Britney Tan Hwee Sian,,Commods,Commods,Dairy,Dairy,Dairy,Dairy,SGX-NZX Global Skim Milk Powder (SMP) Options,SG Securities,19,0.25,1,MarketMaker,T,FY20
10238,10238,Quantree Investment,GAM,ActiveBroker,ActiveTrader,LiquidityProvider,MarketMaker,COHENC,NLT,Client,553.2,2243.975516,1.5,SND,2025-08,USD,S168,2025,Q3,8,2H,508.389,Buy-Side,Schonfeld Strategic,Albania,LiquidityProvider,Academic,0.25,SG ROA,9.25,77.4,758.52,0,Quantree Investment,Commods,Renaud Gocsei,,Financials,FX/IR,FX,FX,SND,USD/SGD FX Futures (Full-sized),USD/SGD FX Futures (Full-Sized),SG Securities,20,0.5,1,LiquidityProvider,T,FY14
10238,10238,Quantree Investment,GAM,ActiveBroker,ActiveTrader,LiquidityProvider,MarketMaker,GROTHK,Screen,Client,424.2,0,-12.24914722,ST,2021-06,USD,S108,2020,Q2,6,1H,6828.553381,Brokerage/Agency,Qube,Albania,MarketMaker,Academic,0.25,Hong Kong,4880,528.4872,80.625,0,Quantree Investment,Tier 1,Craig Cohen,,Financials,Equity Derivatives,Equity,Equity Index,ST,Straits Times Index Futures,Straits Times Index Futures,BPI,21,0.25,1,LiquidityProvider,T,FY21
10238,10238,Quantree Investment,China,ActiveBroker,ActiveTrader,LiquidityProvider,MarketMaker,COHENC,Screen,Client,7250,8739.9,6663.15,TFO,2021-02,USD,S350,2020,Q1,2,1H,10,Brokerage/Agency,ABS Commodity Trading Company,Albania,ActiveTrader,Academic,1,SG ROA,400,196.983,3129.024,1067.946804,Quantree Investment,Tier 2,Richard Wenk,,Commods,Commods,Rubber,Rubber,Rubber,Rubber,SICOM TSR 20 Rubber Options,SG Securities,22,1,1,ActiveBroker,T,FY22
10238,10238,Quantree Investment,Omnibus,ActiveBroker,ActiveTrader,LiquidityProvider,MarketMaker,TANBHS,NLT,Client,3475,1751.75,7059.8,TONA,2024-02,USD,S288,2023,Q1,2,1H,440.4576,Buy-Side,MTS Capital,Albania,ActiveTrader,Academic,1,Europe,1426,1.29,2724.48,0,Quantree Investment,China,omnibus,,Financials,FX/IR,Interest Rates,Interest Rates,TONA,SGX Three-Month Tokyo Overnight Average Rate (TONA) Futures,SGX Three-Month Tokyo Overnight Average Rate (TONA) Futures,Morgan Stanley,22,0.5,1,LiquidityProvider,T,FY21
10238,10238,Quantree Investment,Commodities Sales,ActiveBroker,ActiveTrader,LiquidityProvider,MarketMaker,LUSHB|TANBHS,Screen,Client,9680,3.24,955.0263026,TWD,2023-07,USD,S009,2023,Q3,7,2H,31449.02235,Buy-Side,Futu Trading,Albania,LiquidityProvider,Academic,1,SG ROA,13990,368.94,83187.456,0,Quantree Investment,Commods,Carl Davey,,Financials,FX/IR,FX,FX,TWD,TWD/USD FX Futures (Full-Sized),TWD/USD FX Futures (Full-Sized),Phillip,19,0.5,0.5,LiquidityProvider,T+1,FY19
10238,10238,Quantree Investment,Omnibus,ActiveBroker,ActiveTrader,LiquidityProvider,MarketMaker,WANGD,Screen,Client,30,13787.15376,360,UY,2023-06,USD,S111,2022,Q2,6,1H,77.4,Trading Firms,ISAM Funds Ltd,Albania,ActiveTrader,Academic,1,Omnibus,10,232.2,425.7,527.95169,Quantree Investment,China,Tan Say Liang,,Financials,FX/IR,FX,FX,UY,USD/JPY (STANDARD) FX,USD/JPY (STANDARD) FX,SG Securities,21,1,1,ActiveBroker,T+1,FY17
10238,10238,Quantree Investment,Commodities Sales,ActiveBroker,ActiveTrader,LiquidityProvider,MarketMaker,LUSHB,NLT,Client,25033.8,0,9110.4,WMP,2021-12,USD,S660,2021,Q4,12,2H,1891.14,Buy-Side,Macquarie Bank,Albania,MarketMaker,Academic,0.125,Europe,31,379.25,4353.75,88.86762295,Quantree Investment,Commods,omnibus,,Commods,Commods,Dairy,Dairy,Dairy,Dairy,SGX-NZX Global Whole Milk Powder (WMP) Futures,Barclays,19,1,0.5,ActiveTrader,T,FY18
10238,10238,Quantree Investment,SGROA RM,ActiveBroker,ActiveTrader,LiquidityProvider,MarketMaker,GROTHK,Screen,Client,75,0,10096.4,WMPO,2022-11,USD,S660,2022,Q4,11,2H,21.45703039,Trading Firms,Millennium Capital Management,Albania,ActiveTrader,Academic,1,USA,2926,80.625,154.8,6359.655244,Quantree Investment,Tier 2,Carl Davey,,Commods,Commods,Dairy,Dairy,Dairy,Dairy,SGX-NZX Global Whole Milk Powder (WMP) Options,Morgan Stanley,21,1,1,LiquidityProvider,T,FY21
10238,10238,Quantree Investment,SGROA RM,ActiveBroker,ActiveTrader,LiquidityProvider,MarketMaker,KOHBRENNA,Screen,Client,14.8,245.5418949,964.8,YDBS,2024-05,USD,S011,2023,Q2,5,1H,329.9315217,Buy-Side,Undisclosed,Albania,ActiveTrader,Academic,1,SG ROA,209.75,10548.4848,1685.0625,0,Quantree Investment,GAM,Yan Xuan Li,,Financials,Equity Derivatives,Equity,SSF,Singapore SSF,Singapore Single Stock Futures,DBS Futures,BNP Paribas,19,1,1,MarketMaker,T,FY21
10238,10238,Quantree Investment,Commodities Sales,ActiveBroker,ActiveTrader,LiquidityProvider,MarketMaker,WANGD,Screen,Client,6919,0,1.5,ZADS,2025-03,USD,S020,2024,Q1,3,1H,1317.735,PTG,Undisclosed,Albania,ActiveTrader,Academic,0.5,China,152,967.113,179.955,0,Quantree Investment,Tier 2,David Wang Lipeng,,Financials,Equity Derivatives,Equity,SSF,Indian SSF,Indian Single Stock Futures,ADANIPORT Futures Contracts: ADANI PORTS AND SPECIAL ECON,ABN Amro,18,0.75,1,ActiveTrader,T,FY12
10238,10238,Quantree Investment,Europe NBS,ActiveBroker,ActiveTrader,LiquidityProvider,MarketMaker,LEEKJ,Screen,Client,180.4,0,7770.6,ZBAF,2022-01,USD,S009,2021,Q1,1,1H,9601.47,Trading Firms,PTT International Trading Pte Ltd,Albania,LiquidityProvider,Academic,1,Hong Kong,14602,1200.63779,85183.602,43.473,Quantree Investment,China,Jason Lee,,Financials,Equity Derivatives,Equity,SSF,Indian SSF,Indian Single Stock Futures,Bajaj Finance Futures,Goldman Sachs,19,1,1,LiquidityProvider,T,FY14
10238,10238,Quantree Investment,Commodities Sales,ActiveBroker,ActiveTrader,LiquidityProvider,MarketMaker,LUSHB,Screen,Client,1279.5,115.5,0.65,ZBHA,2023-04,USD,S020,2022,Q2,4,1H,489.555,Brokers Prop,CES Commodities (HK) Limited,Albania,ActiveTrader,Academic,1,Europe,40,12904.386,56.1795,11089.1039,Quantree Investment,GAM,Richard Wenk,,Financials,Equity Derivatives,Equity,SSF,Indian SSF,Indian Single Stock Futures,Bharti Airtel Futures,Phillip,22,1,1,ActiveTrader,T+1,FY24
10238,10238,Quantree Investment,China,ActiveBroker,ActiveTrader,LiquidityProvider,MarketMaker,TOHL,Screen,Client,428,398.64,13420,ZBHI,2025-07,USD,S111,2025,Q3,7,2H,602.172,Buy-Side,Yuanta Securities - Prop,Albania,LiquidityProvider,Academic,1,Europe,12,616.104,71.6595,0,Quantree Investment,Tier 2,Kenny Groth,,Financials,Equity Derivatives,Equity,SSF,Indian SSF,Indian Single Stock Futures,Bharti Infratel Futures,Nomura,21,0.5,1,LiquidityProvider,T,FY25
10238,10238,Quantree Investment,GAM,ActiveBroker,ActiveTrader,LiquidityProvider,MarketMaker,GOCSEIR,Screen,Client,10175,645,0.8,ZBJA,2025-01,USD,S009,2024,Q1,1,1H,1380.5,Brokerage/Agency,Undisclosed,Albania,LiquidityProvider,Academic,1,SG ROA,1944,1024.5825,40423.44,667.575,Quantree Investment,GAM,Paul Macchione,,Financials,Equity Derivatives,Equity,SSF,Indian SSF,Indian Single Stock Futures,Bajaj Auto Futures,Barclays,21,0.25,1,MarketMaker,T+1,FY13
10238,10238,Quantree Investment,China,ActiveBroker,ActiveTrader,LiquidityProvider,MarketMaker,GROTHK|JUDGEM,NLT,Client,306.85,471.442623,320,ZBOS,2023-08,USD,S001,2023,Q3,8,2H,278.64,PTG,HNK Alpha,Albania,LiquidityProvider,Academic,1,SG ROA,12665,-1324.312933,143.19,0,Quantree Investment,Commods,Jun Won Lee,,Financials,Equity Derivatives,Equity,SSF,Indian SSF,Indian Single Stock Futures,Bosch Futures,SG Securities,19,1,1,LiquidityProvider,T,FY17
10238,10238,Quantree Investment,Europe NBS,ActiveBroker,ActiveTrader,LiquidityProvider,MarketMaker,CHIALPL,Screen,Client,8075.2,23.10733066,1549.8,ZCIP,2024-03,USD,S061,2023,Q1,3,1H,1870.629,Buy-Side,Balyasny Asset Management,Albania,LiquidityProvider,Academic,0.5,Hong Kong,26,3070.0194,357.072,2035.086008,Quantree Investment,Tier 1,David Wang Lipeng,,Financials,Equity Derivatives,Equity,SSF,Indian SSF,Indian Single Stock Futures,Cipla Ltd India Futures,CLSA SG,21,1,1,LiquidityProvider,T+1,FY18
10238,10238,Quantree Investment,Commodities Sales Europe,ActiveBroker,ActiveTrader,LiquidityProvider,MarketMaker,TANBHS|JUDGEM,NLT,Client,4,0,7551,ZHCL,2023-09,USD,S108,2023,Q3,9,2H,438.6,PTG,Mika Resources (Singapore),Albania,ActiveTrader,Academic,0.5,USA,5393,245.616,175774.11,3164.2023,Quantree Investment,Tier 1,Kenny Groth,,Financials,Equity Derivatives,Equity,SSF,Indian SSF,Indian Single Stock Futures,HCL Technologies Futures,KGI,21,0.25,1,LiquidityProvider,T+1,FY20
10238,10238,Quantree Investment,China,ActiveBroker,ActiveTrader,LiquidityProvider,MarketMaker,KOHBRENNA|TANBHS,NLT,Client,55337.1,0,16.4,ZHDB,2021-07,USD,S888,2021,Q3,7,2H,27.348,Buy-Side,Merrill Lynch,Albania,LiquidityProvider,Academic,1,Omnibus,300,1255.428,12.771,14.5125,Quantree Investment,Tier 3,Kenny Groth,,Financials,Equity Derivatives,Equity,SSF,Indian SSF,Indian Single Stock Futures,HDFC Bank Futures,Mizuho SG,22,0.5,1,MarketMaker,T+1,FY24
10238,10238,Quantree Investment,Commodities Sales,ActiveBroker,ActiveTrader,LiquidityProvider,MarketMaker,LIYAN,Screen,Client,3.5,1931.16,312,ZIIB,2021-08,USD,S078,2021,Q3,8,2H,7316.88,PTG,Citigroup Prop,Albania,ActiveTrader,Academic,1,China,10,6935.04,935.25,0,Quantree Investment,Tier 3,William Gulya,,Financials,Equity Derivatives,Equity,SSF,Indian SSF,Indian Single Stock Futures,IndusInd Bank Futures,Goldman Sachs,21,1,1,ActiveBroker,T+1,FY21
10238,10238,Quantree Investment,America NBS,ActiveBroker,ActiveTrader,LiquidityProvider,MarketMaker,LIYAN,Screen,Client,130.8,0,704,ZINF,2024-11,USD,S560,2024,Q4,11,2H,10548.4848,Buy-Side,Fubon Asset Management,Albania,LiquidityProvider,Academic,1,Europe,5,6623.1438,3013.75625,0,Quantree Investment,China,Britney Tan Hwee Sian,,Financials,Equity Derivatives,Equity,SSF,Indian SSF,Indian Single Stock Futures,Infosys Futures,Goldman Sachs,21,1,1,ActiveTrader,T,FY20
10238,10238,Quantree Investment,International Sales RM,ActiveBroker,ActiveTrader,LiquidityProvider,MarketMaker,WENKR,NLT,Client,4085.25,2900,1165,ZKMB,2025-06,USD,S888,2024,Q2,6,1H,71258,Trading Firms,EGMF Master LP,Albania,MarketMaker,Academic,1,China,71,671.5611,66094.182,0,Quantree Investment,Tier 1,David Wang Lipeng,,Financials,Equity Derivatives,Equity,SSF,Indian SSF,Indian Single Stock Futures,Kotak Mahindra Bank Futures,Barclays,22,1,1,LiquidityProvider,T,FY26
10238,10238,Quantree Investment,China,ActiveBroker,ActiveTrader,LiquidityProvider,MarketMaker,LEEJW,Screen,Client,1900,0,13.65,ZMM,2024-01,USD,S020,2023,Q1,1,1H,797.25,PTG,Undisclosed,Albania,LiquidityProvider,Academic,1,USA,16,3.87,64.5,0,Quantree Investment,Commods,Richard Wenk,,Financials,Equity Derivatives,Equity,SSF,Indian SSF,Indian Single Stock Futures,Mahindra & Mahindra Futures,BPI,18,1,1,ActiveBroker,T+1,FY26
10238,10238,Quantree Investment,China,ActiveBroker,ActiveTrader,LiquidityProvider,MarketMaker,KOHBRENNA,Screen,Client,1020,1467.17,840,ZMSI,2025-04,USD,S108,2024,Q2,4,1H,541.8,Trading Firms,CITIC Securities Brokerage (HK) Limited,Albania,LiquidityProvider,Academic,1,SG ROA,2518.75,110.94,11485.386,491.4866987,Quantree Investment,Tier 1,Britney Tan Hwee Sian,,Financials,Equity Derivatives,Equity,SSF,Indian SSF,Indian Single Stock Futures,Maruti Suzuki India Futures,Citigroup,21,1,1,ActiveBroker,T,FY14
10238,10238,Quantree Investment,SGROA NBS,ActiveBroker,ActiveTrader,LiquidityProvider,MarketMaker,LUSHB|KOHBRENNA,Screen,Client,1700,31.70731707,9606,ZONG,2021-03,SGD,S883,2020,Q1,3,1H,128.226,Brokerage/Agency,Goldman Sachs Omnibus,Albania,LiquidityProvider,Academic,0.25,Europe,531,351.912,2895.3405,0,Quantree Investment,AMAO,Kenny Groth,,Financials,Equity Derivatives,Equity,SSF,Indian SSF,Indian Single Stock Futures,Oil & Natural Gas Corp Futures,JP Morgan,19,1,1,ActiveTrader,T,FY24
10238,10238,Quantree Investment,SGROA NBS,ActiveBroker,ActiveTrader,LiquidityProvider,MarketMaker,TANBHS|WENKR,NLT,Client,605.2,0.957003748,1080,ZPWG,2023-03,USD,S011,2022,Q1,3,1H,1711.83,Bank Trading Desks,Capstone Investment,Albania,ActiveBroker,Academic,0.5,SG ROA,1740,5.1213,348.3,0,Quantree Investment,Tier 1,Renaud Gocsei,,Financials,Equity Derivatives,Equity,SSF,Indian SSF,Indian Single Stock Futures,Power Grid Corp of India Futures,SG Securities,21,1,1,ActiveTrader,T,FY14
10238,10238,Quantree Investment,Commodities Sales,ActiveBroker,ActiveTrader,LiquidityProvider,MarketMaker,LUSHB|KOHBRENNA,Screen,House,100,0,-8190.86,ZRILA,2024-09,USD,S092,2024,Q3,9,2H,387,Buy-Side,Saxo Bank,Albania,LiquidityProvider,Academic,0.5,Europe,60,67.66695,384.42,0,Quantree Investment,Tier 3,Kenny Groth,,Financials,Equity Derivatives,Equity,SSF,Indian SSF,Indian Single Stock Futures,Reliance Industries Futures,Merrill Lynch,21,1,1,LiquidityProvider,T+1,FY23
10238,10238,Quantree Investment,Europe NBS,ActiveBroker,ActiveTrader,LiquidityProvider,MarketMaker,WANGD,NLT,Client,0.85,921.6,16,ZSBI,2024-08,USD,S020,2024,Q3,8,2H,414.0255,Buy-Side,Balyasny Asset Management,Albania,LiquidityProvider,Academic,1,USA,6,62.8875,80.625,7784.7501,Quantree Investment,Tier 2,Brenna Koh,,Financials,Equity Derivatives,Equity,SSF,Indian SSF,Indian Single Stock Futures,State Bank of India Futures,SG Securities,21,1,1,LiquidityProvider,T+1,FY19
10238,10238,Quantree Investment,International Sales RM,ActiveBroker,ActiveTrader,LiquidityProvider,MarketMaker,TOHL,Screen,Client,108,0,0.6,ZSEA,2024-12,USD,S009,2024,Q4,12,2H,54858.54,PTG,Jump Trading,Albania,LiquidityProvider,Academic,1,SG ROA,1019,5080.714012,4403.286,9.81045,Quantree Investment,GAM,Britney Tan Hwee Sian,,Financials,Equity Derivatives,Equity,SSF,USA SSF,USA Single Stock Futures,SEA Futures,SG Securities,18,1,1,LiquidityProvider,T+1,FY15
10238,10238,Quantree Investment,America NBS,ActiveBroker,ActiveTrader,LiquidityProvider,MarketMaker,WANGD,Screen,Client,2083.8,5784.202563,0,ZTAM,2022-10,USD,S018,2022,Q4,10,2H,774,Bank Trading Desks,Optiver,Albania,ActiveBroker,Academic,1,SG ROA,216.25,0,150.93,0,Quantree Investment,Commods,Renaud Gocsei,,Financials,Equity Derivatives,Equity,SSF,Indian SSF,Indian Single Stock Futures,Tata Motors Passenger Vehicles Futures,Goldman Sachs,18,1,1,LiquidityProvider,T,FY17
10238,10238,Quantree Investment,GAM,ActiveBroker,ActiveTrader,LiquidityProvider,MarketMaker,LUSHB,NLT,House,160.6,2385.986214,24,ZTAT,2023-12,USD,S660,2023,Q4,12,2H,77.4,Brokerage/Agency,Millennium Capital Management,Albania,LiquidityProvider,Academic,0.25,Omnibus,115,74.4975,882.36,15296.4975,Quantree Investment,GAM,Toh Li,,Financials,Equity Derivatives,Equity,SSF,Indian SSF,Indian Single Stock Futures,Tata Steel Futures,Morgan Stanley,22,1,1,MarketMaker,T+1,FY19
10238,10238,Quantree Investment,SGROA NBS,ActiveBroker,ActiveTrader,LiquidityProvider,MarketMaker,LEEKJ,Screen,Client,8763,0,22,ZTCS,2022-09,USD,S389,2022,Q3,9,2H,24.6,Buy-Side,K2J Global IFSC,Albania,ActiveBroker,Academic,1,USA,131932,24.6,432.0855,0,Quantree Investment,Commods,Vivian Wang Min,,Financials,Equity Derivatives,Equity,SSF,Indian SSF,Indian Single Stock Futures,Tata Consult Svc Futures,JP Morgan,21,1,1,ActiveBroker,T,FY16
10238,10238,Quantree Investment,GAM,ActiveBroker,ActiveTrader,LiquidityProvider,MarketMaker,WANGD,Screen,Client,114,0,22,ZTEC,2023-05,USD,S020,2022,Q2,5,1H,32.25,Trading Firms,Cathay Futures Agency,Albania,LiquidityProvider,Academic,1,Europe,17091,116.1,77.4,0,Quantree Investment,Tier 1,Jun Won Lee,,Financials,Equity Derivatives,Equity,SSF,Indian SSF,Indian Single Stock Futures,Tech Mahindra Futures,Marex,21,1,1,LiquidityProvider,T+1,FY14
10238,10238,Quantree Investment,SGROA RM,ActiveBroker,ActiveTrader,LiquidityProvider,MarketMaker,LUSHB,NLT,Client,12523.5,990,45.1,ZUTC,2024-06,USD,S020,2023,Q2,6,1H,1872.435,Trading Firms,Verscale,Albania,ActiveTrader,Academic,1,Omnibus,3229.75,1985.6325,13880.4,0,Quantree Investment,GAM,Richard Wenk,,Financials,Equity Derivatives,Equity,SSF,Indian SSF,Indian Single Stock Futures,UltraTech Cement Futures,StoneX,21,0.25,1,LiquidityProvider,T+1,FY13
21647,21647,Qube,Europe NBS,ActiveBroker,ActiveTrader,LiquidityProvider,MarketMaker,KOHBRENNA,NLT,Client,600,1867.231514,425,ACFO,2021-06,USD,S560,2020,Q2,6,1H,567.6,Buy-Side,Cathay Futures Agency,Aland Islands,LiquidityProvider,Advisory Firm,1,Europe,3,580.5,77.4,104.232,Qube,Tier 2,Penny Pan Ranran,,Commods,Commods,Coking Coal,Coking Coal,Coking Coal,Coking Coal,Coking Coal Options on Futures,UBS Futures,19,1,1,LiquidityProvider,T,FY17
21647,21647,Qube,International Sales RM,ActiveBroker,ActiveTrader,LiquidityProvider,MarketMaker,WANGV,Screen,Client,686.4,0,41119.23,BTP,2022-09,USD,S011,2022,Q3,9,2H,-1.677,Trading Firms,Balyasny Asset Management,Aland Islands,ActiveBroker,Advisory Firm,0.5,SG ROA,4,71613.1,6592.8,1306.125,Qube,China,Renaud Gocsei,,Financials,FX/IR,Crypto,Cryptocurrencies,Crypto,SGX Bitcoin Perpetual Futures,SGX Bitcoin Perpetual Futures,Phillip,21,0.25,1,LiquidityProvider,T,FY15
21647,21647,Qube,SGROA RM,ActiveBroker,ActiveTrader,LiquidityProvider,MarketMaker,TANBHS|DAVEYC,Screen,Client,4749,76.67491004,17944.5,BTR,2023-09,USD,S660,2023,Q3,9,2H,1927.26,PTG,Goldman Sachs Omnibus,Aland Islands,ActiveTrader,Advisory Firm,1,China,40,11.851875,368.1918,1862.4375,Qube,Commods,Carl Davey,,Commods,Commods,Dairy,Dairy,Dairy,Dairy,SGX-NZX Global Butter (BTR) Futures,ABN Amro,21,1,1,LiquidityProvider,T+1,FY26
21647,21647,Qube,International Sales RM,ActiveBroker,ActiveTrader,LiquidityProvider,MarketMaker,KOHBRENNA|WANGV,NLT,House,15,0,0.4,C3F,2021-12,USD,S660,2021,Q4,12,2H,696.6,Trading Firms,Undisclosed,Aland Islands,LiquidityProvider,Advisory Firm,1,Omnibus,2982,6589.963491,232.2,2277.7788,Qube,GAM,Renaud Gocsei,,Commods,Commods,FFA,FFA,FFA,FFA,Capesize Route C3 Futures,Merrill Lynch,20,0.25,1,MarketMaker,T,FY16
21647,21647,Qube,GAM,ActiveBroker,ActiveTrader,LiquidityProvider,MarketMaker,KOHBRENNA,NLT,Client,1020,0,2328.6,C5F,2022-12,USD,S078,2022,Q4,12,2H,2496.5886,Brokerage/Agency,Tudor Capital Singapore Pte Ltd,Aland Islands,LiquidityProvider,Advisory Firm,1,SG ROA,2572.75,608.622,48.246,0,Qube,GAM,Kenny Groth,,Commods,Commods,FFA,FFA,FFA,FFA,Capesize Route C5 Futures,Merrill Lynch,21,1,1,LiquidityProvider,T,FY23
21647,21647,Qube,Commodities Sales,ActiveBroker,ActiveTrader,LiquidityProvider,MarketMaker,LEEJW,Screen,Client,3300,0,149.9740837,CX11F,2025-02,SGD,S328,2024,Q1,2,1H,16.77,Buy-Side,Undisclosed,Aland Islands,LiquidityProvider,Advisory Firm,1,Europe,20,18678.56502,3862.26,510.84,Qube,Tier 2,Kenny Groth,,Commods,Commods,FFA,FFA,FFA,FFA,SGX Baltic Container Freight Route FBX11 Futures,Phillip,21,1,1,ActiveTrader,T,FY24
21647,21647,Qube,Commodities Sales,ActiveBroker,ActiveTrader,LiquidityProvider,MarketMaker,KOHBRENNA|GROTHK,NLT,Client,33,0,43.8,CZF,2024-06,USD,S389,2023,Q2,6,1H,917.964,Brokerage/Agency,Contango Shipping Pte Ltd,Aland Islands,LiquidityProvider,Advisory Firm,0.25,Hong Kong,141,6.28875,991.365,0,Qube,Commods,omnibus,,Commods,Commods,FFA,FFA,FFA,FFA,SGX Baltic Capesize Time Charter Average (5 Routes) 182 Futures,SG Securities,19,1,1,ActiveTrader,T,FY21
21647,21647,Qube,Omnibus,ActiveBroker,ActiveTrader,LiquidityProvider,MarketMaker,LEEKJ,Screen,Client,9752.6,0,1141.7,EJP,2021-08,USD,S289,2021,Q3,8,2H,4225.782,Buy-Side,Virtu Financial,Aland Islands,MarketMaker,Advisory Firm,1,Omnibus,60,615.846,2173.16625,53.2125,Qube,Tier 1,Tan Say Liang,,Financials,Equity Derivatives,Equity,Equity Index,EJP,EJP,SGX FTSE Blossom Japan Index Futures,DBS Vickers,21,1,1,LiquidityProvider,T,FY17
21647,21647,Qube,SGROA NBS,ActiveBroker,ActiveTrader,LiquidityProvider,MarketMaker,WENKR,Screen,Client,22251,13250.74627,4080,ETP,2021-11,USD,S108,2021,Q4,11,2H,7.74,Bank Trading Desks,Winton Capital Europe,Aland Islands,ActiveTrader,Advisory Firm,1,Omnibus,12,-5264.49,20839.434,7.74,Qube,Tier 2,Renaud Gocsei,,Financials,FX/IR,Crypto,Cryptocurrencies,Crypto,SGX Ethereum Perpetual Futures,SGX Ethereum Perpetual Futures,JP Morgan,22,1,1,LiquidityProvider,T+1,FY14
21647,21647,Qube,China,ActiveBroker,ActiveTrader,LiquidityProvider,MarketMaker,COHENC,Screen,Client,20,0,100,GINO,2024-05,USD,S061,2023,Q2,5,1H,56.76,PTG,Flow Traders,Aland Islands,LiquidityProvider,Advisory Firm,1,Europe,29,5959.8,19.35,0,Qube,GAM,Craig Cohen,,Financials,Equity Derivatives,Equity,Equity Index,GINO,GIFT Derivatives,GIFT City Index Options,Macquarie,21,0.5,1,MarketMaker,T,FY14
21647,21647,Qube,Commodities Sales,ActiveBroker,ActiveTrader,LiquidityProvider,MarketMaker,WANGV,NLT,Client,150,375,1386,IDR,2025-05,USD,S011,2024,Q2,5,1H,383.13,Buy-Side,HNK Alpha,Aland Islands,ActiveTrader,Advisory Firm,1,China,15,272.835,327.375,0,Qube,Tier 2,Vivian Wang Min,,Financials,FX/IR,FX,FX,IDR,IDR/USD FX Futures,IDR/USD Futures,Marex,21,1,1,LiquidityProvider,T,FY25
21647,21647,Qube,International Sales RM,ActiveBroker,ActiveTrader,LiquidityProvider,MarketMaker,TANBHS|DAVEYC,Screen,Client,136.5,22146.21458,1080,KRW,2021-07,USD,S020,2021,Q3,7,2H,1451.25,PTG,AM Squared Limited,Aland Islands,LiquidityProvider,Advisory Firm,1,China,5806,3284.985,8440.47,0,Qube,Commods,David Wang Lipeng,,Financials,FX/IR,FX,FX,KRW,KRW/USD FX Futures (Full-Sized),KRW/USD FX Futures (Full-Sized),DBS Vickers,22,1,1,LiquidityProvider,T+1,FY15
21647,21647,Qube,China,ActiveBroker,ActiveTrader,LiquidityProvider,MarketMaker,GROTHK,NLT,Client,4581,2.371532847,450,M42F,2023-01,USD,S061,2022,Q1,1,1H,691.3368,Brokerage/Agency,Millennium Capital Management,Aland Islands,LiquidityProvider,Advisory Firm,1,Europe,20,-2257.5,2078.835,0,Qube,Tier 1,Renaud Gocsei,,Commods,Commods,Thermal Coal,Thermal Coal,Thermal Coal,Thermal Coal,IHS McCloskey M42 - Indonesian 4200kc GAR FOB Ther,Goldman Sachs,19,1,1,ActiveTrader,T+1,FY19
21647,21647,Qube,GAM,ActiveBroker,ActiveTrader,LiquidityProvider,MarketMaker,CHIALPL,Screen,Client,63483.2,71100.60603,1025,MEG,2022-05,USD,S660,2021,Q2,5,1H,1935,PTG,Merrill Lynch,Aland Islands,MarketMaker,Advisory Firm,1,China,2,9.3138,2.41875,0,Qube,Tier 3,Craig Cohen,,Commods,Commods,Petchem,Petchem,Petchem,Petchem,ICIS MEG CFR China Swap,DBS Vickers,19,1,1,LiquidityProvider,T+1,FY22
21647,21647,Qube,GAM,ActiveBroker,ActiveTrader,LiquidityProvider,MarketMaker,WANGD|WANGV,Screen,Client,25.33,0,2713.5,MEGF,2023-07,USD,S016,2023,Q3,7,2H,4.257,Brokerage/Agency,Mitsubishi RTM,Aland Islands,LiquidityProvider,Advisory Firm,1,Omnibus,385,4067.37,14936.394,0,Qube,Tier 1,Renaud Gocsei,,Commods,Commods,Petchem,Petchem,Petchem,Petchem,ICIS MEG CFR China Futures,GH Financials,18,1,1,LiquidityProvider,T,FY24
21647,21647,Qube,America NBS,ActiveBroker,ActiveTrader,LiquidityProvider,MarketMaker,KOHBRENNA|WANGV,Screen,Client,0.47,3.6,424.8,MKP,2022-10,USD,S883,2022,Q4,10,2H,387,Brokers Prop,Tata NKY Shipping,Aland Islands,LiquidityProvider,Advisory Firm,0.5,Omnibus,1016,570.825,25.155,423.765,Qube,China,Britney Tan Hwee Sian,,Commods,Commods,Dairy,Dairy,Dairy,Dairy,SGX-NZX NZ Milk Price (MKP) Futures,Barclays,21,1,1,MarketMaker,T+1,FY18
21647,21647,Qube,GAM,ActiveBroker,ActiveTrader,LiquidityProvider,MarketMaker,KOHBRENNA|LEEKJ,NLT,Client,62385.4,288.75,814.88,MTWD,2023-03,USD,S020,2022,Q1,3,1H,56.76,Brokerage/Agency,HRTC,Aland Islands,MarketMaker,Advisory Firm,1,SG ROA,20,1256.46,193.5,0,Qube,Commods,Kenneth Ng Say Chong,,Financials,FX/IR,FX,FX,MTWD,SGX TWD/USD FX (Micro) Futures,SGX TWD/USD FX (Micro) Futures,KGI,20,1,1,LiquidityProvider,T,FY19
21647,21647,Qube,GAM,ActiveBroker,ActiveTrader,LiquidityProvider,MarketMaker,KOHBRENNA,Screen,Client,20,0,59361.85,MUC,2022-06,USD,S660,2021,Q2,6,1H,4927.284,Trading Firms,Merrill Lynch,Aland Islands,LiquidityProvider,Advisory Firm,1,Omnibus,2735,3034.026478,6104.925,127.323,Qube,GAM,Kenny Groth,,Financials,FX/IR,FX,FX,MUC,USD/CNH Futures,USD/CNH FX Futures Mini,KGI,19,1,1,LiquidityProvider,T+1,FY14
21647,21647,Qube,China,ActiveBroker,ActiveTrader,LiquidityProvider,MarketMaker,TANBHS|DAVEYC,Screen,Client,4155.8,133.097455,300,NJ,2021-02,USD,S660,2020,Q1,2,1H,63.21,Buy-Side,Guangfa Futures,Aland Islands,ActiveTrader,Advisory Firm,1,Hong Kong,320,1172.6,6704.646,1198.7712,Qube,Commods,Penny Pan Ranran,,Commods,Commods,Oil,Oil,Oil,Oil,Naphtha Swap CFR Japan,Marex,21,1,1,LiquidityProvider,T+1,FY14
21647,21647,Qube,Omnibus,ActiveBroker,ActiveTrader,LiquidityProvider,MarketMaker,MACCHIONEP,Screen,Client,27,0,25.5,NKO,2022-04,USD,S018,2021,Q2,4,1H,1256.976,Brokerage/Agency,Undisclosed,Aland Islands,ActiveBroker,Advisory Firm,1,USA,13375,1223.3715,823.02,0,Qube,Commods,Brenna Koh,,Financials,Equity Derivatives,Equity,Equity Index,NKO,Nikkei 225 Options,Nikkei 225 Options,SG Securities,18,1,1,MarketMaker,T+1,FY18
21647,21647,Qube,GAM,ActiveBroker,ActiveTrader,LiquidityProvider,MarketMaker,KOHBRENNA,Screen,Client,5225,0,18668,NS,2024-11,USD,S883,2024,Q4,11,2H,193.5,Brokers Prop,Merrill Lynch,Aland Islands,ActiveTrader,Advisory Firm,1,SG ROA,33346.5,129,22.2525,306444.2154,Qube,Tier 1,Brenna Koh,,Financials,Equity Derivatives,Equity,Equity Index,NS,NIKKEI 225 MINI,NIKKEI 225 MINI,SG Securities,19,1,1,LiquidityProvider,T+1,FY16
21647,21647,Qube,International Sales RM,ActiveBroker,ActiveTrader,LiquidityProvider,MarketMaker,TANSY,Screen,Client,1470,0,12.3,NSP,2023-02,USD,S011,2022,Q1,2,1H,1813.74,PTG,Transtrend,Aland Islands,LiquidityProvider,Advisory Firm,1,Omnibus,993,3835.557,840.564,0,Qube,Tier 2,Tan Say Liang,,Financials,Equity Derivatives,Equity,MSCI NTR,MSCI NTR,MSCI Singapore NTR (USD) Index Futures,MSCI Singapore NTR (USD) Index Futures,Phillip,19,1,1,LiquidityProvider,T+1,FY17
21647,21647,Qube,Omnibus,ActiveBroker,ActiveTrader,LiquidityProvider,MarketMaker,LIYAN,Screen,Client,475,0,-14.49114306,RBF,2025-09,USD,S888,2025,Q3,9,2H,2469.06,Trading Firms,Centiva Capital,Aland Islands,ActiveTrader,Advisory Firm,1,Omnibus,12073,0,15897.96,0,Qube,GAM,David Wang Lipeng,,Commods,Commods,Rebar,Rebar,Rebar,Rebar,SGX Mysteel Shanghai Rebar (USD) Futures,Merrill Lynch,18,0.25,1,ActiveTrader,T,FY14
21647,21647,Qube,America NBS,ActiveBroker,ActiveTrader,LiquidityProvider,MarketMaker,GROTHK,NLT,Client,14064,0,5.1,RT,2023-08,USD,S020,2023,Q3,8,2H,42.57,PTG,Maven Investment Partners Limited,Aland Islands,LiquidityProvider,Advisory Firm,1,China,8,94.78008413,363.78,0,Qube,Tier 2,Renaud Gocsei,,Commods,Commods,Rubber,Rubber,Rubber,Rubber,Rubber,Barclays,22,1,1,LiquidityProvider,T+1,FY15
21647,21647,Qube,Commodities Sales,ActiveBroker,ActiveTrader,LiquidityProvider,MarketMaker,GROTHK,Screen,Client,60,1909.486898,356.8519574,SMPO,2022-11,USD,S339,2022,Q4,11,2H,100842.8648,PTG,CSC Commodities UK LTD,Aland Islands,ActiveTrader,Advisory Firm,1,SG ROA,6818,68.8215,33.54,1672.875682,Qube,China,David Chiam,,Commods,Commods,Dairy,Dairy,Dairy,Dairy,SGX-NZX Global Skim Milk Powder (SMP) Options,JP Morgan,21,1,1,LiquidityProvider,T,FY16
21647,21647,Qube,America NBS,ActiveBroker,ActiveTrader,LiquidityProvider,MarketMaker,LEEJW,Screen,Client,2490,0,1002.4,ST,2022-01,USD,S888,2021,Q1,1,1H,583.08,Trading Firms,Goldman Sachs Omnibus,Aland Islands,LiquidityProvider,Advisory Firm,1,Europe,128,175.956,170.28,0,Qube,GAM,Yan Xuan Li,,Financials,Equity Derivatives,Equity,Equity Index,ST,Straits Times Index Futures,Straits Times Index Futures,KGI,19,0.5,1,ActiveTrader,T+1,FY21
21647,21647,Qube,SGROA RM,ActiveBroker,ActiveTrader,LiquidityProvider,MarketMaker,TANBHS|DAVEYC,Screen,Client,44.85,0,486,TFO,2021-09,USD,S350,2021,Q3,9,2H,464.4,Buy-Side,Value Opportunities VCC - QIO Fund,Aland Islands,ActiveTrader,Advisory Firm,1,Omnibus,350,39.26304884,696.6,9129.668625,Qube,Tier 3,Yan Xuan Li,,Commods,Commods,Rubber,Rubber,Rubber,Rubber,SICOM TSR 20 Rubber Options,Morgan Stanley,18,0.25,1,LiquidityProvider,T,FY15
21647,21647,Qube,Commodities Sales Europe,ActiveBroker,ActiveTrader,LiquidityProvider,MarketMaker,DAVEYC|LEEKJ,Screen,Client,48,0,36900.64,TONA,2024-09,USD,S016,2024,Q3,9,2H,322.5,Buy-Side,Fidelity Management & Research Co.,Aland Islands,LiquidityProvider,Advisory Firm,1,USA,8,1317.735,83.205,129,Qube,China,omnibus,,Financials,FX/IR,Interest Rates,Interest Rates,TONA,SGX Three-Month Tokyo Overnight Average Rate (TONA) Futures,SGX Three-Month Tokyo Overnight Average Rate (TONA) Futures,Phillip,18,1,1,ActiveTrader,T,FY14
21647,21647,Qube,International Sales RM,ActiveBroker,ActiveTrader,LiquidityProvider,MarketMaker,LUSHB|KOHBRENNA,Screen,Client,15642,0,60,TWD,2024-02,USD,S092,2023,Q1,2,1H,977.562,Brokerage/Agency,Millennium Capital Management,Aland Islands,LiquidityProvider,Advisory Firm,1,China,4728.75,1548,25401.55,0,Qube,Tier 3,Renaud Gocsei,,Financials,FX/IR,FX,FX,TWD,TWD/USD FX Futures (Full-Sized),TWD/USD FX Futures (Full-Sized),Barclays,19,1,1,ActiveBroker,T,FY21
21647,21647,Qube,Commodities Sales Europe,ActiveBroker,ActiveTrader,LiquidityProvider,MarketMaker,LIYAN,Screen,Client,44,0,6008.4,UY,2024-01,USD,S078,2023,Q1,1,1H,164.475,Brokerage/Agency,AQR Asset Management,Aland Islands,MarketMaker,Advisory Firm,1,Hong Kong,150,954.4530955,28.38,0,Qube,Tier 2,David Chiam,,Financials,FX/IR,FX,FX,UY,USD/JPY (STANDARD) FX,USD/JPY (STANDARD) FX,Goldman Sachs,21,1,1,ActiveTrader,T+1,FY26
21647,21647,Qube,GAM,ActiveBroker,ActiveTrader,LiquidityProvider,MarketMaker,KOHBRENNA,NLT,Client,6138,1000.65,18.45,WMP,2022-07,USD,S078,2022,Q3,7,2H,37.41,PTG,Undisclosed,Aland Islands,LiquidityProvider,Advisory Firm,1,Europe,490,696.6,27.6705,0,Qube,China,Bobby Lush,,Commods,Commods,Dairy,Dairy,Dairy,Dairy,SGX-NZX Global Whole Milk Powder (WMP) Futures,Morgan Stanley,22,1,1,ActiveTrader,T,FY25
21647,21647,Qube,China,ActiveBroker,ActiveTrader,LiquidityProvider,MarketMaker,TANSY,NLT,Client,3300.5,0,18550.4,WMPO,2023-06,USD,S009,2022,Q2,6,1H,32.25,PTG,SINOIF International,Aland Islands,MarketMaker,Advisory Firm,1,SG ROA,770,323.870625,977.85,0,Qube,Tier 3,Jason Lee,,Commods,Commods,Dairy,Dairy,Dairy,Dairy,SGX-NZX Global Whole Milk Powder (WMP) Options,KGI,21,1,1,ActiveTrader,T,FY19
21647,21647,Qube,China,ActiveBroker,ActiveTrader,LiquidityProvider,MarketMaker,LIYAN,Screen,Client,4850,0,123.9168484,YDBS,2024-12,USD,S016,2024,Q4,12,2H,5669.6145,Trading Firms,Undisclosed,Aland Islands,ActiveTrader,Advisory Firm,0.25,USA,1040,351.912,283.8,766.8272077,Qube,Tier 1,Tan Say Liang,,Financials,Equity Derivatives,Equity,SSF,Singapore SSF,Singapore Single Stock Futures,DBS Futures,SG Securities,22,1,1,MarketMaker,T,FY24
21647,21647,Qube,SGROA RM,ActiveBroker,ActiveTrader,LiquidityProvider,MarketMaker,TOHL,Screen,Client,61.5,0,1440.774648,ZBAF,2022-08,USD,S389,2022,Q3,8,2H,15480,Buy-Side,D.E. Shaw,Aland Islands,MarketMaker,Advisory Firm,1,Hong Kong,105,516,158.67,0,Qube,China,Bobby Lush,,Financials,Equity Derivatives,Equity,SSF,Indian SSF,Indian Single Stock Futures,Bajaj Finance Futures,Macquarie,19,0.25,1,LiquidityProvider,T+1,FY26
21647,21647,Qube,International Sales RM,ActiveBroker,ActiveTrader,LiquidityProvider,MarketMaker,JUDGEM|TANSY,Screen,Client,4080,0,12850,ZBHA,2023-11,USD,S092,2023,Q4,11,2H,25.8,Brokerage/Agency,Undisclosed,Aland Islands,LiquidityProvider,Advisory Firm,1,SG ROA,40,644.226,1,0,Qube,Tier 3,Brenna Koh,,Financials,Equity Derivatives,Equity,SSF,Indian SSF,Indian Single Stock Futures,Bharti Airtel Futures,JP Morgan,21,1,1,ActiveTrader,T,FY15
21647,21647,Qube,China,ActiveBroker,ActiveTrader,LiquidityProvider,MarketMaker,JUDGEM,Screen,Client,134.55,14.25,174.525,ZBJA,2025-08,USD,S883,2025,Q3,8,2H,384739.146,Brokerage/Agency,Berge Bulk Service Inc.,Aland Islands,MarketMaker,Advisory Firm,0.25,SG ROA,9,380.55,2911,0,Qube,Tier 1,Richard Wenk,,Financials,Equity Derivatives,Equity,SSF,Indian SSF,Indian Single Stock Futures,Bajaj Auto Futures,Phillip,19,1,1,LiquidityProvider,T,FY15
21647,21647,Qube,China,ActiveBroker,ActiveTrader,LiquidityProvider,MarketMaker,KOHBRENNA,Screen,Client,16.25,0,28972.72,ZBOS,2024-03,USD,S011,2023,Q1,3,1H,3975.3285,Buy-Side,HNK Alpha,Aland Islands,LiquidityProvider,Advisory Firm,1,Hong Kong,60,64.5,6177.81,0,Qube,Tier 1,William Gulya,,Financials,Equity Derivatives,Equity,SSF,Indian SSF,Indian Single Stock Futures,Bosch Futures,Merrill Lynch,22,1,1,LiquidityProvider,T,FY25
21647,21647,Qube,China,ActiveBroker,ActiveTrader,LiquidityProvider,MarketMaker,TOHL,Screen,Client,2512.4,2536.82,165.87,ZCIP,2024-10,USD,S560,2024,Q4,10,2H,3120.846705,Buy-Side,RV Capital,Aland Islands,LiquidityProvider,Advisory Firm,1,China,420,1887.27,3386.25,0,Qube,Commods,Craig Cohen,,Financials,Equity Derivatives,Equity,SSF,Indian SSF,Indian Single Stock Futures,Cipla Ltd India Futures,ABN Amro,19,1,1,LiquidityProvider,T,FY25
21647,21647,Qube,International Sales RM,ActiveBroker,ActiveTrader,LiquidityProvider,MarketMaker,TANBHS|DAVEYC,Screen,Client,612,0,176.8,ZCOA,2021-05,USD,S011,2020,Q2,5,1H,2564.904237,Buy-Side,RG Niederhoffer Capital Management,Aland Islands,MarketMaker,Advisory Firm,1,SG ROA,4,844.176,29.025,34328.19467,Qube,Tier 2,Kenny Groth,,Financials,Equity Derivatives,Equity,SSF,Indian SSF,Indian Single Stock Futures,Coal India Futures,JP Morgan,20,1,1,MarketMaker,T,FY25
21647,21647,Qube,SGROA NBS,ActiveBroker,ActiveTrader,LiquidityProvider,MarketMaker,WENKR,NLT,Client,1430,0,7,ZHCL,2024-04,USD,S288,2023,Q2,4,1H,611.46,Buy-Side,Verition Fund Management LLC,Aland Islands,ActiveTrader,Advisory Firm,1,USA,3,110.295,4.1925,0,Qube,Commods,Britney Tan Hwee Sian,,Financials,Equity Derivatives,Equity,SSF,Indian SSF,Indian Single Stock Futures,HCL Technologies Futures,HGNH,21,1,1,ActiveTrader,T+1,FY14
21647,21647,Qube,America NBS,ActiveBroker,ActiveTrader,LiquidityProvider,MarketMaker,LIYAN,Screen,House,200,0,1914,ZHDB,2022-02,SGD,S108,2021,Q1,2,1H,64.5,PTG,XTX Markets,Aland Islands,LiquidityProvider,Advisory Firm,1,Hong Kong,50,5268.130452,36.5715,13409.2662,Qube,Tier 2,Brenna Koh,,Financials,Equity Derivatives,Equity,SSF,Indian SSF,Indian Single Stock Futures,HDFC Bank Futures,Marex,19,1,1,ActiveTrader,T,FY17
21647,21647,Qube,America NBS,ActiveBroker,ActiveTrader,LiquidityProvider,MarketMaker,WANGD,Screen,Client,549,0,381.15,ZHPC,2021-04,USD,S560,2020,Q2,4,1H,553.41,Buy-Side,Jump Trading,Aland Islands,LiquidityProvider,Advisory Firm,1,SG ROA,570.5,148.0275,642.42,232.2,Qube,China,Bobby Lush,,Financials,Equity Derivatives,Equity,SSF,Indian SSF,Indian Single Stock Futures,Hindustan Petroleum Corp Futures,SG Securities,18,0.125,1,LiquidityProvider,T,FY18
21647,21647,Qube,Commodities Sales,ActiveBroker,ActiveTrader,LiquidityProvider,MarketMaker,LUSHB|KOHBRENNA,Screen,Client,24675,0,382.7633333,ZIIB,2022-03,USD,S020,2021,Q1,3,1H,90.3,Trading Firms,Citigroup Prop,Aland Islands,ActiveBroker,Advisory Firm,1,SG ROA,3550,35.82975,1418.6,0,Qube,China,Renaud Gocsei,,Financials,Equity Derivatives,Equity,SSF,Indian SSF,Indian Single Stock Futures,IndusInd Bank Futures,HGNH,22,1,1,ActiveTrader,T,FY20
21647,21647,Qube,International Sales RM,ActiveBroker,ActiveTrader,LiquidityProvider,MarketMaker,LEEKJ,NLT,Client,7275,0,480,ZINF,2025-06,USD,S560,2024,Q2,6,1H,383.13,Others,Millennium Capital Management,Aland Islands,LiquidityProvider,Advisory Firm,1,China,167,959.6138244,1238.4,13172.78139,Qube,Tier 3,Yan Xuan Li,,Financials,Equity Derivatives,Equity,SSF,Indian SSF,Indian Single Stock Futures,Infosys Futures,ADMIS,22,1,1,ActiveTrader,T,FY17
21647,21647,Qube,SGROA RM,ActiveBroker,ActiveTrader,LiquidityProvider,MarketMaker,WANGD,NLT,Client,375,87.50539957,420,ZMM,2024-08,USD,S288,2024,Q3,8,2H,14.19,PTG,HRTC,Aland Islands,LiquidityProvider,Advisory Firm,1,Omnibus,0.375,4578.21,3359.16,12138.126,Qube,Tier 2,Kenny Groth,,Financials,Equity Derivatives,Equity,SSF,Indian SSF,Indian Single Stock Futures,Mahindra & Mahindra Futures,DBS Vickers,18,1,1,ActiveTrader,T,FY17
21647,21647,Qube,China,ActiveBroker,ActiveTrader,LiquidityProvider,MarketMaker,DAVEYC,Screen,Client,75561.2,0,567.6,ZNTP,2021-01,USD,S078,2020,Q1,1,1H,-9241.8825,Buy-Side,BNP Paribas Omnibus,Aland Islands,LiquidityProvider,Advisory Firm,1,USA,70,268.55,20.64,0,Qube,Tier 1,Yan Xuan Li,,Financials,Equity Derivatives,Equity,SSF,Indian SSF,Indian Single Stock Futures,NTPC Futures,Goldman Sachs,19,1,1,ActiveBroker,T+1,FY24
21647,21647,Qube,America NBS,ActiveBroker,ActiveTrader,LiquidityProvider,MarketMaker,COHENC,Screen,Client,1858.3,0,1497.76,ZONG,2021-10,USD,S339,2021,Q4,10,2H,387,Buy-Side,Wellington,Aland Islands,ActiveBroker,Advisory Firm,0.25,Europe,15431,8.514,4.515,0,Qube,Tier 2,Kenny Groth,,Financials,Equity Derivatives,Equity,SSF,Indian SSF,Indian Single Stock Futures,Oil & Natural Gas Corp Futures,BPI,19,0.25,1,LiquidityProvider,T,FY23
21647,21647,Qube,China,ActiveBroker,ActiveTrader,LiquidityProvider,MarketMaker,KOHBRENNA|LEEKJ,Screen,Client,146942.4,0,252,ZPWG,2023-10,USD,S009,2023,Q4,10,2H,39.732,Brokerage/Agency,Crabel Capital Management LLC,Aland Islands,MarketMaker,Advisory Firm,1,SG ROA,15162,1.935,6243.6,0,Qube,Commods,Richard Wenk,,Financials,Equity Derivatives,Equity,SSF,Indian SSF,Indian Single Stock Futures,Power Grid Corp of India Futures,Merrill Lynch,22,0.25,1,MarketMaker,T+1,FY18
21647,21647,Qube,HK NBS,ActiveBroker,ActiveTrader,LiquidityProvider,MarketMaker,CHIALPL,Screen,Client,14262,0,27161.36505,ZRILA,2025-04,SGD,S328,2024,Q2,4,1H,262.4505,Buy-Side,Yuanta Securities Korea (Client),Aland Islands,ActiveBroker,Advisory Firm,0.25,Hong Kong,2513,14.19,130.29,0,Qube,Tier 3,Jun Won Lee,,Financials,Equity Derivatives,Equity,SSF,Indian SSF,Indian Single Stock Futures,Reliance Industries Futures,SG Securities,21,1,1,ActiveTrader,T,FY19
21647,21647,Qube,HK NBS,ActiveBroker,ActiveTrader,LiquidityProvider,MarketMaker,KOHBRENNA,Screen,Client,0.24,618.779641,550,ZSBI,2025-03,SGD,S168,2024,Q1,3,1H,885.843,Brokerage/Agency,Millennium Capital Management,Aland Islands,ActiveBroker,Advisory Firm,1,Europe,104310,1716.345,1217.25,18922.85149,Qube,Tier 1,David Wang Lipeng,,Financials,Equity Derivatives,Equity,SSF,Indian SSF,Indian Single Stock Futures,State Bank of India Futures,Phillip,18,1,1,ActiveTrader,T,FY25
21647,21647,Qube,Commodities Sales,ActiveBroker,ActiveTrader,LiquidityProvider,MarketMaker,LUSHB|KOHBRENNA,Screen,Client,6,37789.5252,2025,ZSEA,2025-07,USD,S660,2025,Q3,7,2H,2037.684,PTG,Millennium Capital Management,Aland Islands,LiquidityProvider,Advisory Firm,1,USA,1314,96.75,19388.055,0,Qube,Commods,Britney Tan Hwee Sian,,Financials,Equity Derivatives,Equity,SSF,USA SSF,USA Single Stock Futures,SEA Futures,ABN Amro,21,0.125,1,LiquidityProvider,T,FY12
21647,21647,Qube,GAM,ActiveBroker,ActiveTrader,LiquidityProvider,MarketMaker,KOHBRENNA|TANBHS,Screen,Client,550,0,352.8,ZTAM,2023-05,USD,S018,2022,Q2,5,1H,232.2,Buy-Side,Xinjiang Investment Energy,Aland Islands,LiquidityProvider,Advisory Firm,1,Europe,121,273.0285,1419,63.89874783,Qube,GAM,Vivian Wang Min,,Financials,Equity Derivatives,Equity,SSF,Indian SSF,Indian Single Stock Futures,Tata Motors Passenger Vehicles Futures,Citigroup,21,1,1,LiquidityProvider,T,FY12
21647,21647,Qube,China,ActiveBroker,ActiveTrader,LiquidityProvider,MarketMaker,COHENC,NLT,Client,168,0,1455.076414,ZTAT,2024-07,USD,S001,2024,Q3,7,2H,77.4,PTG,Lighthouse Canton Pte ltd,Aland Islands,LiquidityProvider,Advisory Firm,1,SG ROA,1,39083.13,42.57,46.15491,Qube,Tier 1,John Hogger,,Financials,Equity Derivatives,Equity,SSF,Indian SSF,Indian Single Stock Futures,Tata Steel Futures,JP Morgan,19,1,1,LiquidityProvider,T+1,FY20
21647,21647,Qube,Omnibus,ActiveBroker,ActiveTrader,LiquidityProvider,MarketMaker,JUDGEM,NLT,Client,29,0,175,ZTCS,2023-04,USD,S020,2022,Q2,4,1H,77.4,Trading Firms,Wells Fargo Securities,Aland Islands,ActiveTrader,Advisory Firm,1,Omnibus,8146.25,10114.245,993.3,0,Qube,Commods,David Wang Lipeng,,Financials,Equity Derivatives,Equity,SSF,Indian SSF,Indian Single Stock Futures,Tata Consult Svc Futures,Phillip,20,1,1,ActiveBroker,T,FY22
21647,21647,Qube,GAM,ActiveBroker,ActiveTrader,LiquidityProvider,MarketMaker,COHENC,Screen,Client,65,0,300,ZTEC,2023-12,USD,S328,2023,Q4,12,2H,2064,PTG,Undisclosed,Aland Islands,LiquidityProvider,Advisory Firm,1,Omnibus,19,56580.74827,1935,282.252,Qube,GAM,Richard Wenk,,Financials,Equity Derivatives,Equity,SSF,Indian SSF,Indian Single Stock Futures,Tech Mahindra Futures,JP Morgan,18,1,1,LiquidityProvider,T+1,FY25
21647,21647,Qube,SGROA RM,ActiveBroker,ActiveTrader,LiquidityProvider,MarketMaker,KOHBRENNA|WANGV,Screen,Client,143820.6,15029.175,-6743.602617,ZUTC,2025-01,USD,S007,2024,Q1,1,1H,32.25,Brokerage/Agency,Morgan Stanley House,Aland Islands,LiquidityProvider,Advisory Firm,1,Hong Kong,20,320.694,1653.264,15605.48583,Qube,Commods,William Gulya,,Financials,Equity Derivatives,Equity,SSF,Indian SSF,Indian Single Stock Futures,UltraTech Cement Futures,Morgan Stanley,18,0.125,1,ActiveTrader,T,FY24
21647,21647,Qube,International Sales RM,ActiveBroker,ActiveTrader,LiquidityProvider,MarketMaker,KOHBRENNA,Screen,House,996.6,0,0.65,ZVDA,2021-03,USD,S016,2020,Q1,3,1H,-169.8100381,PTG,Fidelity Management & Research Co.,Aland Islands,ActiveTrader,Advisory Firm,0.25,SG ROA,42.375,258,553.797,0,Qube,Tier 3,Carl Davey,,Financials,Equity Derivatives,Equity,SSF,Indian SSF,Indian Single Stock Futures,Vedanta Limited Futures,SG Securities,21,1,1,ActiveTrader,T,FY12
6216,6216,Qube [Qube Master Fund],SGROA RM,ActiveBroker,ActiveTrader,LiquidityProvider,MarketMaker,WANGV,Screen,Client,501,0,3120,BZ,2025-03,USD,S883,2024,Q1,3,1H,17.028,Trading Firms,Undisclosed,Anguilla,MarketMaker,Academic,1,China,2,3211.75,0,250.2159761,Qube [Qube Master Fund],AMAO,Britney Tan Hwee Sian,,Commods,Commods,Petchem,Petchem,Petchem,Petchem,Platts BZ FOB Korea Swap,Citigroup,22,1,1,MarketMaker,T+1,FY24
6216,6216,Qube [Qube Master Fund],International Sales RM,ActiveBroker,ActiveTrader,LiquidityProvider,MarketMaker,GOCSEIR|TOHL,Screen,Client,730,0,192,BZF,2025-11,USD,S009,2025,Q4,11,2H,296.571,Buy-Side,Nova Marine Carriers,Anguilla,ActiveTrader,Academic,1,China,1557.5,1.774825,3821.238,665.15625,Qube [Qube Master Fund],GAM,Brenna Koh,,Commods,Commods,Petchem,Petchem,Petchem,Petchem,Platts BZ FOB Korea Futures,KGI,19,1,1,ActiveBroker,T,FY23
6216,6216,Qube [Qube Master Fund],SGROA NBS,ActiveBroker,ActiveTrader,LiquidityProvider,MarketMaker,WANGD,Screen,Client,17.1,0,930.8844115,BZN,2025-01,USD,S020,2024,Q1,1,1H,2870,Buy-Side,Glencore International AG,Anguilla,ActiveTrader,Academic,1,Europe,1,6708,426.232125,3195.344513,Qube [Qube Master Fund],Commods,Renaud Gocsei,,Commods,Commods,Petchem,Petchem,Petchem,Petchem,BZ-Naphtha Spread Swap,KGI,19,1,1,ActiveTrader,T,FY14
6216,6216,Qube [Qube Master Fund],GAM,ActiveBroker,ActiveTrader,LiquidityProvider,MarketMaker,TOHL,NLT,Client,220,0,78,CN,2024-06,USD,S888,2023,Q2,6,1H,774,Brokerage/Agency,Morebro Pte Ltd,Anguilla,LiquidityProvider,Academic,1,SG ROA,1290,9807.498,16318.5,0,Qube [Qube Master Fund],Commods,Craig Cohen,,Financials,Equity Derivatives,Equity,Equity Index,CN,China A50 Index Futures,China A50 Index Futures,ABN Amro,21,1,1,LiquidityProvider,T,FY20
6216,6216,Qube [Qube Master Fund],GAM,ActiveBroker,ActiveTrader,LiquidityProvider,MarketMaker,WANGV,NLT,Client,4801,0,771,CZFO,2023-01,SGD,S660,2022,Q1,1,1H,54.18,Brokerage/Agency,Citigroup Omnibus,Anguilla,LiquidityProvider,Academic,1,Hong Kong,14,7.33e-14,1419,0,Qube [Qube Master Fund],China,David Wang Lipeng,,Commods,Commods,FFA,FFA,FFA,FFA,SGX Options on Baltic Capesize Time Charter Average (5 Routes) 182 Futures,DBS Vickers,21,0.125,1,LiquidityProvider,T,FY21
6216,6216,Qube [Qube Master Fund],America NBS,ActiveBroker,ActiveTrader,LiquidityProvider,MarketMaker,LIYAN,Screen,Client,5484,965.6501702,11.7,FCH,2024-12,USD,S061,2024,Q4,12,2H,295.152,Brokerage/Agency,Undisclosed,Anguilla,LiquidityProvider,Academic,1,Omnibus,100,114.81,6284.751,0,Qube [Qube Master Fund],Tier 3,Tashya Zhuo Xiaofan,,Financials,Equity Derivatives,Equity,Equity Index,FCH,FTSE China H50 Index Futures,FTSE China H50 Index Futures,ABN Amro,21,1,1,ActiveTrader,T,FY24
6216,6216,Qube [Qube Master Fund],China,ActiveBroker,ActiveTrader,LiquidityProvider,MarketMaker,GROTHK,NLT,Client,313.95,10.5,66,FEF,2024-11,USD,S660,2024,Q4,11,2H,3450.75,Buy-Side,Prulev Global,Anguilla,LiquidityProvider,Academic,1,China,30,133.8891,619.2,399.09375,Qube [Qube Master Fund],Tier 1,Richard Wenk,,Commods,Commods,Iron ore,Iron ore,Iron Ore,Iron ore,TSI Iron Ore CFR China (62% Fe Fines) Index Future,StoneX,19,1,1,LiquidityProvider,T+1,FY16
6216,6216,Qube [Qube Master Fund],Europe NBS,ActiveBroker,ActiveTrader,LiquidityProvider,MarketMaker,WANGD|WANGV,Screen,Client,7272,76.2,13864.4,FEFO,2024-08,USD,S883,2024,Q3,8,2H,2483.25,Brokerage/Agency,Undisclosed,Anguilla,LiquidityProvider,Academic,0.5,SG ROA,520,0.0774,208.0125,0,Qube [Qube Master Fund],Commods,Richard Wenk,,Commods,Commods,Iron ore,Iron ore,Iron Ore,Iron ore,TSI Iron Ore CFR China (62% FE Fines) Index Future,YongAn,22,1,1,LiquidityProvider,T,FY17
6216,6216,Qube [Qube Master Fund],SGROA RM,ActiveBroker,ActiveTrader,LiquidityProvider,MarketMaker,LUSHB,Screen,Client,4488,0,600,HAF,2024-03,USD,S016,2023,Q1,3,1H,59.598,PTG,Undisclosed,Anguilla,LiquidityProvider,Academic,1,Japan,158,7.224,17349.21,0,Qube [Qube Master Fund],Tier 1,Kenny Groth,,Commods,Commods,FFA,FFA,FFA,FFA,SGX Baltic Handysize Time Charter Average (4 Routes) ATL Futures,BPI,21,1,1,LiquidityProvider,T+1,FY22
6216,6216,Qube [Qube Master Fund],GAM,ActiveBroker,ActiveTrader,LiquidityProvider,MarketMaker,LEEJW,Screen,House,2664.2,0,-63.93169691,HKC,2022-06,USD,S016,2021,Q2,6,1H,12.9,Trading Firms,Jump Trading,Anguilla,LiquidityProvider,Academic,0.5,USA,1690,8886.81,263.16,0,Qube [Qube Master Fund],Commods,David Wang Lipeng,,Financials,FX/IR,FX,FX,HKC,HKD/CNH Futures,HKD/CNH Futures,JP Morgan,19,1,1,ActiveTrader,T,FY14
6216,6216,Qube [Qube Master Fund],America NBS,ActiveBroker,ActiveTrader,LiquidityProvider,MarketMaker,DAVEYC,NLT,Client,3115.2,66,1356.89,HKU,2021-06,USD,S328,2020,Q2,6,1H,14807.5488,Brokerage/Agency,Undisclosed,Anguilla,MarketMaker,Academic,0.25,Europe,11508.5,239.94,577.92,0,Qube [Qube Master Fund],China,Vivian Wang Min,,Financials,FX/IR,FX,FX,HKU,HKD/USD Futures,HKD/USD Futures,Macquarie,21,1,1,ActiveBroker,T+1,FY17
6216,6216,Qube [Qube Master Fund],GAM,ActiveBroker,ActiveTrader,LiquidityProvider,MarketMaker,WANGV,Screen,House,240,0,10351,IN10,2022-08,USD,S289,2022,Q3,8,2H,2167.2,Brokerage/Agency,Goldman House,Anguilla,ActiveTrader,Academic,1,Europe,60,5.805,129,0,Qube [Qube Master Fund],GAM,Richard Wenk,,Financials,FX/IR,Interest Rates,Interest Rates,AGB,SGX FTSE 10-Year India Government Bond Futures,SGX FTSE 10-Year India Government Bond Futures,SG Securities,21,1,1,LiquidityProvider,T+1,FY14
6216,6216,Qube [Qube Master Fund],GAM,ActiveBroker,ActiveTrader,LiquidityProvider,MarketMaker,MACCHIONEP,Screen,Client,15611.2,0,7200,INX,2023-10,USD,S560,2023,Q4,10,2H,1826.64,Brokerage/Agency,DV Trading LLC,Anguilla,LiquidityProvider,Academic,0.125,SG ROA,73,-7.33e-14,96.75,0,Qube [Qube Master Fund],GAM,Renaud Gocsei,,Financials,FX/IR,FX,FX,INX,INR/USD FX Month End Futures,INR/USD FX Month End Futures,Barclays,19,0.5,1,MarketMaker,T,FY14
6216,6216,Qube [Qube Master Fund],China,ActiveBroker,ActiveTrader,LiquidityProvider,MarketMaker,KOHBRENNA|WANGV,Screen,Client,39.62,0,5324.101424,IU,2024-07,USD,S111,2024,Q3,7,2H,77.4,Brokerage/Agency,Winton Capital Europe,Anguilla,ActiveTrader,Academic,1,SG ROA,30,23.22,4171.5375,0,Qube [Qube Master Fund],Tier 3,omnibus,,Financials,FX/IR,FX,FX,IU,INR/USD FX Futures,INR/USD Futures,Barclays,22,1,1,ActiveTrader,T+1,FY23
6216,6216,Qube [Qube Master Fund],China,ActiveBroker,ActiveTrader,LiquidityProvider,MarketMaker,KOHBRENNA|TANBHS,Screen,Client,1056,0,0,KU,2025-12,USD,S061,2025,Q4,12,2H,602.172,Trading Firms,Walleye Capital,Anguilla,ActiveTrader,Academic,1,China,10,398.61,3.096,0,Qube [Qube Master Fund],GAM,Carl Davey,,Financials,FX/IR,FX,FX,KU,KRW/USD FX Futures (Mini),KRW/USD FX Futures (Mini),Citigroup,21,1,1,LiquidityProvider,T,FY15
6216,6216,Qube [Qube Master Fund],Omnibus,ActiveBroker,ActiveTrader,LiquidityProvider,MarketMaker,LUSHB|KOHBRENNA,Screen,Client,138,0,6420,LIHF,2025-09,USD,S138,2025,Q3,9,2H,1.032,Brokerage/Agency,Kiwoom Securities (Client),Anguilla,LiquidityProvider,Academic,1,Omnibus,30,1668.744,382.356,0,Qube [Qube Master Fund],GAM,Vivian Wang Min,,Commods,Commods,Energy Metals,Energy Metals,Energy Metals,Energy Metals,SGX FM Lithium Hydroxide CIF CJK (Battery Grade) Futures,Phillip,19,0.5,1,ActiveBroker,T,FY17
6216,6216,Qube [Qube Master Fund],International Sales RM,ActiveBroker,ActiveTrader,LiquidityProvider,MarketMaker,LUSHB,Screen,Client,46.8,0,924.7,M65F,2025-07,USD,S350,2025,Q3,7,2H,21.672,Brokerage/Agency,Verition Fund Management LLC,Anguilla,MarketMaker,Academic,1,SG ROA,93,24942.15,2483.25,0,Qube [Qube Master Fund],Tier 3,Vivian Wang Min,,Commods,Commods,Iron ore,Iron ore,Iron Ore,Iron ore,MB Iron Ore CFR China (65% Fe Fines) Index Futures,Macquarie,22,1,1,MarketMaker,T,FY26
6216,6216,Qube [Qube Master Fund],China,ActiveBroker,ActiveTrader,LiquidityProvider,MarketMaker,GOCSEIR|TOHL,Screen,Client,0,5324.4,-1.8,MCF,2024-02,USD,S108,2023,Q1,2,1H,9817.416,Buy-Side,China Xin YongAn Futures,Anguilla,ActiveTrader,Academic,0.25,Hong Kong,11436,415.896,1606.8885,0,Qube [Qube Master Fund],Tier 3,Carl Davey,,Commods,Commods,Petchem,Petchem,MCF,ICIS Methanol CFR CN Futures,ICIS Methanol CFR CN Futures,Goldman Sachs,19,1,1,MarketMaker,T+1,FY23
6216,6216,Qube [Qube Master Fund],China,ActiveBroker,ActiveTrader,LiquidityProvider,MarketMaker,KOHBRENNA|WANGV,Screen,Client,16530.8,398.2164179,264.35,MCNAX,2023-06,USD,S288,2022,Q2,6,1H,34.83,Buy-Side,Millennium Capital Management,Anguilla,ActiveBroker,Academic,1,USA,15578,113.52,51.2775,0,Qube [Qube Master Fund],Tier 2,David Chiam,,Financials,Equity Derivatives,Equity,Equity Index,MCA,MSCI AC Asia Ex Japan Climate Action Index Net USD,MSCI AC Asia Ex Japan Climate Action Index Net USD,ADMIS,21,1,1,LiquidityProvider,T,FY15
6216,6216,Qube [Qube Master Fund],China,ActiveBroker,ActiveTrader,LiquidityProvider,MarketMaker,LUSHB|KOHBRENNA,NLT,Client,676.8,77.49076923,19.5,MCNWO,2023-09,USD,S111,2023,Q3,9,2H,0.5805,PTG,DS Norden,Anguilla,LiquidityProvider,Academic,0.5,USA,2217,7.224,393.192,0,Qube [Qube Master Fund],Tier 1,Renaud Gocsei,,Financials,Equity Derivatives,Equity,Equity Index,MCA,MSCI World Climate Action Index Net USD,MSCI World Climate Action Index Net USD,Mizuho SG,22,1,1,ActiveTrader,T,FY25
6216,6216,Qube [Qube Master Fund],SGROA NBS,ActiveBroker,ActiveTrader,LiquidityProvider,MarketMaker,TOHL,Screen,Client,269,0,31.9,MF5F,2025-05,USD,S078,2024,Q2,5,1H,47.085,Brokerage/Agency,Marshall Wace,Anguilla,ActiveTrader,Academic,1,Europe,417,769.098,8514,0,Qube [Qube Master Fund],Commods,Brenna Koh,,Commods,Commods,Oil,Oil,Oil,Oil,Platts Marine Fuel 0.5% FOB Singapore Futures,Phillip,18,1,1,MarketMaker,T,FY25
6216,6216,Qube [Qube Master Fund],Commodities Sales Europe,ActiveBroker,ActiveTrader,LiquidityProvider,MarketMaker,DAVEYC|LEEKJ,Screen,Client,33.6,0,26.65,MKPO,2022-07,USD,S092,2022,Q3,7,2H,6888.504287,PTG,Samsung Futures (Client),Anguilla,LiquidityProvider,Academic,1,USA,12918,7.224,3405.6,0,Qube [Qube Master Fund],Omnibus,Britney Tan Hwee Sian,,Commods,Commods,Dairy,Dairy,Dairy,Dairy,SGX-NZX NZ Milk Price (MKP) Options,KGI,19,1,1,ActiveTrader,T,FY25
6216,6216,Qube [Qube Master Fund],China,ActiveBroker,ActiveTrader,LiquidityProvider,MarketMaker,TANBHS,Screen,House,20276.2,30.1,1.75,MX,2023-11,USD,S660,2023,Q4,11,2H,2354.25,Buy-Side,Macquarie Omnibus,Anguilla,LiquidityProvider,Academic,1,Europe,481,1948.287471,15.48,10.32,Qube [Qube Master Fund],GAM,Kenny Groth,,Commods,Commods,Petchem,Petchem,Petchem,Petchem,SGX ICIS Isomer MX FOB Korea Swap,Goldman Sachs,21,1,1,LiquidityProvider,T+1,FY20
6216,6216,Qube [Qube Master Fund],Commodities Sales,ActiveBroker,ActiveTrader,LiquidityProvider,MarketMaker,TANSY,NLT,Client,3754,449,28797.57221,NK,2024-10,USD,S813,2024,Q4,10,2H,568.116,Brokerage/Agency,Goldman Sachs Omnibus,Anguilla,MarketMaker,Academic,1,Europe,160,373.7001,536.382,0,Qube [Qube Master Fund],Commods,Renaud Gocsei,,Financials,Equity Derivatives,Equity,Equity Index,NK,Nikkei 225 Index Futures,Nikkei 225 Index Futures,Marex,22,1,1,ActiveTrader,T,FY20
6216,6216,Qube [Qube Master Fund],Commodities Sales,ActiveBroker,ActiveTrader,LiquidityProvider,MarketMaker,KOHBRENNA|TANBHS,NLT,Client,280,32.11,140,NU,2023-08,USD,S560,2023,Q3,8,2H,103.716,Buy-Side,Undisclosed,Anguilla,ActiveTrader,Academic,0.5,USA,61,11443.59,27,1061.025,Qube [Qube Master Fund],Omnibus,Brenna Koh,,Financials,Equity Derivatives,Equity,Equity Index,NU,USD Nikkei 225 Index Futures,USD Nikkei 225 Index Futures,HGNH,21,0.125,1,LiquidityProvider,T,FY17
6216,6216,Qube [Qube Master Fund],International Sales RM,ActiveBroker,ActiveTrader,LiquidityProvider,MarketMaker,DAVEYC|LEEKJ,Screen,Client,2674.5,0,180,PX,2025-04,USD,S888,2024,Q2,4,1H,9879.336,Buy-Side,Winton Capital Europe,Anguilla,ActiveTrader,Academic,1,Hong Kong,11300,27.8603098,70.4856,15225.1605,Qube [Qube Master Fund],Commods,Brenna Koh,,Commods,Commods,Petchem,Petchem,Petchem,Petchem,Platts PX CFR Taiwan/China Swap,YongAn,22,1,1,LiquidityProvider,T,FY14
6216,6216,Qube [Qube Master Fund],China,ActiveBroker,ActiveTrader,LiquidityProvider,MarketMaker,WANGV,NLT,Client,1935.34,0,47.3,PXF,2025-06,USD,S009,2024,Q2,6,1H,154.8,Bank Trading Desks,Trend Capital Management,Anguilla,ActiveTrader,Academic,1,Hong Kong,1466,397.32,2064,0,Qube [Qube Master Fund],Tier 1,Richard Wenk,,Commods,Commods,Petchem,Petchem,Petchem,Petchem,Platts PX CFR Taiwan/China Futures,Marex,21,1,1,ActiveBroker,T,FY14
6216,6216,Qube [Qube Master Fund],Commodities Sales,ActiveBroker,ActiveTrader,LiquidityProvider,MarketMaker,LUSHB|KOHBRENNA,Screen,Client,1122,0,60,PXN,2025-08,USD,S108,2025,Q3,8,2H,825.6,Brokerage/Agency,Dev Bulk,Anguilla,LiquidityProvider,Academic,1,Hong Kong,274.5,-2402.132631,34419.78,70.3864558,Qube [Qube Master Fund],Tier 3,Richard Wenk,,Commods,Commods,Petchem,Petchem,Petchem,Petchem,PX-Naphtha Spread Swaps,SG Securities,22,1,1,LiquidityProvider,T,FY18
6216,6216,Qube [Qube Master Fund],Commodities Sales,ActiveBroker,ActiveTrader,LiquidityProvider,MarketMaker,TANBHS|LEEKJ,Screen,Client,367.2,0,-38.87515728,PXNF,2024-05,USD,S560,2023,Q2,5,1H,1388.13675,PTG,Grandly Financial Services Limited,Anguilla,LiquidityProvider,Academic,1,SG ROA,6,859.14,8.0625,0,Qube [Qube Master Fund],Tier 3,Craig Cohen,,Commods,Commods,Petchem,Petchem,Petchem,Petchem,PX-Naphtha Spread Futures,Morgan Stanley,22,0.5,1,LiquidityProvider,T,FY17
6216,6216,Qube [Qube Master Fund],International Sales RM,ActiveBroker,ActiveTrader,LiquidityProvider,MarketMaker,LIYAN,Screen,Client,1340.7,213.07,920.9531298,RBF,2021-03,USD,S020,2020,Q1,3,1H,10198.482,Buy-Side,Morgan Stanley House,Anguilla,LiquidityProvider,Academic,1,SG ROA,707,1462.989,77.4,5273.262,Qube [Qube Master Fund],GAM,Jason Lee,,Commods,Commods,Rebar,Rebar,Rebar,Rebar,SGX Mysteel Shanghai Rebar (USD) Futures,Deutsche,18,1,1,ActiveTrader,T+1,FY22
6216,6216,Qube [Qube Master Fund],China,ActiveBroker,ActiveTrader,LiquidityProvider,MarketMaker,TANBHS|DAVEYC,Screen,Client,531,0,12,SGP,2024-09,USD,S350,2024,Q3,9,2H,10338.8598,PTG,Tiger Brokers (HK) Global Limited,Anguilla,LiquidityProvider,Academic,0.125,China,61,19.92130815,3560.4,0,Qube [Qube Master Fund],Tier 2,Vivian Wang Min,,Financials,Equity Derivatives,Equity,Equity Index,SGP,MSCI Singapore Free Index Futures,MSCI Singapore Free Index Futures,SG Securities,21,1,1,ActiveTrader,T+1,FY14
6216,6216,Qube [Qube Master Fund],China,ActiveBroker,ActiveTrader,LiquidityProvider,MarketMaker,DAVEYC|LEEKJ,Screen,Client,462.85,0,2900,SMC,2021-11,USD,S350,2021,Q4,11,2H,2979.9,Brokerage/Agency,BNP Paribas,Anguilla,ActiveTrader,Academic,1,SG ROA,1350,1704.348,6.15,10157.63296,Qube [Qube Master Fund],Commods,Renaud Gocsei,,Commods,Commods,Petchem,Petchem,Petchem,Petchem,ICIS SM CFR China Swap,CIMB,20,1,1,LiquidityProvider,T,FY14
6216,6216,Qube [Qube Master Fund],International Sales RM,ActiveBroker,ActiveTrader,LiquidityProvider,MarketMaker,WANGD|WANGV,Screen,Client,225,0,69.3,SND,2021-09,USD,S009,2021,Q3,9,2H,301.86,Trading Firms,Binjai Capital,Anguilla,LiquidityProvider,Academic,1,Omnibus,449,272826.744,15.48,0,Qube [Qube Master Fund],Commods,Britney Tan Hwee Sian,,Financials,FX/IR,FX,FX,SND,USD/SGD FX Futures (Full-sized),USD/SGD FX Futures (Full-Sized),ADMIS,22,1,1,LiquidityProvider,T,FY16
6216,6216,Qube [Qube Master Fund],SGROA NBS,ActiveBroker,ActiveTrader,LiquidityProvider,MarketMaker,KOHBRENNA|TANBHS,NLT,Client,521,0,513.7,SWFO,2022-10,USD,S016,2022,Q4,10,2H,73.53,Brokerage/Agency,Theme,Anguilla,ActiveTrader,Academic,1,SG ROA,1264,6165.811983,1409.067,153639.1723,Qube [Qube Master Fund],Tier 3,Brenna Koh,,Commods,Commods,FFA,FFA,FFA,FFA,SWFO,Merrill Lynch,21,1,1,ActiveTrader,T,FY14
6216,6216,Qube [Qube Master Fund],SGROA NBS,ActiveBroker,ActiveTrader,LiquidityProvider,MarketMaker,LEEKJ|WENKR,NLT,Client,6,332.1828159,5229.55,SZFO,2023-07,USD,S328,2023,Q3,7,2H,1021.68,PTG,Virtu Financial,Anguilla,MarketMaker,Academic,1,China,160,12818.25,1248.2943,0,Qube [Qube Master Fund],China,Lily Chia,,Commods,Commods,FFA,FFA,FFA,FFA,SGX Baltic Supramax Time Charter Average (11 Routes) Swap,Nomura,19,1,1,LiquidityProvider,T+1,FY23
6216,6216,Qube [Qube Master Fund],SGROA RM,ActiveBroker,ActiveTrader,LiquidityProvider,MarketMaker,MACCHIONEP,Screen,Client,2860,111.28,801.6,TD,2022-04,USD,S011,2021,Q2,4,1H,297.99,Buy-Side,AHL-Man,Anguilla,LiquidityProvider,Academic,0.5,China,159586,31.734,559.215,312.7992,Qube [Qube Master Fund],China,Yan Xuan Li,,Financials,FX/IR,FX,FX,TD,TWD/USD FX Futures (Mini),TWD/USD FX Futures (Mini),KGI,21,0.125,1,LiquidityProvider,T+1,FY23
6216,6216,Qube [Qube Master Fund],America NBS,ActiveBroker,ActiveTrader,LiquidityProvider,MarketMaker,LIYAN,Screen,Client,1825.6,13618.8,0,TWN,2025-02,SGD,S350,2024,Q1,2,1H,3.612,Brokerage/Agency,Undisclosed,Anguilla,MarketMaker,Academic,1,Omnibus,7.75,1130.04,14738.25,0,Qube [Qube Master Fund],GAM,Kenny Groth,,Financials,Equity Derivatives,Equity,Equity Index,TWN,FTSE Taiwan Index Futures,FTSE Taiwan Index Futures,HGNH,19,1,1,MarketMaker,T+1,FY22
6216,6216,Qube [Qube Master Fund],China,ActiveBroker,ActiveTrader,LiquidityProvider,MarketMaker,WANGD,Screen,Client,5263.5,0,25.2,TWNO,2023-03,USD,S168,2022,Q1,3,1H,3146.75,Buy-Side,Hertshten Group,Anguilla,ActiveTrader,Academic,0.25,Hong Kong,3404,2260.838647,16.4475,0,Qube [Qube Master Fund],Tier 1,Kenneth Ng Say Chong,,Financials,Equity Derivatives,Equity,Equity Index,TWNO,FTSE Taiwan Index Options,FTSE Taiwan Index Options,DBS Vickers,22,0.5,1,MarketMaker,T,FY16
6216,6216,Qube [Qube Master Fund],Commodities Sales Europe,ActiveBroker,ActiveTrader,LiquidityProvider,MarketMaker,KOHBRENNA,NLT,Client,84,0,33786.65635,UC,2025-10,USD,S888,2025,Q4,10,2H,50.31,Brokerage/Agency,Citigroup Prop,Anguilla,LiquidityProvider,Academic,1,Omnibus,756.5,610.4925,4127.355,6527.4,Qube [Qube Master Fund],Commods,Renaud Gocsei,,Financials,FX/IR,FX,FX,UC,USD/CNH Futures,USD/CNH FX Futures,JP Morgan,20,1,1,ActiveTrader,T,FY24
6216,6216,Qube [Qube Master Fund],International Sales RM,ActiveBroker,ActiveTrader,LiquidityProvider,MarketMaker,LIYAN,NLT,Client,3960,2866.022784,7840.5,YWIL,2023-02,USD,S009,2022,Q1,2,1H,499.875,PTG,Phaethon International Co AG,Anguilla,ActiveTrader,Academic,0.125,SG ROA,6843,307.794,87.462,0,Qube [Qube Master Fund],Tier 2,omnibus,,Financials,Equity Derivatives,Equity,SSF,Singapore SSF,Singapore Single Stock Futures,Wilmar Futures,Marex,22,0.25,1,LiquidityProvider,T+1,FY23
6216,6216,Qube [Qube Master Fund],SGROA RM,ActiveBroker,ActiveTrader,LiquidityProvider,MarketMaker,WANGV|LIYAN,Screen,Client,29409.6,0,24,ZADS,2021-04,USD,S016,2020,Q2,4,1H,776.58,PTG,Theme,Anguilla,MarketMaker,Academic,1,SG ROA,86470,-1.09e-14,2919.17325,10351.87591,Qube [Qube Master Fund],GAM,Renaud Gocsei,,Financials,Equity Derivatives,Equity,SSF,Indian SSF,Indian Single Stock Futures,ADANIPORT Futures Contracts: ADANI PORTS AND SPECIAL ECON,SG Securities,22,1,1,LiquidityProvider,T+1,FY24
6216,6216,Qube [Qube Master Fund],Commodities Sales Europe,ActiveBroker,ActiveTrader,LiquidityProvider,MarketMaker,LUSHB|TANBHS,NLT,Client,1463.7,520.2,247.5,ZARB,2023-05,USD,S009,2022,Q2,5,1H,487.62,Buy-Side,Undisclosed,Anguilla,LiquidityProvider,Academic,1,China,12.5,641.4912,8510.13,0,Qube [Qube Master Fund],Tier 2,Toh Li,,Financials,Equity Derivatives,Equity,SSF,Indian SSF,Indian Single Stock Futures,Aurobindo Pharma Futures,KGI,21,1,1,LiquidityProvider,T+1,FY13
6216,6216,Qube [Qube Master Fund],Commodities Sales,ActiveBroker,ActiveTrader,LiquidityProvider,MarketMaker,KOHBRENNA|LEEKJ,NLT,Client,10936.5,0,168.3346719,ZBHI,2021-08,USD,S092,2021,Q3,8,2H,1697.4,Buy-Side,Metori Capital Management,Anguilla,LiquidityProvider,Academic,1,Hong Kong,6058.75,232.2,387,0,Qube [Qube Master Fund],Commods,Craig Cohen,,Financials,Equity Derivatives,Equity,SSF,Indian SSF,Indian Single Stock Futures,Bharti Infratel Futures,Macquarie,22,1,1,LiquidityProvider,T+1,FY13
6216,6216,Qube [Qube Master Fund],China,ActiveBroker,ActiveTrader,LiquidityProvider,MarketMaker,COHENC,Screen,Client,5666,9351.1,3091.5,ZBJA,2021-02,USD,S560,2020,Q1,2,1H,1.935,Brokerage/Agency,Algorithmic Trading Group,Anguilla,ActiveTrader,Academic,0.125,China,3417,-16806.23307,42.57,316.7490444,Qube [Qube Master Fund],China,Bobby Lush,,Financials,Equity Derivatives,Equity,SSF,Indian SSF,Indian Single Stock Futures,Bajaj Auto Futures,ADMIS,21,1,1,MarketMaker,T,FY17
6216,6216,Qube [Qube Master Fund],Commodities Sales,ActiveBroker,ActiveTrader,LiquidityProvider,MarketMaker,COHENC,Screen,Client,36,680.68,6.8,ZDRR,2022-12,USD,S328,2022,Q4,12,2H,3676.5,Others,Balyasny Asset Management,Anguilla,LiquidityProvider,Academic,1,Omnibus,1547,399.384,14.706,630.60231,Qube [Qube Master Fund],China,Bobby Lush,,Financials,Equity Derivatives,Equity,SSF,Indian SSF,Indian Single Stock Futures,Dr Reddy's Laboratories Futures,Marex,21,1,1,MarketMaker,T+1,FY18
6216,6216,Qube [Qube Master Fund],International Sales RM,ActiveBroker,ActiveTrader,LiquidityProvider,MarketMaker,JUDGEM|TANSY,Screen,Client,172.25,1211.56,294,ZEIM,2022-05,USD,S011,2021,Q2,5,1H,836.1522,Trading Firms,Undisclosed,Anguilla,LiquidityProvider,Academic,1,Omnibus,713,3231.45,120.9375,0,Qube [Qube Master Fund],Tier 2,David Chiam,,Financials,Equity Derivatives,Equity,SSF,Indian SSF,Indian Single Stock Futures,Eicher Motors Futures,SG Securities,19,1,1,ActiveTrader,T,FY13
6216,6216,Qube [Qube Master Fund],GAM,ActiveBroker,ActiveTrader,LiquidityProvider,MarketMaker,GOCSEIR,NLT,Client,594.5,0,0,ZGAI,2023-12,USD,S389,2023,Q4,12,2H,-252.5232808,Brokers Prop,Value Opportunities VCC - QIO Fund,Anguilla,ActiveTrader,Academic,1,Hong Kong,212,198.66,283.8,2.55,Qube [Qube Master Fund],China,Britney Tan Hwee Sian,,Financials,Equity Derivatives,Equity,SSF,Indian SSF,Indian Single Stock Futures,GAIL India Futures,Phillip,19,1,1,ActiveBroker,T,FY12
6216,6216,Qube [Qube Master Fund],GAM,ActiveBroker,ActiveTrader,LiquidityProvider,MarketMaker,TANBHS|DAVEYC,NLT,Client,4178.3,260.8522013,252,ZGRA,2022-01,USD,S061,2021,Q1,1,1H,137.385,Buy-Side,Transtrend,Anguilla,LiquidityProvider,Academic,1,SG ROA,35,1154.491971,2066.58,0,Qube [Qube Master Fund],Tier 3,Britney Tan Hwee Sian,,Financials,Equity Derivatives,Equity,SSF,USA SSF,USA Single Stock Futures,USA SSF Futures,Phillip,20,1,1,LiquidityProvider,T+1,FY14
6216,6216,Qube [Qube Master Fund],GAM,ActiveBroker,ActiveTrader,LiquidityProvider,MarketMaker,KOHBRENNA,Screen,Client,7018.4,0,-22.4500928,ZHMC,2024-01,USD,S560,2023,Q1,1,1H,3409.857,Brokerage/Agency,Theme,Anguilla,LiquidityProvider,Academic,0.125,SG ROA,165,8925.51,77.4,0,Qube [Qube Master Fund],Tier 2,Jun Won Lee,,Financials,Equity Derivatives,Equity,SSF,Indian SSF,Indian Single Stock Futures,Hero MotoCorp Futures,JP Morgan,21,1,1,LiquidityProvider,T,FY25
6216,6216,Qube [Qube Master Fund],SGROA NBS,ActiveBroker,ActiveTrader,LiquidityProvider,MarketMaker,DAVEYC,NLT,Client,228.15,135,4109.7,ZHUL,2022-03,USD,S289,2021,Q1,3,1H,4.644,Brokerage/Agency,Alpha Academic Ltd,Anguilla,ActiveTrader,Academic,1,Hong Kong,80,6.966,22.446,27.6,Qube [Qube Master Fund],GAM,Toh Li,,Financials,Equity Derivatives,Equity,SSF,Indian SSF,Indian Single Stock Futures,Hindustan Unilever ZHUL Futures,JP Morgan,21,1,1,ActiveTrader,T,FY23
6216,6216,Qube [Qube Master Fund],SGROA RM,ActiveBroker,ActiveTrader,LiquidityProvider,MarketMaker,LEEKJ,Screen,Client,1681.2,0,330,ZICI,2021-12,USD,S020,2021,Q4,12,2H,619.2,Buy-Side,Grandly Financial Services Limited,Anguilla,ActiveTrader,Academic,1,USA,7431.5,2096.25,1548,0,Qube [Qube Master Fund],Commods,Lily Chia,,Financials,Equity Derivatives,Equity,SSF,Indian SSF,Indian Single Stock Futures,ICICI Bank Futures,JP Morgan,22,1,1,MarketMaker,T+1,FY24
6216,6216,Qube [Qube Master Fund],America NBS,ActiveBroker,ActiveTrader,LiquidityProvider,MarketMaker,COHENC,Screen,Client,181.71,2763.97775,960,ZIOC,2024-04,USD,S011,2023,Q2,4,1H,390.5931185,PTG,WTL Capital,Anguilla,MarketMaker,Academic,1,Europe,554,2944.7862,5289,0,Qube [Qube Master Fund],Omnibus,Kenny Groth,,Financials,Equity Derivatives,Equity,SSF,Indian SSF,Indian Single Stock Futures,Indian Oil Corp Futures,ADMIS,19,0.5,1,LiquidityProvider,T+1,FY22
6216,6216,Qube [Qube Master Fund],China,ActiveBroker,ActiveTrader,LiquidityProvider,MarketMaker,KOHBRENNA,NLT,Client,1.2,0,52898.03073,ZITD,2021-10,USD,S883,2021,Q4,10,2H,92.88,PTG,Dah Chang Futures,Anguilla,LiquidityProvider,Academic,1,SG ROA,5,173.118,23.22,0,Qube [Qube Master Fund],Tier 3,Britney Tan Hwee Sian,,Financials,Equity Derivatives,Equity,SSF,Indian SSF,Indian Single Stock Futures,ITC Futures,Phillip,19,1,1,MarketMaker,T,FY22
6216,6216,Qube [Qube Master Fund],China,ActiveBroker,ActiveTrader,LiquidityProvider,MarketMaker,LIYAN,Screen,Client,2684,0,358.6,ZKMB,2021-07,USD,S111,2021,Q3,7,2H,-2285.371217,Brokerage/Agency,Antimo,Anguilla,LiquidityProvider,Academic,1,Hong Kong,62.5,20308.728,25734.984,153.1094379,Qube [Qube Master Fund],Commods,Richard Wenk,,Financials,Equity Derivatives,Equity,SSF,Indian SSF,Indian Single Stock Futures,Kotak Mahindra Bank Futures,ADMIS,21,1,1,MarketMaker,T+1,FY16
6216,6216,Qube [Qube Master Fund],China,ActiveBroker,ActiveTrader,LiquidityProvider,MarketMaker,WENKR,Screen,Client,198,0,2660,ZLT,2022-11,USD,S660,2022,Q4,11,2H,10.836,Buy-Side,Flow Traders,Anguilla,LiquidityProvider,Academic,1,SG ROA,1056,2368.44,8637.84,10077.11817,Qube [Qube Master Fund],GAM,Richard Wenk,,Financials,Equity Derivatives,Equity,SSF,Indian SSF,Indian Single Stock Futures,Larsen & Toubro Futures,BPI,19,1,1,ActiveBroker,T,FY12
6216,6216,Qube [Qube Master Fund],China,ActiveBroker,ActiveTrader,LiquidityProvider,MarketMaker,JUDGEM,NLT,Client,31.2,0,17230.8248,ZMSI,2021-05,USD,S011,2020,Q2,5,1H,0.774,Brokerage/Agency,Morgan Stanley Omnibus,Anguilla,LiquidityProvider,Academic,1,SG ROA,1979.5,2105.28,2585.031,0,Qube [Qube Master Fund],Commods,Kenneth Ng Say Chong,,Financials,Equity Derivatives,Equity,SSF,Indian SSF,Indian Single Stock Futures,Maruti Suzuki India Futures,Marex,22,1,1,ActiveTrader,T+1,FY23
6216,6216,Qube [Qube Master Fund],China,ActiveBroker,ActiveTrader,LiquidityProvider,MarketMaker,LUSHB,NLT,House,7.35,3211.75,115287.3,ZSEA,2021-01,USD,S660,2020,Q1,1,1H,0,Trading Firms,Hartree Partners Power & Gas Company,Anguilla,ActiveTrader,Academic,1,China,698.375,9998.79,541.8,2330.395808,Qube [Qube Master Fund],China,Brenna Koh,,Financials,Equity Derivatives,Equity,SSF,USA SSF,USA Single Stock Futures,SEA Futures,JP Morgan,22,1,1,MarketMaker,T+1,FY14
6216,6216,Qube [Qube Master Fund],America NBS,ActiveBroker,ActiveTrader,LiquidityProvider,MarketMaker,LUSHB|TANBHS,Screen,Client,5000.6,0,106.5,ZSUN,2022-09,USD,S001,2022,Q3,9,2H,164,Buy-Side,ExodusPoint,Anguilla,ActiveTrader,Academic,1,China,7.5,283.8,6.45,0,Qube [Qube Master Fund],China,Britney Tan Hwee Sian,,Financials,Equity Derivatives,Equity,SSF,Indian SSF,Indian Single Stock Futures,Sun Pharm Ind Futures,Barclays,19,0.5,1,LiquidityProvider,T+1,FY23
6216,6216,Qube [Qube Master Fund],International Sales RM,ActiveBroker,ActiveTrader,LiquidityProvider,MarketMaker,WANGV,NLT,Client,6019.2,0,3438.412452,ZUPL,2023-04,SGD,S016,2022,Q2,4,1H,1.83e-14,Buy-Side,Transtrend,Anguilla,LiquidityProvider,Academic,1,China,296,96.75,33.54,1.5093,Qube [Qube Master Fund],Commods,Tashya Zhuo Xiaofan,,Financials,Equity Derivatives,Equity,SSF,Indian SSF,Indian Single Stock Futures,UPL Futures,JP Morgan,21,1,1,ActiveTrader,T+1,FY15
6216,6216,Qube [Qube Master Fund],America NBS,ActiveBroker,ActiveTrader,LiquidityProvider,MarketMaker,CHIALPL,NLT,Client,29.4,0,24,ZWPR,2022-02,USD,S660,2021,Q1,2,1H,210.915,Brokerage/Agency,BNP Paribas Omnibus,Anguilla,LiquidityProvider,Academic,1,China,8,2259.7575,7965.75,0,Qube [Qube Master Fund],Commods,Tan Say Liang,,Financials,Equity Derivatives,Equity,SSF,Indian SSF,Indian Single Stock Futures,Wipro Futures,JP Morgan,19,1,1,ActiveTrader,T,FY16
5254,5254,Radix Trading LLC,GAM,ActiveBroker,ActiveTrader,LiquidityProvider,MarketMaker,COHENC,Screen,Client,9350,0,28.7,ACFO,2021-10,USD,S328,2021,Q4,10,2H,13485.35131,Brokerage/Agency,Symmetry Financials Limited,Afghanistan,ActiveTrader,Accounting Firm,1,SG ROA,40,133.03125,6.966,2669.02951,Radix Trading LLC,Commods,Bobby Lush,,Commods,Commods,Coking Coal,Coking Coal,Coking Coal,Coking Coal,Coking Coal Options on Futures,KGI,21,1,1,ActiveTrader,T,FY22
5254,5254,Radix Trading LLC,Commodities Sales,ActiveBroker,ActiveTrader,LiquidityProvider,MarketMaker,WANGV,NLT,Client,1071.36,49407.6,94703.01457,BTP,2023-01,SGD,S108,2022,Q1,1,1H,1163.967,Buy-Side,Schonfeld Strategic,Afghanistan,LiquidityProvider,Accounting Firm,1,Omnibus,99,130.6125,20.64,13019.60871,Radix Trading LLC,GAM,Britney Tan Hwee Sian,,Financials,FX/IR,Crypto,Cryptocurrencies,Crypto,SGX Bitcoin Perpetual Futures,SGX Bitcoin Perpetual Futures,Phillip,21,1,1,LiquidityProvider,T,FY20
5254,5254,Radix Trading LLC,SGROA RM,ActiveBroker,ActiveTrader,LiquidityProvider,MarketMaker,JUDGEM,Screen,Client,10184.9,1544.210094,0,BTR,2024-01,USD,S020,2023,Q1,1,1H,1438.35,Trading Firms,OQ Trading (Singapore) Pte Ltd,Afghanistan,LiquidityProvider,Accounting Firm,1,Europe,70.5,12461.49862,97.959375,0,Radix Trading LLC,Commods,Richard Wenk,,Commods,Commods,Dairy,Dairy,Dairy,Dairy,SGX-NZX Global Butter (BTR) Futures,Merrill Lynch,19,0.25,1,LiquidityProvider,T,FY21
5254,5254,Radix Trading LLC,SGROA RM,ActiveBroker,ActiveTrader,LiquidityProvider,MarketMaker,KOHBRENNA|TANBHS,Screen,Client,61.5,0,49.5,C3F,2022-04,USD,S560,2021,Q2,4,1H,2684.49,Buy-Side,Undisclosed,Afghanistan,LiquidityProvider,Accounting Firm,1,Hong Kong,112,5590.656455,27.6705,0,Radix Trading LLC,GAM,Renaud Gocsei,,Commods,Commods,FFA,FFA,FFA,FFA,Capesize Route C3 Futures,StoneX,21,1,1,LiquidityProvider,T,FY15
5254,5254,Radix Trading LLC,International Sales RM,ActiveBroker,ActiveTrader,LiquidityProvider,MarketMaker,MACCHIONEP,Screen,House,18.7,0,0,C5F,2023-04,USD,S020,2022,Q2,4,1H,522.45,Brokerage/Agency,Transtrend,Afghanistan,LiquidityProvider,Accounting Firm,1,USA,13106,141.9,22959.42,81.72218485,Radix Trading LLC,China,Carl Davey,,Commods,Commods,FFA,FFA,FFA,FFA,Capesize Route C5 Futures,HGNH,19,1,1,LiquidityProvider,T+1,FY22
5254,5254,Radix Trading LLC,SGROA NBS,ActiveBroker,ActiveTrader,LiquidityProvider,MarketMaker,COHENC,Screen,Client,360,112557.5227,37618.5,CX11F,2025-06,USD,S009,2024,Q2,6,1H,548.0005211,Trading Firms,Citadel Securities,Afghanistan,LiquidityProvider,Accounting Firm,1,Omnibus,5,2007.885,38786.946,4087.766497,Radix Trading LLC,Commods,Brenna Koh,,Commods,Commods,FFA,FFA,FFA,FFA,SGX Baltic Container Freight Route FBX11 Futures,BPI,21,0.125,1,LiquidityProvider,T,FY17
5254,5254,Radix Trading LLC,Commodities Sales,ActiveBroker,ActiveTrader,LiquidityProvider,MarketMaker,WENKR,Screen,Client,422175.6,0.5,18864.1,CZF,2024-10,USD,S061,2024,Q4,10,2H,46668.33,Buy-Side,Drakewood,Afghanistan,LiquidityProvider,Accounting Firm,1,China,46928,1750.3881,354.75,0,Radix Trading LLC,Commods,Paul Macchione,,Commods,Commods,FFA,FFA,FFA,FFA,SGX Baltic Capesize Time Charter Average (5 Routes) 182 Futures,Phillip,19,1,1,ActiveBroker,T,FY14
5254,5254,Radix Trading LLC,International Sales RM,ActiveBroker,ActiveTrader,LiquidityProvider,MarketMaker,LIYAN,Screen,Client,62.5,11885.4,6050.204442,EJP,2021-12,USD,S328,2021,Q4,12,2H,6.45,PTG,Ovata Capital Management,Afghanistan,LiquidityProvider,Accounting Firm,0.25,Hong Kong,639,25.155,30.96,5888.2824,Radix Trading LLC,Tier 3,Vivian Wang Min,,Financials,Equity Derivatives,Equity,Equity Index,EJP,EJP,SGX FTSE Blossom Japan Index Futures,Morgan Stanley,19,1,1,LiquidityProvider,T+1,FY17
5254,5254,Radix Trading LLC,China,ActiveBroker,ActiveTrader,LiquidityProvider,MarketMaker,KOHBRENNA|GROTHK,Screen,Client,9,117,68.4,ETP,2022-03,USD,S138,2021,Q1,3,1H,2352.96,Bank Trading Desks,R1 International Pte Ltd,Afghanistan,LiquidityProvider,Accounting Firm,1,SG ROA,24,75.207,4655.352,0,Radix Trading LLC,China,Brenna Koh,,Financials,FX/IR,Crypto,Cryptocurrencies,Crypto,SGX Ethereum Perpetual Futures,SGX Ethereum Perpetual Futures,JP Morgan,19,1,1,LiquidityProvider,T+1,FY15
5254,5254,Radix Trading LLC,China,ActiveBroker,ActiveTrader,LiquidityProvider,MarketMaker,LIYAN,Screen,Client,3025,0,42,GINB,2021-01,USD,S350,2020,Q1,1,1H,6416.718,PTG,MTS Capital,Afghanistan,ActiveTrader,Accounting Firm,1,China,15937,96.75,170.28,0,Radix Trading LLC,Omnibus,John Hogger,,Financials,Equity Derivatives,Equity,Equity Index,GINB,GIFT Derivatives,GIFT City Bank Index Futures,Goldman Sachs,21,1,0.5,ActiveBroker,T+1,FY20
5254,5254,Radix Trading LLC,SGROA RM,ActiveBroker,ActiveTrader,LiquidityProvider,MarketMaker,TANBHS|DAVEYC,NLT,Client,0,2136.884766,0.6,GINO,2024-09,USD,S883,2024,Q3,9,2H,368.424,PTG,Zhenyang,Afghanistan,ActiveTrader,Accounting Firm,1,China,14,35092.515,0,0,Radix Trading LLC,Tier 3,Matthew Judge,,Financials,Equity Derivatives,Equity,Equity Index,GINO,GIFT Derivatives,GIFT City Index Options,Yuanta Global,18,1,1,ActiveTrader,T,FY23
5254,5254,Radix Trading LLC,SGROA RM,ActiveBroker,ActiveTrader,LiquidityProvider,MarketMaker,KOHBRENNA,Screen,Client,3094.4,0,1.6,IDR,2025-09,USD,S560,2025,Q3,9,2H,309.6,Brokerage/Agency,LS Securities (Client),Afghanistan,ActiveTrader,Accounting Firm,1,SG ROA,318,135.063,572.76,0,Radix Trading LLC,GAM,Lily Chia,,Financials,FX/IR,FX,FX,IDR,IDR/USD FX Futures,IDR/USD Futures,BNP Paribas,19,1,1,LiquidityProvider,T,FY17
5254,5254,Radix Trading LLC,HK NBS,ActiveBroker,ActiveTrader,LiquidityProvider,MarketMaker,CHIALPL,Screen,Client,2900,11193.17788,6377,KRW,2021-11,USD,S061,2021,Q4,11,2H,4366.1856,Buy-Side,Xiangyu Singapore,Afghanistan,MarketMaker,Accounting Firm,1,SG ROA,18.5,86.1,23.22,0,Radix Trading LLC,Tier 2,Brenna Koh,,Financials,FX/IR,FX,FX,KRW,KRW/USD FX Futures (Full-Sized),KRW/USD FX Futures (Full-Sized),Morgan Stanley,19,1,1,LiquidityProvider,T,FY14
5254,5254,Radix Trading LLC,Europe NBS,ActiveBroker,ActiveTrader,LiquidityProvider,MarketMaker,LIJZ,NLT,Client,1230.9,0,1918.5,M42F,2023-05,USD,S660,2022,Q2,5,1H,676.5,Buy-Side,Verscale,Afghanistan,LiquidityProvider,Accounting Firm,1,SG ROA,4680,90.84825,74.949,766.8272077,Radix Trading LLC,Commods,Carl Davey,,Commods,Commods,Thermal Coal,Thermal Coal,Thermal Coal,Thermal Coal,IHS McCloskey M42 - Indonesian 4200kc GAR FOB Ther,Goldman Sachs,21,1,1,LiquidityProvider,T+1,FY17
5254,5254,Radix Trading LLC,America NBS,ActiveBroker,ActiveTrader,LiquidityProvider,MarketMaker,KOHBRENNA|TANBHS,NLT,Client,3725,0,8679.7,MEG,2022-09,USD,S009,2022,Q3,9,2H,85.14,PTG,Millennium Capital Management,Afghanistan,ActiveTrader,Accounting Firm,1,Omnibus,0,49.923,518.58,0,Radix Trading LLC,Tier 2,Penny Pan Ranran,,Commods,Commods,Petchem,Petchem,Petchem,Petchem,ICIS MEG CFR China Swap,Orient Futures,21,0.25,1,LiquidityProvider,T+1,FY24
5254,5254,Radix Trading LLC,Omnibus,ActiveBroker,ActiveTrader,LiquidityProvider,MarketMaker,GROTHK|JUDGEM,Screen,Client,3300,0,6142.8,MEGF,2023-11,USD,S001,2023,Q4,11,2H,266.772,Buy-Side,GTS Securities LLC,Afghanistan,ActiveTrader,Accounting Firm,1,China,16,1700.94523,43446.942,11356.64686,Radix Trading LLC,GAM,David Wang Lipeng,,Commods,Commods,Petchem,Petchem,Petchem,Petchem,ICIS MEG CFR China Futures,JP Morgan,22,1,1,LiquidityProvider,T+1,FY16
5254,5254,Radix Trading LLC,GAM,ActiveBroker,ActiveTrader,LiquidityProvider,MarketMaker,LEEKJ,NLT,Client,1.5,0,1425,MKP,2023-02,USD,S350,2022,Q1,2,1H,2934.75,Trading Firms,Korea Investment & Securities (Client),Afghanistan,LiquidityProvider,Accounting Firm,1,Europe,658,1952.544,428.796,372.4875,Radix Trading LLC,GAM,Tan Say Liang,,Commods,Commods,Dairy,Dairy,Dairy,Dairy,SGX-NZX NZ Milk Price (MKP) Futures,ABN Amro,18,1,1,LiquidityProvider,T+1,FY14
5254,5254,Radix Trading LLC,Europe NBS,ActiveBroker,ActiveTrader,LiquidityProvider,MarketMaker,CHIALPL,Screen,Client,30221.4,0,1984.4,MTWD,2023-07,USD,S168,2023,Q3,7,2H,29.412,PTG,DA International,Afghanistan,LiquidityProvider,Accounting Firm,0.5,SG ROA,90,157.896,874.104,21.156,Radix Trading LLC,Tier 2,David Wang Lipeng,,Financials,FX/IR,FX,FX,MTWD,SGX TWD/USD FX (Micro) Futures,SGX TWD/USD FX (Micro) Futures,Deutsche,22,1,1,LiquidityProvider,T+1,FY15
5254,5254,Radix Trading LLC,International Sales RM,ActiveBroker,ActiveTrader,LiquidityProvider,MarketMaker,CHIALPL,Screen,House,46.2,5250,11625.35689,MUC,2022-10,USD,S111,2022,Q4,10,2H,366.876,Buy-Side,Morgan Stanley Omnibus,Afghanistan,LiquidityProvider,Accounting Firm,1,USA,11436,-224.1768293,26146.13925,0,Radix Trading LLC,Commods,Britney Tan Hwee Sian,,Financials,FX/IR,FX,FX,MUC,USD/CNH Futures,USD/CNH FX Futures Mini,JP Morgan,18,1,1,MarketMaker,T,FY25
5254,5254,Radix Trading LLC,Commodities Sales,ActiveBroker,ActiveTrader,LiquidityProvider,MarketMaker,GROTHK,NLT,Client,4961,0.96,519.2,MXF,2021-03,USD,S001,2020,Q1,3,1H,8.385,Trading Firms,Millennium Capital Management,Afghanistan,LiquidityProvider,Accounting Firm,1,Hong Kong,314,581.79,317.82375,0,Radix Trading LLC,GAM,Tan Say Liang,,Commods,Commods,Petchem,Petchem,Petchem,Petchem,SGX ICIS Isomer MX FOB Korea Futures,JP Morgan,19,1,1,LiquidityProvider,T,FY15
5254,5254,Radix Trading LLC,SGROA RM,ActiveBroker,ActiveTrader,LiquidityProvider,MarketMaker,LUSHB,Screen,Client,570,0,666.6,NJ,2021-06,USD,S339,2020,Q2,6,1H,15214.518,Buy-Side,Qube,Afghanistan,ActiveTrader,Accounting Firm,1,SG ROA,86,143.2287,8868.75,613.008,Radix Trading LLC,Tier 1,Craig Cohen,,Commods,Commods,Oil,Oil,Oil,Oil,Naphtha Swap CFR Japan,Merrill Lynch,18,1,1,LiquidityProvider,T,FY13
5254,5254,Radix Trading LLC,GAM,ActiveBroker,ActiveTrader,LiquidityProvider,MarketMaker,KOHBRENNA|WANGV,Screen,Client,103730.9,0,29.8,NKO,2022-08,USD,S011,2022,Q3,8,2H,4411.155,Brokerage/Agency,Life Trading,Afghanistan,LiquidityProvider,Accounting Firm,0.125,SG ROA,4075,651.3786053,2356,0,Radix Trading LLC,China,Craig Cohen,,Financials,Equity Derivatives,Equity,Equity Index,NKO,Nikkei 225 Options,Nikkei 225 Options,ADMIS,20,1,1,ActiveTrader,T,FY18
5254,5254,Radix Trading LLC,SGROA RM,ActiveBroker,ActiveTrader,LiquidityProvider,MarketMaker,WANGD,NLT,Client,11400,0,1939.135266,NS,2025-03,USD,S350,2024,Q1,3,1H,0.774,Buy-Side,Fullerton Fund Management,Afghanistan,MarketMaker,Accounting Firm,1,Europe,12.5,-11431.59689,1066.185,0,Radix Trading LLC,Commods,omnibus,,Financials,Equity Derivatives,Equity,Equity Index,NS,NIKKEI 225 MINI,NIKKEI 225 MINI,Goldman Sachs,21,1,1,MarketMaker,T,FY15
5254,5254,Radix Trading LLC,International Sales RM,ActiveBroker,ActiveTrader,LiquidityProvider,MarketMaker,LEEKJ|WENKR,Screen,Client,46442,0,3619.7,NSP,2023-06,USD,S883,2022,Q2,6,1H,3267.054,Trading Firms,Undisclosed,Afghanistan,LiquidityProvider,Accounting Firm,1,China,142,58.05,34.83,0,Radix Trading LLC,GAM,Kenneth Ng Say Chong,,Financials,Equity Derivatives,Equity,MSCI NTR,MSCI NTR,MSCI Singapore NTR (USD) Index Futures,MSCI Singapore NTR (USD) Index Futures,SG Securities,21,1,1,ActiveTrader,T,FY12
5254,5254,Radix Trading LLC,China,ActiveBroker,ActiveTrader,LiquidityProvider,MarketMaker,CHIALPL,Screen,Client,1320,0,-346.6216216,RT,2023-12,USD,S288,2023,Q4,12,2H,851.4,PTG,Verition Fund Management LLC,Afghanistan,ActiveTrader,Accounting Firm,1,Europe,30,280.188,1441.9233,621.5051165,Radix Trading LLC,Tier 1,Richard Wenk,,Commods,Commods,Rubber,Rubber,Rubber,Rubber,Rubber,BPI,22,1,1,ActiveBroker,T+1,FY19
5254,5254,Radix Trading LLC,America NBS,ActiveBroker,ActiveTrader,LiquidityProvider,MarketMaker,TANSY,Screen,Client,192.3,0,3831.8,SMPO,2023-03,USD,S350,2022,Q1,3,1H,481.299,Brokerage/Agency,Mizuho House,Afghanistan,LiquidityProvider,Accounting Firm,0.125,Hong Kong,1917,31.734,31291.788,0,Radix Trading LLC,Tier 3,David Chiam,,Commods,Commods,Dairy,Dairy,Dairy,Dairy,SGX-NZX Global Skim Milk Powder (SMP) Options,SG Securities,21,0.5,1,LiquidityProvider,T+1,FY25
5254,5254,Radix Trading LLC,International Sales RM,ActiveBroker,ActiveTrader,LiquidityProvider,MarketMaker,LIYAN,Screen,Client,900,0,300,ST,2022-05,USD,S350,2021,Q2,5,1H,68.112,Buy-Side,Kyobo Securities (Client),Afghanistan,ActiveBroker,Accounting Firm,1,SG ROA,376,258,1.419,330.5953184,Radix Trading LLC,GAM,Jun Won Lee,,Financials,Equity Derivatives,Equity,Equity Index,ST,Straits Times Index Futures,Straits Times Index Futures,Goldman Sachs,21,0.5,1,ActiveTrader,T,FY13
5254,5254,Radix Trading LLC,China,ActiveBroker,ActiveTrader,LiquidityProvider,MarketMaker,COHENC|MACCHIONEP,NLT,Client,484,0,6461.009761,TFO,2022-01,USD,S323,2021,Q1,1,1H,361.3760958,Others,SINOIF International,Afghanistan,LiquidityProvider,Accounting Firm,1,SG ROA,520,30.96,1588.635,0,Radix Trading LLC,Tier 2,Richard Wenk,,Commods,Commods,Rubber,Rubber,Rubber,Rubber,SICOM TSR 20 Rubber Options,UBS Futures,21,1,1,MarketMaker,T,FY19
5254,5254,Radix Trading LLC,GAM,ActiveBroker,ActiveTrader,LiquidityProvider,MarketMaker,LUSHB|KOHBRENNA,Screen,Client,719.4,3.9,132,TONA,2025-01,USD,S020,2024,Q1,1,1H,41.05872263,Brokerage/Agency,Balyasny Asset Management,Afghanistan,LiquidityProvider,Accounting Firm,1,Europe,147.5,928.284,6606.735,3476.034,Radix Trading LLC,GAM,Brenna Koh,,Financials,FX/IR,Interest Rates,Interest Rates,TONA,SGX Three-Month Tokyo Overnight Average Rate (TONA) Futures,SGX Three-Month Tokyo Overnight Average Rate (TONA) Futures,StoneX,18,1,1,LiquidityProvider,T+1,FY15
5254,5254,Radix Trading LLC,International Sales RM,ActiveBroker,ActiveTrader,LiquidityProvider,MarketMaker,GROTHK,Screen,Client,8,0,28.5,TU,2021-04,USD,S888,2020,Q2,4,1H,9.03,Trading Firms,Dong Yuan International,Afghanistan,LiquidityProvider,Accounting Firm,1,Europe,30,379.905,77.4,66.46991587,Radix Trading LLC,Commods,Carl Davey,,Financials,FX/IR,FX,FX,TU,THB/USD FX Futures,THB/USD FX Futures,Citigroup,21,0.25,1,ActiveTrader,T+1,FY15
5254,5254,Radix Trading LLC,SGROA NBS,ActiveBroker,ActiveTrader,LiquidityProvider,MarketMaker,LIYAN,Screen,Client,1971,1306.8,577.5,TWD,2024-06,USD,S092,2023,Q2,6,1H,182.277,Buy-Side,ABC Arbitrage AM Asia,Afghanistan,ActiveTrader,Accounting Firm,0.5,SG ROA,100,232.2,3550.08,0,Radix Trading LLC,China,Yan Xuan Li,,Financials,FX/IR,FX,FX,TWD,TWD/USD FX Futures (Full-Sized),TWD/USD FX Futures (Full-Sized),YongAn,18,1,1,ActiveBroker,T,FY15
5254,5254,Radix Trading LLC,GAM,ActiveBroker,ActiveTrader,LiquidityProvider,MarketMaker,WANGV,Screen,Client,130.55,0,184.21,UCO,2021-02,USD,S078,2020,Q1,2,1H,2383.92,Buy-Side,Transtrend,Afghanistan,LiquidityProvider,Accounting Firm,1,SG ROA,30,-15.09188548,-2.29e-15,0,Radix Trading LLC,Tier 1,David Wang Lipeng,,Financials,FX/IR,FX,FX,UCO,USD/CNH Options,USD/CNH FX Options,Goldman Sachs,21,0.125,1,ActiveTrader,T,FY18
5254,5254,Radix Trading LLC,Commodities Sales Europe,ActiveBroker,ActiveTrader,LiquidityProvider,MarketMaker,COHENC,Screen,Client,10428,0,4.8,UY,2024-05,USD,S350,2023,Q2,5,1H,23.8005,Bank Trading Desks,DBS Bank Ltd,Afghanistan,ActiveTrader,Accounting Firm,1,China,91,2896.122787,15484.128,21465.70422,Radix Trading LLC,Tier 3,Kenny Groth,,Financials,FX/IR,FX,FX,UY,USD/JPY (STANDARD) FX,USD/JPY (STANDARD) FX,Orient Futures,21,0.25,1,LiquidityProvider,T,FY21
5254,5254,Radix Trading LLC,International Sales RM,ActiveBroker,ActiveTrader,LiquidityProvider,MarketMaker,DAVEYC|LEEKJ,Screen,Client,450,0,37.5,WMP,2022-11,USD,S888,2022,Q4,11,2H,4121.292,Buy-Side,Yuanta Futures (Hong Kong) - Agency,Afghanistan,ActiveTrader,Accounting Firm,1,Europe,305,6385.5,77.4,0,Radix Trading LLC,Tier 1,Brenna Koh,,Commods,Commods,Dairy,Dairy,Dairy,Dairy,SGX-NZX Global Whole Milk Powder (WMP) Futures,Nomura,19,1,1,LiquidityProvider,T+1,FY17
5254,5254,Radix Trading LLC,HK NBS,ActiveBroker,ActiveTrader,LiquidityProvider,MarketMaker,WANGD,Screen,Client,16405.4,0,39,WMPO,2023-10,USD,S660,2023,Q4,10,2H,412.5291,Trading Firms,1Zero8 LLP,Afghanistan,LiquidityProvider,Accounting Firm,1,Europe,1151,112.6315125,358.75,0,Radix Trading LLC,China,Craig Cohen,,Commods,Commods,Dairy,Dairy,Dairy,Dairy,SGX-NZX Global Whole Milk Powder (WMP) Options,Orient Futures,21,1,1,MarketMaker,T,FY24
5254,5254,Radix Trading LLC,SGROA RM,ActiveBroker,ActiveTrader,LiquidityProvider,MarketMaker,LUSHB|KOHBRENNA,Screen,Client,40.5,563.8344249,1.78e-15,YDBS,2025-04,USD,S350,2024,Q2,4,1H,35191.458,PTG,Undisclosed,Afghanistan,ActiveTrader,Accounting Firm,1,SG ROA,76,2319.807,557.796,0,Radix Trading LLC,Tier 1,Brenna Koh,,Financials,Equity Derivatives,Equity,SSF,Singapore SSF,Singapore Single Stock Futures,DBS Futures,Phillip,21,1,1,MarketMaker,T,FY18
5254,5254,Radix Trading LLC,Commodities Sales,ActiveBroker,ActiveTrader,LiquidityProvider,MarketMaker,WANGD,Screen,Client,132,0,375,ZBAF,2022-12,USD,S350,2022,Q4,12,2H,6.708,Others,Hoogwegt Australia Pty Ltd,Afghanistan,LiquidityProvider,Accounting Firm,0.25,Europe,30,3.87,22.446,165.12,Radix Trading LLC,Tier 3,Renaud Gocsei,,Financials,Equity Derivatives,Equity,SSF,Indian SSF,Indian Single Stock Futures,Bajaj Finance Futures,Goldman Sachs,21,0.5,1,ActiveTrader,T,FY16
5254,5254,Radix Trading LLC,Omnibus,ActiveBroker,ActiveTrader,LiquidityProvider,MarketMaker,WANGD,Screen,House,2622.4,0,283.5,ZBHA,2024-03,SGD,S323,2023,Q1,3,1H,993.3,Others,BitDelta Limited - House Account,Afghanistan,ActiveBroker,Accounting Firm,1,Hong Kong,6,-19350,111382.986,20437.46555,Radix Trading LLC,Tier 3,Yan Xuan Li,,Financials,Equity Derivatives,Equity,SSF,Indian SSF,Indian Single Stock Futures,Bharti Airtel Futures,CIMB,21,1,1,LiquidityProvider,T,FY13
5254,5254,Radix Trading LLC,HK NBS,ActiveBroker,ActiveTrader,LiquidityProvider,MarketMaker,KOHBRENNA|LEEKJ,NLT,Client,1500,0,123.4243421,ZBOS,2024-07,USD,S328,2024,Q3,7,2H,122232.4296,Brokerage/Agency,Veeva Trading Pte Ltd,Afghanistan,MarketMaker,Accounting Firm,0.125,Omnibus,932.75,30.96,9588.875,1116.108,Radix Trading LLC,Tier 1,Tan Say Liang,,Financials,Equity Derivatives,Equity,SSF,Indian SSF,Indian Single Stock Futures,Bosch Futures,KGI,19,1,1,LiquidityProvider,T,FY14
5254,5254,Radix Trading LLC,International Sales RM,ActiveBroker,ActiveTrader,LiquidityProvider,MarketMaker,KOHBRENNA,Screen,Client,21,301.5,292.6,ZCIP,2025-02,USD,S660,2024,Q1,2,1H,33.54,PTG,Kosei Securities,Afghanistan,LiquidityProvider,Accounting Firm,1,USA,1510,722.8777778,328.176,748.716,Radix Trading LLC,Commods,Renaud Gocsei,,Financials,Equity Derivatives,Equity,SSF,Indian SSF,Indian Single Stock Futures,Cipla Ltd India Futures,DBS Vickers,19,1,1,LiquidityProvider,T+1,FY24
5254,5254,Radix Trading LLC,SGROA RM,ActiveBroker,ActiveTrader,LiquidityProvider,MarketMaker,LEEKJ,Screen,Client,2550,0,-631.8421053,ZCOA,2021-09,USD,S389,2021,Q3,9,2H,6,Brokerage/Agency,Fubon Futures Agency,Afghanistan,ActiveTrader,Accounting Firm,0.25,SG ROA,2880.75,343.794675,645,7.1595,Radix Trading LLC,Tier 2,David Wang Lipeng,,Financials,Equity Derivatives,Equity,SSF,Indian SSF,Indian Single Stock Futures,Coal India Futures,Goldman Sachs,22,0.125,1,LiquidityProvider,T+1,FY17
5254,5254,Radix Trading LLC,AMAO,ActiveBroker,ActiveTrader,LiquidityProvider,MarketMaker,LEEKJ,NLT,Client,1097.25,0,1017.9,ZHCL,2024-08,USD,S123,2024,Q3,8,2H,67.725,Trading Firms,Stevens Capital Management,Afghanistan,ActiveTrader,Accounting Firm,0.25,SG ROA,2,2185.26,197.85375,3000,Radix Trading LLC,China,Brenna Koh,,Financials,Equity Derivatives,Equity,SSF,Indian SSF,Indian Single Stock Futures,HCL Technologies Futures,CIMB,21,1,1,MarketMaker,T,FY16
5254,5254,Radix Trading LLC,Commodities Sales Europe,ActiveBroker,ActiveTrader,LiquidityProvider,MarketMaker,COHENC|MACCHIONEP,Screen,Client,21,0,229.5,ZHDB,2022-06,USD,S111,2021,Q2,6,1H,66.3834,Brokerage/Agency,RWE Supply & Trading Asia-Pacific Pte Ltd,Afghanistan,LiquidityProvider,Accounting Firm,0.25,USA,426,359.136,2133.144,0,Radix Trading LLC,Tier 2,Yan Xuan Li,,Financials,Equity Derivatives,Equity,SSF,Indian SSF,Indian Single Stock Futures,HDFC Bank Futures,Orient Futures,19,1,1,LiquidityProvider,T,FY23
5254,5254,Radix Trading LLC,China,ActiveBroker,ActiveTrader,LiquidityProvider,MarketMaker,TANSY,Screen,Client,25,0,2179.5,ZHPC,2021-08,USD,S660,2021,Q3,8,2H,16.254,Buy-Side,Verition Fund Management LLC,Afghanistan,LiquidityProvider,Accounting Firm,1,SG ROA,67,1548,108.65,294.894,Radix Trading LLC,Commods,Carl Davey,,Financials,Equity Derivatives,Equity,SSF,Indian SSF,Indian Single Stock Futures,Hindustan Petroleum Corp Futures,UBS Futures,19,1,1,LiquidityProvider,T+1,FY14
5254,5254,Radix Trading LLC,GAM,ActiveBroker,ActiveTrader,LiquidityProvider,MarketMaker,LUSHB|KOHBRENNA,Screen,Client,307.5,0,99638,ZIIB,2022-07,USD,S016,2022,Q3,7,2H,46023.846,Bank Trading Desks,Mansukh Securities,Afghanistan,MarketMaker,Accounting Firm,0.5,USA,10000,340.56,1.548,17983.72986,Radix Trading LLC,GAM,Julie Joseph,,Financials,Equity Derivatives,Equity,SSF,Indian SSF,Indian Single Stock Futures,IndusInd Bank Futures,StoneX,21,1,1,LiquidityProvider,T,FY18
5254,5254,Radix Trading LLC,HK NBS,ActiveBroker,ActiveTrader,LiquidityProvider,MarketMaker,WANGD,Screen,Client,176.3,0,165,ZINF,2025-10,USD,S009,2025,Q4,10,2H,228.975,Brokerage/Agency,SDICS International Futures,Afghanistan,ActiveTrader,Accounting Firm,1,China,70,55.9215,209.625,0,Radix Trading LLC,China,Carl Davey,,Financials,Equity Derivatives,Equity,SSF,Indian SSF,Indian Single Stock Futures,Infosys Futures,BNP Paribas,19,1,1,ActiveTrader,T,FY14
5254,5254,Radix Trading LLC,China,ActiveBroker,ActiveTrader,LiquidityProvider,MarketMaker,TANSY,NLT,Client,4560.72,0,660,ZMM,2024-12,USD,S813,2024,Q4,12,2H,166113.6159,Buy-Side,Millennium Capital Management,Afghanistan,MarketMaker,Accounting Firm,1,China,124,193.5,2145.915,3263.792823,Radix Trading LLC,China,Richard Wenk,,Financials,Equity Derivatives,Equity,SSF,Indian SSF,Indian Single Stock Futures,Mahindra & Mahindra Futures,Morgan Stanley,21,1,1,LiquidityProvider,T,FY14
5254,5254,Radix Trading LLC,GAM,ActiveBroker,ActiveTrader,LiquidityProvider,MarketMaker,KOHBRENNA|TANBHS,NLT,Client,18751.5,0,180,ZNTP,2021-05,USD,S108,2020,Q2,5,1H,14663.301,Brokerage/Agency,Undisclosed,Afghanistan,LiquidityProvider,Accounting Firm,1,SG ROA,982,11309.1875,3.096,0,Radix Trading LLC,Tier 3,Renaud Gocsei,,Financials,Equity Derivatives,Equity,SSF,Indian SSF,Indian Single Stock Futures,NTPC Futures,SG Securities,22,1,1,LiquidityProvider,T+1,FY14
5254,5254,Radix Trading LLC,China,ActiveBroker,ActiveTrader,LiquidityProvider,MarketMaker,GOCSEIR,Screen,Client,35860,80.64,247.5,ZONG,2022-02,USD,S009,2021,Q1,2,1H,92.88,PTG,Caravel Metallurgical Limited,Afghanistan,ActiveTrader,Accounting Firm,1,Omnibus,90,-4515,12577.887,0,Radix Trading LLC,Tier 1,omnibus,,Financials,Equity Derivatives,Equity,SSF,Indian SSF,Indian Single Stock Futures,Oil & Natural Gas Corp Futures,Phillip,21,1,1,LiquidityProvider,T,FY23
5254,5254,Radix Trading LLC,International Sales RM,ActiveBroker,ActiveTrader,LiquidityProvider,MarketMaker,WENKR,Screen,Client,3.3,0,180,ZPWG,2024-02,USD,S168,2023,Q1,2,1H,464.4,Trading Firms,Continental Minerals Company Limited,Afghanistan,LiquidityProvider,Accounting Firm,1,SG ROA,2042,3704.1576,659.2932,2699.624119,Radix Trading LLC,Tier 1,William Gulya,,Financials,Equity Derivatives,Equity,SSF,Indian SSF,Indian Single Stock Futures,Power Grid Corp of India Futures,CIMB,21,1,1,LiquidityProvider,T+1,FY14
5254,5254,Radix Trading LLC,AMAO,ActiveBroker,ActiveTrader,LiquidityProvider,MarketMaker,GROTHK,NLT,Client,6345,0,1475.116251,ZRILA,2025-08,USD,S350,2025,Q3,8,2H,1999.5,Buy-Side,BitDelta Limited - House Account,Afghanistan,ActiveTrader,Accounting Firm,1,SG ROA,97.5,156.09,216015.8858,35.862,Radix Trading LLC,GAM,William Gulya,,Financials,Equity Derivatives,Equity,SSF,Indian SSF,Indian Single Stock Futures,Reliance Industries Futures,Phillip,19,1,1,ActiveTrader,T,FY17
5254,5254,Radix Trading LLC,Commodities Sales,ActiveBroker,ActiveTrader,LiquidityProvider,MarketMaker,COHENC,Screen,Client,12088,0,-1083.356732,ZSBI,2025-07,USD,S323,2025,Q3,7,2H,88248.3195,Brokers Prop,BNP Paribas,Afghanistan,ActiveTrader,Accounting Firm,1,Europe,30,61083.4444,228.4332,0,Radix Trading LLC,Tier 3,David Chiam,,Financials,Equity Derivatives,Equity,SSF,Indian SSF,Indian Single Stock Futures,State Bank of India Futures,HGNH,18,1,1,LiquidityProvider,T+1,FY12
5254,5254,Radix Trading LLC,China,ActiveBroker,ActiveTrader,LiquidityProvider,MarketMaker,WANGV,Screen,House,27.3,0,0.97,ZTAM,2023-09,USD,S888,2023,Q3,9,2H,541.8,Brokers Prop,Capital Futures Agency,Afghanistan,LiquidityProvider,Accounting Firm,1,Hong Kong,8,109.65,129,0,Radix Trading LLC,GAM,Brenna Koh,,Financials,Equity Derivatives,Equity,SSF,Indian SSF,Indian Single Stock Futures,Tata Motors Passenger Vehicles Futures,DBS Vickers,21,1,1,LiquidityProvider,T,FY18
5254,5254,Radix Trading LLC,GAM,ActiveBroker,ActiveTrader,LiquidityProvider,MarketMaker,LUSHB|KOHBRENNA,Screen,Client,45.81,0.87483871,25,ZTAT,2024-11,USD,S009,2024,Q4,11,2H,0,Buy-Side,Legal & General Investment Management,Afghanistan,ActiveTrader,Accounting Firm,1,SG ROA,9,92.235,89.01,0,Radix Trading LLC,Commods,Lily Chia,,Financials,Equity Derivatives,Equity,SSF,Indian SSF,Indian Single Stock Futures,Tata Steel Futures,SG Securities,21,1,1,ActiveTrader,T,FY26
5254,5254,Radix Trading LLC,GAM,ActiveBroker,ActiveTrader,LiquidityProvider,MarketMaker,LIYAN,Screen,Client,1836,49407.6,859.5,ZTCS,2023-08,USD,S078,2023,Q3,8,2H,64.5,Brokerage/Agency,Idemitsu International (Asia) Pte Ltd,Afghanistan,LiquidityProvider,Accounting Firm,1,China,26,-16806.23307,77.4,0,Radix Trading LLC,Tier 3,David Wang Lipeng,,Financials,Equity Derivatives,Equity,SSF,Indian SSF,Indian Single Stock Futures,Tata Consult Svc Futures,Phillip,20,0.5,1,LiquidityProvider,T+1,FY24
5254,5254,Radix Trading LLC,International Sales RM,ActiveBroker,ActiveTrader,LiquidityProvider,MarketMaker,LEEJW,Screen,Client,2.1,0,3693.783685,ZTEC,2024-04,USD,S009,2023,Q2,4,1H,1295.16,Brokers Prop,Metal Edge Trading,Afghanistan,LiquidityProvider,Accounting Firm,0.5,China,16836,4.386,9.2106,0,Radix Trading LLC,Commods,Bobby Lush,,Financials,Equity Derivatives,Equity,SSF,Indian SSF,Indian Single Stock Futures,Tech Mahindra Futures,CIMB,21,1,1,LiquidityProvider,T+1,FY14
5254,5254,Radix Trading LLC,GAM,ActiveBroker,ActiveTrader,LiquidityProvider,MarketMaker,LUSHB|KOHBRENNA,Screen,Client,233.4,0,1136.25,ZUTC,2025-05,SGD,S660,2024,Q2,5,1H,272.835,Buy-Side,Yuanta Futures (Hong Kong) - Agency,Afghanistan,LiquidityProvider,Accounting Firm,1,Hong Kong,1374,1200.18375,4040.925,0,Radix Trading LLC,GAM,Carl Davey,,Financials,Equity Derivatives,Equity,SSF,Indian SSF,Indian Single Stock Futures,UltraTech Cement Futures,JP Morgan,22,0.5,1,LiquidityProvider,T+1,FY23
5254,5254,Radix Trading LLC,HK NBS,ActiveBroker,ActiveTrader,LiquidityProvider,MarketMaker,KOHBRENNA,Screen,Client,1452.75,0,10894.36193,ZVDA,2021-07,USD,S560,2021,Q3,7,2H,202.272,PTG,DV Trading LLC,Afghanistan,LiquidityProvider,Accounting Firm,1,Hong Kong,5061,1774.395,141.9,88.65136656,Radix Trading LLC,Commods,Craig Cohen,,Financials,Equity Derivatives,Equity,SSF,Indian SSF,Indian Single Stock Futures,Vedanta Limited Futures,Mizuho SG,21,1,1,ActiveBroker,T,FY14
10206,10206,TD Securities,SGROA RM,ActiveBroker,ActiveTrader,LiquidityProvider,MarketMaker,LUSHB|KOHBRENNA,Screen,Client,6350,0,1261.2,3MF,2022-11,USD,S092,2022,Q4,11,2H,-6058.1754,Buy-Side,CITIC Securities Brokerage (HK) Limited,Singapore,ActiveTrader,Academic,1,Hong Kong,10,399.384,1206.15,1672.875682,TD Securities,Tier 2,Britney Tan Hwee Sian,,Commods,Commods,Oil,Oil,Oil,Oil,Platts Singapore FO 380cst Index Futures,Mizuho SG,20,1,1,LiquidityProvider,T,FY12
10206,10206,TD Securities,China,ActiveBroker,ActiveTrader,LiquidityProvider,MarketMaker,KOHBRENNA|TANBHS,Screen,Client,7428,12364.30479,103.4,ACF,2023-09,USD,S389,2023,Q3,9,2H,8583.66,Buy-Side,Undisclosed,Singapore,MarketMaker,Academic,1,China,37.5,-4.4e-13,280.188,0,TD Securities,Commods,Jason Lee,,Commods,Commods,Coking Coal,Coking Coal,Coking Coal,Coking Coal,Coking Coal Futures,BPI,21,0.5,1,ActiveTrader,T,FY19
10206,10206,TD Securities,GAM,ActiveBroker,ActiveTrader,LiquidityProvider,MarketMaker,LUSHB,Screen,Client,12760,0,7,ACFO,2025-09,USD,S009,2025,Q3,9,2H,309.6,Buy-Side,Manatee Global,Singapore,LiquidityProvider,Academic,1,China,10,-158.8596566,877.2,0,TD Securities,China,Matthew Judge,,Commods,Commods,Coking Coal,Coking Coal,Coking Coal,Coking Coal,Coking Coal Options on Futures,DBS Vickers,22,0.25,1,LiquidityProvider,T,FY24
10206,10206,TD Securities,International Sales RM,ActiveBroker,ActiveTrader,LiquidityProvider,MarketMaker,WENKR,Screen,Client,50917.5,0,11147.5,AMF,2024-10,USD,S009,2024,Q4,10,2H,3196.509956,Brokers Prop,Jump Trading,Singapore,ActiveTrader,Academic,1,Omnibus,1003,1077.279,32.8,0,TD Securities,Tier 3,omnibus,,Commods,Commods,Dairy,Dairy,Dairy,Dairy,SGX-NZX Global Anhydrous Milk Fat (AMF) Futures,Guotai Junan,21,1,1,ActiveBroker,T,FY22
10206,10206,TD Securities,International Sales RM,ActiveBroker,ActiveTrader,LiquidityProvider,MarketMaker,TANBHS|LEEKJ,Screen,Client,1675,44.4,13531.19397,BRL,2023-12,USD,S001,2023,Q4,12,2H,19829.106,Buy-Side,Citigroup Prop,Singapore,LiquidityProvider,Academic,1,SG ROA,1700,36.28125,9952.35,0,TD Securities,Commods,Renaud Gocsei,,Financials,FX/IR,FX,FX,BRL,SGX BRL/USD Futures,SGX BRL/USD Futures,CIMB,22,1,1,ActiveTrader,T+1,FY24
10206,10206,TD Securities,China,ActiveBroker,ActiveTrader,LiquidityProvider,MarketMaker,LUSHB,Screen,Client,277428.8,14,2325,BZ,2021-11,USD,S389,2021,Q4,11,2H,188.082,Brokerage/Agency,Phillip Nova,Singapore,MarketMaker,Academic,0.5,China,920,1291.9,15.48,0,TD Securities,Commods,omnibus,,Commods,Commods,Petchem,Petchem,Petchem,Petchem,Platts BZ FOB Korea Swap,ADMIS,21,0.5,1,ActiveTrader,T,FY16
10206,10206,TD Securities,China,ActiveBroker,ActiveTrader,LiquidityProvider,MarketMaker,GOCSEIR|TOHL,Screen,Client,240,0,4550,BZF,2022-07,USD,S389,2022,Q3,7,2H,348.3,Buy-Side,Daishin Securities (Client),Singapore,ActiveBroker,Academic,1,Omnibus,225.5,193.5,4408.833,0,TD Securities,Tier 3,Richard Wenk,,Commods,Commods,Petchem,Petchem,Petchem,Petchem,Platts BZ FOB Korea Futures,BPI,19,1,1,LiquidityProvider,T+1,FY15
10206,10206,TD Securities,China,ActiveBroker,ActiveTrader,LiquidityProvider,MarketMaker,CHIALPL,Screen,Client,66,0,942.65,BZN,2021-09,USD,S001,2021,Q3,9,2H,21081.17432,Brokerage/Agency,Life Trading,Singapore,LiquidityProvider,Academic,1,Europe,100,1201.3125,102.168,177.0912,TD Securities,Tier 3,John Hogger,,Commods,Commods,Petchem,Petchem,Petchem,Petchem,BZ-Naphtha Spread Swap,SG Securities,21,1,1,LiquidityProvider,T+1,FY14
10206,10206,TD Securities,SGROA RM,ActiveBroker,ActiveTrader,LiquidityProvider,MarketMaker,KOHBRENNA|WANGV,Screen,Client,60,0,93,BZNF,2023-10,USD,S108,2023,Q4,10,2H,710.016,Others,Holaspa Global Trading,Singapore,ActiveTrader,Academic,1,SG ROA,9,3978.876,994.59,498.1578428,TD Securities,China,Vivian Wang Min,,Commods,Commods,Petchem,Petchem,Petchem,Petchem,BZ-Naphtha Spread Futures,ABN Amro,21,0.25,1,ActiveBroker,T,FY22
10206,10206,TD Securities,SGROA NBS,ActiveBroker,ActiveTrader,LiquidityProvider,MarketMaker,TANSY,Screen,Client,13111.5,18887.66018,12678.22883,CN,2021-02,USD,S016,2020,Q1,2,1H,125.775,Buy-Side,Fonterra Commodities Limited,Singapore,ActiveTrader,Academic,0.5,Europe,2122,4540.8,570.825,0,TD Securities,Tier 1,Kenny Groth,,Financials,Equity Derivatives,Equity,Equity Index,CN,China A50 Index Futures,China A50 Index Futures,BNP Paribas,21,1,1,ActiveTrader,T,FY18
10206,10206,TD Securities,SGROA NBS,ActiveBroker,ActiveTrader,LiquidityProvider,MarketMaker,CHIALPL,Screen,Client,2643.3,0,82.5,CWF,2023-02,USD,S328,2022,Q1,2,1H,-29.25257243,Brokerage/Agency,Qube,Singapore,LiquidityProvider,Academic,1,SG ROA,463,7.25625,7741.935,0,TD Securities,GAM,Tan Say Liang,,Commods,Commods,FFA,FFA,FFA,FFA,Capesize Time Charter Average (5 Routes) Futures,HGNH,19,0.25,1,MarketMaker,T+1,FY25
10206,10206,TD Securities,Europe NBS,ActiveBroker,ActiveTrader,LiquidityProvider,MarketMaker,LIYAN,Screen,Client,6654,1150269.937,125,CWFO,2024-11,USD,S350,2024,Q4,11,2H,14.5125,Trading Firms,Alam Commodities DMCC,Singapore,LiquidityProvider,Academic,1,USA,38660,14.706,42.2346,0,TD Securities,Tier 1,Brenna Koh,,Commods,Commods,FFA,FFA,FFA,FFA,Capesize Time Charter (5 Routes) Average Futures O,Macquarie,22,1,1,LiquidityProvider,T,FY17
10206,10206,TD Securities,SGROA NBS,ActiveBroker,ActiveTrader,LiquidityProvider,MarketMaker,LEEJW,Screen,Client,30.8,0,372,FCH,2021-08,USD,S078,2021,Q3,8,2H,1379.655,PTG,Bunge Limited,Singapore,ActiveTrader,Academic,1,China,11436,3173.4,218.655,7830.859757,TD Securities,Tier 2,Britney Tan Hwee Sian,,Financials,Equity Derivatives,Equity,Equity Index,FCH,FTSE China H50 Index Futures,FTSE China H50 Index Futures,HGNH,22,1,1,ActiveTrader,T+1,FY25
10206,10206,TD Securities,International Sales RM,ActiveBroker,ActiveTrader,LiquidityProvider,MarketMaker,GROTHK,NLT,House,468.6,3733.464714,539,FEF,2021-07,USD,S888,2021,Q3,7,2H,1611.468,Trading Firms,Algorithmic Trading Group,Singapore,MarketMaker,Academic,1,USA,58,392.7,69.66,0,TD Securities,Tier 3,Vivian Wang Min,,Commods,Commods,Iron ore,Iron ore,Iron Ore,Iron ore,TSI Iron Ore CFR China (62% Fe Fines) Index Future,Macquarie,21,1,1,ActiveTrader,T+1,FY20
10206,10206,TD Securities,International Sales RM,ActiveBroker,ActiveTrader,LiquidityProvider,MarketMaker,GOCSEIR,Screen,Client,26,0,3562.9,FEFO,2021-04,USD,S020,2020,Q2,4,1H,7126.605,Trading Firms,Korea Investment & Securities (Client),Singapore,ActiveBroker,Academic,1,SG ROA,18344.5,-16.65879245,1419,0,TD Securities,Commods,Britney Tan Hwee Sian,,Commods,Commods,Iron ore,Iron ore,Iron Ore,Iron ore,TSI Iron Ore CFR China (62% FE Fines) Index Future,ADMIS,22,1,1,MarketMaker,T,FY17
10206,10206,TD Securities,SGROA NBS,ActiveBroker,ActiveTrader,LiquidityProvider,MarketMaker,LIYAN,Screen,Client,19586.6,0,427.5,FEFTS,2023-07,USD,S888,2023,Q3,7,2H,13.674,Buy-Side,HNK Alpha,Singapore,LiquidityProvider,Academic,1,Omnibus,19,3055.365,139.32,0,TD Securities,China,David Wang Lipeng,,Commods,Commods,Iron Ore,Iron Ore,Iron Ore,Iron Ore,TSI Iron Ore CFR China (62% Fe Fines) Index Futures (Trade-at-Settlement),Marex,21,1,1,LiquidityProvider,T,FY18
10206,10206,TD Securities,SGROA NBS,ActiveBroker,ActiveTrader,LiquidityProvider,MarketMaker,WANGV,NLT,Client,477.6,0,46929.30207,FID,2024-05,USD,S016,2023,Q2,5,1H,504.648,Trading Firms,K2J Global IFSC,Singapore,ActiveTrader,Academic,0.125,Europe,4990,1484.532,2.58,0,TD Securities,Tier 1,Renaud Gocsei,,Financials,Equity Derivatives,Equity,Equity Index,FID,FTSE Indonesia Index Futures,FTSE Indonesia Index Futures,Phillip,19,1,1,LiquidityProvider,T,FY17
10206,10206,TD Securities,GAM,ActiveBroker,ActiveTrader,LiquidityProvider,MarketMaker,TANBHS|JUDGEM,Screen,House,152.9,0,484,FVN,2024-08,USD,S660,2024,Q3,8,2H,520.9528299,Brokerage/Agency,Clearlake Shipping Pte Ltd,Singapore,LiquidityProvider,Academic,1,SG ROA,422,7761.93,911.772,0,TD Securities,Commods,Tan Say Liang,,Financials,Equity Derivatives,Equity,Equity Index,FVN,SGX FTSE Vietnam 30 Index Futures,FTSE Vietnam 30 Index Futures,SG Securities,22,1,1,LiquidityProvider,T,FY17
10206,10206,TD Securities,Commodities Sales,ActiveBroker,ActiveTrader,LiquidityProvider,MarketMaker,TANSY,Screen,Client,1728,13250.74627,255,GIN,2022-10,USD,S009,2022,Q4,10,2H,15.48,PTG,ENO SEC Limited,Singapore,ActiveBroker,Academic,0.5,Japan,973,309.6,1651.716,0,TD Securities,GAM,Kenny Groth,,Financials,Equity Derivatives,Equity,Equity Index,GIN,GIFT Derivatives,GIFT City Index Futures,JP Morgan,22,1,1,ActiveTrader,T,FY18
10206,10206,TD Securities,Commodities Sales,ActiveBroker,ActiveTrader,LiquidityProvider,MarketMaker,GROTHK,Screen,Client,770,1650,1147.8,GINB,2024-12,USD,S350,2024,Q4,12,2H,124.872,Buy-Side,Millennium Capital Management,Singapore,ActiveTrader,Academic,0.5,Omnibus,34,184.6635,2797.236,0,TD Securities,China,Richard Wenk,,Financials,Equity Derivatives,Equity,Equity Index,GINB,GIFT Derivatives,GIFT City Bank Index Futures,SG Securities,19,1,1,ActiveTrader,T+1,FY14
10206,10206,TD Securities,Commodities Sales,ActiveBroker,ActiveTrader,LiquidityProvider,MarketMaker,KOHBRENNA|DAVEYC,Screen,Client,172.8,0,286,HWF,2023-01,USD,S168,2022,Q1,1,1H,2.58,Trading Firms,Hoogwegt Group,Singapore,ActiveTrader,Academic,0.5,SG ROA,850,104,21.285,5290.392867,TD Securities,GAM,Britney Tan Hwee Sian,,Commods,Commods,FFA,FFA,FFA,FFA,Baltic Handysize Time Charter Average (7 Routes) Futures,Phillip,18,0.25,1,LiquidityProvider,T+1,FY22
10206,10206,TD Securities,GAM,ActiveBroker,ActiveTrader,LiquidityProvider,MarketMaker,LUSHB,Screen,Client,12.1,19575.70387,3432,IU,2021-03,USD,S350,2020,Q1,3,1H,947.6711824,Trading Firms,K2J Global IFSC,Singapore,LiquidityProvider,Academic,0.25,Hong Kong,62.5,4682.136156,185087.136,6313.164498,TD Securities,GAM,Vivian Wang Min,,Financials,FX/IR,FX,FX,IU,INR/USD FX Futures,INR/USD Futures,BNP Paribas,19,1,1,MarketMaker,T,FY24
10206,10206,TD Securities,International Sales RM,ActiveBroker,ActiveTrader,LiquidityProvider,MarketMaker,WENKR,NLT,Client,1220764.6,0,175.5,JB,2023-08,USD,S011,2023,Q3,8,2H,92.88,Trading Firms,Merrill Lynch,Singapore,LiquidityProvider,Academic,1,Hong Kong,22.5,735.3258,19382.895,0,TD Securities,Commods,David Chiam,,Financials,FX/IR,Interest Rates,Interest Rates,JB,JGB Futures,Mini Japanese Government Bond (JGB) Futures,Goldman Sachs,20,0.125,1,ActiveTrader,T,FY21
10206,10206,TD Securities,SGROA NBS,ActiveBroker,ActiveTrader,LiquidityProvider,MarketMaker,COHENC,Screen,Client,50,0,21.39266934,KRW,2025-10,USD,S001,2025,Q4,10,2H,387,PTG,Morgan Stanley Omnibus,Singapore,LiquidityProvider,Academic,1,USA,3029,116.1,4363.425,0,TD Securities,China,Tan Say Liang,,Financials,FX/IR,FX,FX,KRW,KRW/USD FX Futures (Full-Sized),KRW/USD FX Futures (Full-Sized),JP Morgan,22,0.5,1,ActiveTrader,T,FY18
10206,10206,TD Securities,International Sales RM,ActiveBroker,ActiveTrader,LiquidityProvider,MarketMaker,COHENC,Screen,Client,9653.8,388.8,-4468.662953,KU,2022-08,USD,S061,2022,Q3,8,2H,35.2428,Buy-Side,Mega Futures Agency,Singapore,ActiveTrader,Academic,1,SG ROA,425,74004.72,3225,0,TD Securities,Tier 2,Richard Wenk,,Financials,FX/IR,FX,FX,KU,KRW/USD FX Futures (Mini),KRW/USD FX Futures (Mini),Barclays,18,1,1,LiquidityProvider,T+1,FY18
10206,10206,TD Securities,China,ActiveBroker,ActiveTrader,LiquidityProvider,MarketMaker,WANGV|LIYAN,Screen,Client,1909,0,25,LIHF,2022-05,USD,S011,2021,Q2,5,1H,580.5,PTG,Undisclosed,Singapore,MarketMaker,Academic,1,SG ROA,1310,1.29,1217.25,2542.59,TD Securities,Tier 2,Britney Tan Hwee Sian,,Commods,Commods,Energy Metals,Energy Metals,Energy Metals,Energy Metals,SGX FM Lithium Hydroxide CIF CJK (Battery Grade) Futures,BPI,21,0.125,1,ActiveBroker,T+1,FY24
10206,10206,TD Securities,GAM,ActiveBroker,ActiveTrader,LiquidityProvider,MarketMaker,LEEKJ,Screen,Client,199.5,0,366.4,LPF,2024-07,USD,S883,2024,Q3,7,2H,712.725,Buy-Side,Undisclosed,Singapore,LiquidityProvider,Academic,1,China,1440,309.6,14.19,0,TD Securities,Tier 1,Britney Tan Hwee Sian,,Commods,Commods,Iron ore,Iron ore,Iron Ore,Iron ore,Platts Iron Ore CFR China (Lump Premium) Index Fut,Phillip,22,1,1,ActiveTrader,T+1,FY16
10206,10206,TD Securities,SGROA NBS,ActiveBroker,ActiveTrader,LiquidityProvider,MarketMaker,LIYAN,Screen,Client,3240,458.1651376,104,M65F,2022-03,USD,S001,2021,Q1,3,1H,15867,Trading Firms,Radix Trading LLC,Singapore,ActiveTrader,Academic,1,Omnibus,22,-134.9916869,1238.4,0,TD Securities,Tier 2,Carl Davey,,Commods,Commods,Iron ore,Iron ore,Iron Ore,Iron ore,MB Iron Ore CFR China (65% Fe Fines) Index Futures,Orient Futures,19,1,1,LiquidityProvider,T+1,FY14
10206,10206,TD Securities,America NBS,ActiveBroker,ActiveTrader,LiquidityProvider,MarketMaker,LUSHB,Screen,Client,6.6,2460,0,MC,2022-09,USD,S009,2022,Q3,9,2H,1501.56,Bank Trading Desks,Grandly Financial Services Limited,Singapore,ActiveTrader,Academic,0.75,Omnibus,6,97.2918,387,189.63,TD Securities,Tier 3,Bobby Lush,,Commods,Commods,Petchem,Petchem,Petchem,Petchem,ICIS Methanol CFR CN Swap,ABN Amro,21,1,1,LiquidityProvider,T,FY17
10206,10206,TD Securities,International Sales RM,ActiveBroker,ActiveTrader,LiquidityProvider,MarketMaker,KOHBRENNA|TANBHS,Screen,Client,3077.4,36.75,29340,MF5F,2022-01,USD,S016,2021,Q1,1,1H,3031.5,Brokers Prop,Vitry Middle East General Trading LLC,Singapore,ActiveTrader,Academic,1,Europe,285445,1032,64.5,0,TD Securities,GAM,Lily Chia,,Commods,Commods,Oil,Oil,Oil,Oil,Platts Marine Fuel 0.5% FOB Singapore Futures,Mizuho SG,19,0.125,1,LiquidityProvider,T+1,FY26
10206,10206,TD Securities,GAM,ActiveBroker,ActiveTrader,LiquidityProvider,MarketMaker,JUDGEM|TANSY,Screen,Client,22630.3,0,75.2,MTWN,2023-04,USD,S009,2022,Q2,4,1H,451.5,PTG,Schonfeld Strategic,Singapore,LiquidityProvider,Academic,1,SG ROA,5881,273.996,1923.39,22.1364,TD Securities,Tier 3,Paul Macchione,,Financials,Equity Derivatives,Equity,Equity Index,MTWN,Micro FTSE Taiwan Index Futures,Micro FTSE Taiwan Index Futures,YongAn,21,1,1,MarketMaker,T,FY19
10206,10206,TD Securities,SGROA NBS,ActiveBroker,ActiveTrader,LiquidityProvider,MarketMaker,GROTHK,Screen,Client,160.5,0,42.4,MXF,2025-02,USD,S111,2024,Q1,2,1H,351.525,Buy-Side,Balyasny Asset Management,Singapore,LiquidityProvider,Academic,1,SG ROA,276,213.624,1238.4,0,TD Securities,Omnibus,Vivian Wang Min,,Commods,Commods,Petchem,Petchem,Petchem,Petchem,SGX ICIS Isomer MX FOB Korea Futures,SG Securities,19,1,1,ActiveTrader,T,FY22
10206,10206,TD Securities,SGROA RM,ActiveBroker,ActiveTrader,LiquidityProvider,MarketMaker,LUSHB|KOHBRENNA,Screen,Client,356.7,0,200,ND,2022-12,USD,S660,2022,Q4,12,2H,1905.865368,Brokerage/Agency,Phillip Nova,Singapore,MarketMaker,Academic,1,Europe,471.5,0.85785,12515.58,2429.844,TD Securities,GAM,Craig Cohen,,Financials,Equity Derivatives,Equity,Dividend Index,ND,Nikkei Stock Average Dividend Point Index Futures,Nikkei Stock Average Dividend Point Index Futures,Citigroup,19,1,1,LiquidityProvider,T,FY14
10206,10206,TD Securities,China,ActiveBroker,ActiveTrader,LiquidityProvider,MarketMaker,LEEJW,NLT,Client,390.6,166.2,1680,NJ,2025-05,USD,S020,2024,Q2,5,1H,1161,Trading Firms,HSBC House,Singapore,LiquidityProvider,Academic,0.125,China,550,983.625,774,0,TD Securities,Tier 1,Brenna Koh,,Commods,Commods,Oil,Oil,Oil,Oil,Naphtha Swap CFR Japan,Orient Futures,18,1,1,LiquidityProvider,T,FY15
10206,10206,TD Securities,China,ActiveBroker,ActiveTrader,LiquidityProvider,MarketMaker,TANSY,Screen,Client,2384.15,0,1.5,NK,2021-06,USD,S078,2020,Q2,6,1H,9.288,Trading Firms,Millennium Capital Management,Singapore,LiquidityProvider,Academic,1,USA,35,2210.0925,3133.4745,6295.6773,TD Securities,Commods,Renaud Gocsei,,Financials,Equity Derivatives,Equity,Equity Index,NK,Nikkei 225 Index Futures,Nikkei 225 Index Futures,Phillip,19,1,1,LiquidityProvider,T,FY17
10206,10206,TD Securities,Commodities Sales Europe,ActiveBroker,ActiveTrader,LiquidityProvider,MarketMaker,KOHBRENNA,NLT,House,192.15,0,800,PWF,2023-06,USD,S020,2022,Q2,6,1H,6740.25,Brokerage/Agency,Undisclosed,Singapore,MarketMaker,Academic,1,Hong Kong,188874,99.072,70.95,290.25,TD Securities,China,Vivian Wang Min,,Commods,Commods,FFA,FFA,FFA,FFA,Baltic Panamax Time Charter Average (5 Routes) Futures,Phillip,19,1,1,LiquidityProvider,T,FY15
10206,10206,TD Securities,International Sales RM,ActiveBroker,ActiveTrader,LiquidityProvider,MarketMaker,GROTHK|JUDGEM,NLT,Client,1,0,0.12,PWFO,2024-04,USD,S888,2023,Q2,4,1H,774,Buy-Side,Ando Securities,Singapore,LiquidityProvider,Academic,1,Hong Kong,338,29370.8232,59.598,0,TD Securities,Commods,David Wang Lipeng,,Commods,Commods,FFA,FFA,FFA,FFA,Baltic Panamax Time Charter Average (5 Route) Options,Macquarie,21,1,1,ActiveTrader,T,FY20
10206,10206,TD Securities,Commodities Sales,ActiveBroker,ActiveTrader,LiquidityProvider,MarketMaker,LEEKJ,Screen,Client,1486.8,0,387.2,PX,2021-12,SGD,S092,2021,Q4,12,2H,77.4,Buy-Side,Undisclosed,Singapore,ActiveBroker,Academic,1,SG ROA,5858.125,20.64,2.25,99.0978,TD Securities,GAM,Richard Wenk,,Commods,Commods,Petchem,Petchem,Petchem,Petchem,Platts PX CFR Taiwan/China Swap,OCBC Securities,21,1,1,LiquidityProvider,T+1,FY14
10206,10206,TD Securities,SGROA NBS,ActiveBroker,ActiveTrader,LiquidityProvider,MarketMaker,LUSHB,Screen,Client,1290,0,10783.06742,PXF,2022-02,USD,S001,2021,Q1,2,1H,92.88,Others,Jump Trading,Singapore,MarketMaker,Academic,1,SG ROA,4596,214.7550364,1640,0,TD Securities,China,Bobby Lush,,Commods,Commods,Petchem,Petchem,Petchem,Petchem,Platts PX CFR Taiwan/China Futures,Goldman Sachs,19,1,1,LiquidityProvider,T,FY16
10206,10206,TD Securities,International Sales RM,ActiveBroker,ActiveTrader,LiquidityProvider,MarketMaker,WANGD|WANGV,NLT,Client,50,7658,12.35,PXN,2022-04,USD,S389,2021,Q2,4,1H,14408.655,Brokers Prop,Verition Fund Management LLC,Singapore,MarketMaker,Academic,1,Omnibus,20,-29222.11241,2709,1648.599646,TD Securities,Commods,Brenna Koh,,Commods,Commods,Petchem,Petchem,Petchem,Petchem,PX-Naphtha Spread Swaps,HSBC,21,0.125,1,MarketMaker,T,FY14
10206,10206,TD Securities,GAM,ActiveBroker,ActiveTrader,LiquidityProvider,MarketMaker,TANBHS|LEEKJ,Screen,Client,5211.8,0,514.75,PXNF,2021-01,USD,S660,2020,Q1,1,1H,102.0777,Trading Firms,Macquarie Bank,Singapore,MarketMaker,Academic,1,Omnibus,101,201.24,426.474,0,TD Securities,GAM,Renaud Gocsei,,Commods,Commods,Petchem,Petchem,Petchem,Petchem,PX-Naphtha Spread Futures,BPI,18,1,1,ActiveBroker,T,FY22
10206,10206,TD Securities,International Sales RM,ActiveBroker,ActiveTrader,LiquidityProvider,MarketMaker,LIYAN,Screen,Client,2263.2,14333.2,2878.5,SGP,2021-05,USD,S660,2020,Q2,5,1H,2322,Buy-Side,DS Norden,Singapore,MarketMaker,Academic,1,China,3,3716.52225,2094.444,0,TD Securities,China,Yan Xuan Li,,Financials,Equity Derivatives,Equity,Equity Index,SGP,MSCI Singapore Free Index Futures,MSCI Singapore Free Index Futures,ABN Amro,22,1,1,ActiveBroker,T+1,FY17
10206,10206,TD Securities,America NBS,ActiveBroker,ActiveTrader,LiquidityProvider,MarketMaker,DAVEYC,Screen,Client,673,0,175444.1807,SMP,2023-11,USD,S108,2023,Q4,11,2H,1235.304,PTG,Agrocorp International,Singapore,LiquidityProvider,Academic,1,USA,2891,118645.3369,709.5,0,TD Securities,Tier 2,Richard Wenk,,Commods,Commods,Dairy,Dairy,Dairy,Dairy,SGX-NZX Global Skim Milk Powder (SMP) Futures,HGNH,19,1,1,ActiveTrader,T+1,FY22
10206,10206,TD Securities,America NBS,ActiveBroker,ActiveTrader,LiquidityProvider,MarketMaker,GOCSEIR,Screen,Client,825.6,0,-59696.46108,SWF,2024-06,USD,S660,2023,Q2,6,1H,269.61,Buy-Side,Boronia Diversified Fund (Master) Ltd,Singapore,LiquidityProvider,Academic,1,China,2409,3959.01,15.48,0,TD Securities,Tier 3,Brenna Koh,,Commods,Commods,FFA,FFA,FFA,FFA,Baltic Supramax Time Charter (10 Routes) Average F,Citigroup,19,1,1,LiquidityProvider,T,FY22
10206,10206,TD Securities,HK NBS,ActiveBroker,ActiveTrader,LiquidityProvider,MarketMaker,WANGV,Screen,Client,11601.85,0,13.2,TF,2023-03,USD,S883,2022,Q1,3,1H,6888.504287,Buy-Side,Qube,Singapore,LiquidityProvider,Academic,1,Hong Kong,15,804.315,7707.75,0,TD Securities,China,Toh Li,,Commods,Commods,Rubber,Rubber,Rubber,Rubber,SICOM TSR20 Futures,Macquarie,21,1,1,LiquidityProvider,T+1,FY26
10206,10206,TD Securities,China,ActiveBroker,ActiveTrader,LiquidityProvider,MarketMaker,TOHL,Screen,Client,100,1.92,5300,TU,2025-03,USD,S888,2024,Q1,3,1H,1451.25,Brokerage/Agency,Macquarie Bank,Singapore,LiquidityProvider,Academic,1,China,138,2.322,27.09,0,TD Securities,Tier 1,Craig Cohen,,Financials,FX/IR,FX,FX,TU,THB/USD FX Futures,THB/USD FX Futures,Orient Futures,19,1,1,LiquidityProvider,T+1,FY19
10206,10206,TD Securities,Europe NBS,ActiveBroker,ActiveTrader,LiquidityProvider,MarketMaker,LEEKJ|WENKR,Screen,Client,1000,0,40,TWN,2021-10,USD,S660,2021,Q4,10,2H,2844.914633,Buy-Side,Mercantile Exchange of Vietnam Corporation,Singapore,MarketMaker,Academic,1,USA,1500,56.76,757.875,0,TD Securities,GAM,Brenna Koh,,Financials,Equity Derivatives,Equity,Equity Index,TWN,FTSE Taiwan Index Futures,FTSE Taiwan Index Futures,YongAn,21,1,1,LiquidityProvider,T+1,FY20
10206,10206,TD Securities,China,ActiveBroker,ActiveTrader,LiquidityProvider,MarketMaker,KOHBRENNA,Screen,House,1966,250.6,1407,UC,2022-06,USD,S660,2021,Q2,6,1H,54555.92482,Brokerage/Agency,Flow Traders,Singapore,MarketMaker,Academic,1,Hong Kong,228.25,3.483,19.35,0,TD Securities,Tier 1,Britney Tan Hwee Sian,,Financials,FX/IR,FX,FX,UC,USD/CNH Futures,USD/CNH FX Futures,SG Securities,19,1,1,LiquidityProvider,T,FY26
10206,10206,TD Securities,International Sales RM,ActiveBroker,ActiveTrader,LiquidityProvider,MarketMaker,WANGV,NLT,Client,395.65,0.75,1680,UCO,2025-01,SGD,S011,2024,Q1,1,1H,1539.615,Others,Millennium Capital Management,Singapore,LiquidityProvider,Academic,0.5,USA,3588.5,294.378,7489.74,21317.28951,TD Securities,Commods,Carl Davey,,Financials,FX/IR,FX,FX,UCO,USD/CNH Options,USD/CNH FX Options,Barclays,18,1,1,LiquidityProvider,T,FY24
10206,10206,TD Securities,GAM,ActiveBroker,ActiveTrader,LiquidityProvider,MarketMaker,GROTHK,Screen,Client,16425,0,226.5352856,US,2024-03,SGD,S660,2023,Q1,3,1H,1851.795,Others,BNP Paribas,Singapore,LiquidityProvider,Academic,1,SG ROA,4814,30,479.88,482.0598644,TD Securities,Tier 1,Bobby Lush,,Financials,FX/IR,FX,FX,US,USD/SGD FX Futures,USD/SGD FX Futures (Mini),SG Securities,18,1,1,LiquidityProvider,T+1,FY16
10206,10206,TD Securities,International Sales RM,ActiveBroker,ActiveTrader,LiquidityProvider,MarketMaker,COHENC,Screen,Client,14458,0,2640,ZACE,2023-05,USD,S560,2022,Q2,5,1H,0.258,Buy-Side,Balyasny Asset Management,Singapore,LiquidityProvider,Academic,1,Europe,45,51.2775,5777.91,0,TD Securities,Commods,Richard Wenk,,Financials,Equity Derivatives,Equity,SSF,Indian SSF,Indian Single Stock Futures,Ambuja Cements Futures,Morgan Stanley,22,1,1,LiquidityProvider,T,FY14
10206,10206,TD Securities,GAM,ActiveBroker,ActiveTrader,LiquidityProvider,MarketMaker,JUDGEM,Screen,House,1547.65,0.6,40.8,ZAXS,2024-09,SGD,S560,2024,Q3,9,2H,20962.2,Trading Firms,Ovata Capital Management,Singapore,LiquidityProvider,Academic,1,SG ROA,50,-9.17e-15,11383.992,154.8,TD Securities,Tier 2,Brenna Koh,,Financials,Equity Derivatives,Equity,SSF,Indian SSF,Indian Single Stock Futures,Axis Bank Futures,KGI,21,1,1,ActiveTrader,T,FY23
10206,10206,TD Securities,International Sales RM,ActiveBroker,ActiveTrader,LiquidityProvider,MarketMaker,LUSHB|KOHBRENNA,Screen,Client,42,0,371.5266055,ZCOA,2025-08,USD,S001,2025,Q3,8,2H,62.952,Trading Firms,Wells Fargo Securities,Singapore,LiquidityProvider,Academic,1,Hong Kong,1852,287.3475,100.62,92.07048142,TD Securities,GAM,Carl Davey,,Financials,Equity Derivatives,Equity,SSF,Indian SSF,Indian Single Stock Futures,Coal India Futures,Morgan Stanley,19,1,1,LiquidityProvider,T,FY18
10206,10206,TD Securities,China,ActiveBroker,ActiveTrader,LiquidityProvider,MarketMaker,JUDGEM,NLT,Client,7293,0,501,ZHND,2024-01,SGD,S111,2023,Q1,1,1H,129,Buy-Side,Value Opportunities VCC - QIO Fund,Singapore,ActiveTrader,Academic,1,SG ROA,20,1204.073665,322.5,0,TD Securities,GAM,Tan Say Liang,,Financials,Equity Derivatives,Equity,SSF,Indian SSF,Indian Single Stock Futures,Hindalco Industries Futures,BPI,19,0.5,1,ActiveTrader,T,FY12
10206,10206,TD Securities,GAM,ActiveBroker,ActiveTrader,LiquidityProvider,MarketMaker,JUDGEM,Screen,Client,2580,117,29863,ZHPC,2025-07,SGD,S020,2025,Q3,7,2H,5389.6,Trading Firms,Longrun Financial,Singapore,LiquidityProvider,Academic,1,China,535,8431.698,27.606,0,TD Securities,China,David Wang Lipeng,,Financials,Equity Derivatives,Equity,SSF,Indian SSF,Indian Single Stock Futures,Hindustan Petroleum Corp Futures,CIMB,19,1,1,MarketMaker,T+1,FY25
10206,10206,TD Securities,SGROA RM,ActiveBroker,ActiveTrader,LiquidityProvider,MarketMaker,LIYAN,Screen,Client,40762.75,5162.800789,1.14e-13,ZLPC,2024-02,USD,S289,2023,Q1,2,1H,892.035,Trading Firms,TRADEPRO DMCC,Singapore,LiquidityProvider,Academic,1,SG ROA,280,0.387,928.026,0,TD Securities,Tier 2,Renaud Gocsei,,Financials,Equity Derivatives,Equity,SSF,Indian SSF,Indian Single Stock Futures,Lupin Futures,DBS Vickers,21,1,1,ActiveTrader,T,FY24
10206,10206,TD Securities,GAM,ActiveBroker,ActiveTrader,LiquidityProvider,MarketMaker,WANGD|WANGV,NLT,Client,20.4,0,446.6,ZNTP,2025-04,USD,S660,2024,Q2,4,1H,947.9205298,Buy-Side,Concord Futures Agency,Singapore,LiquidityProvider,Academic,1,Europe,1487,704.9026818,129,0,TD Securities,Tier 2,omnibus,,Financials,Equity Derivatives,Equity,SSF,Indian SSF,Indian Single Stock Futures,NTPC Futures,Marex,21,0.25,1,LiquidityProvider,T,FY20
10206,10206,TD Securities,Commodities Sales Europe,ActiveBroker,ActiveTrader,LiquidityProvider,MarketMaker,WANGD,Screen,Client,1523.15,10,2536.6,ZVDA,2025-06,USD,S009,2024,Q2,6,1H,0,Buy-Side,Millennium Capital Management,Singapore,MarketMaker,Academic,1,SG ROA,12451.5,307.4715,5.16,0,TD Securities,Tier 2,Britney Tan Hwee Sian,,Financials,Equity Derivatives,Equity,SSF,Indian SSF,Indian Single Stock Futures,Vedanta Limited Futures,HGNH,21,1,1,ActiveTrader,T,FY25
12208,12208,Theme,Omnibus,ActiveBroker,ActiveTrader,LiquidityProvider,MarketMaker,LUSHB,Screen,Client,39,254811.168,27.2,ACF,2021-05,USD,S289,2020,Q2,5,1H,1225.5,Bank Trading Desks,CSC Commodities UK LTD,Afghanistan,ActiveTrader,Academic,1,SG ROA,20,8523.528772,1315.8,0,Theme,Commods,Richard Wenk,,Commods,Commods,Coking Coal,Coking Coal,Coking Coal,Coking Coal,Coking Coal Futures,Mizuho SG,19,0.5,1,LiquidityProvider,T,FY14
12208,12208,Theme,China,ActiveBroker,ActiveTrader,LiquidityProvider,MarketMaker,WANGV,Screen,Client,1.5,0,366.8,ACFO,2023-05,USD,S389,2022,Q2,5,1H,2889.084,Buy-Side,BainBridge Navigation Pte Ltd,Afghanistan,ActiveTrader,Academic,0.75,Japan,4,10046.63313,2730.156,0,Theme,Tier 1,Penny Pan Ranran,,Commods,Commods,Coking Coal,Coking Coal,Coking Coal,Coking Coal,Coking Coal Options on Futures,IBKR,22,0.5,1,ActiveBroker,T+1,FY20
12208,12208,Theme,GAM,ActiveBroker,ActiveTrader,LiquidityProvider,MarketMaker,TANSY,Screen,Client,2046,0,4071.6,AMF,2022-06,USD,S888,2021,Q2,6,1H,619.2,Trading Firms,Undisclosed,Afghanistan,LiquidityProvider,Academic,1,SG ROA,41,619.2,356.7,0,Theme,Tier 2,Lily Chia,,Commods,Commods,Dairy,Dairy,Dairy,Dairy,SGX-NZX Global Anhydrous Milk Fat (AMF) Futures,Morgan Stanley,19,0.125,1,ActiveTrader,T+1,FY14
12208,12208,Theme,Europe NBS,ActiveBroker,ActiveTrader,LiquidityProvider,MarketMaker,COHENC,NLT,Client,366,0,82.5,BRL,2021-08,USD,S288,2021,Q3,8,2H,8621.07,Buy-Side,Bayar Trading,Afghanistan,LiquidityProvider,Academic,1,SG ROA,4935,1470.8322,3791.052,0,Theme,Tier 2,Vivian Wang Min,,Financials,FX/IR,FX,FX,BRL,SGX BRL/USD Futures,SGX BRL/USD Futures,JP Morgan,20,0.5,1,ActiveTrader,T+1,FY20
12208,12208,Theme,SGROA RM,ActiveBroker,ActiveTrader,LiquidityProvider,MarketMaker,KOHBRENNA|TANBHS,Screen,Client,150.15,0,174.6225,BTP,2024-08,USD,S883,2024,Q3,8,2H,2193,PTG,AMN Bulk Carriers,Afghanistan,LiquidityProvider,Academic,0.5,SG ROA,33500,-285.7386192,4407.93,0,Theme,China,Carl Davey,,Financials,FX/IR,Crypto,Cryptocurrencies,Crypto,SGX Bitcoin Perpetual Futures,SGX Bitcoin Perpetual Futures,Phillip,21,1,1,LiquidityProvider,T+1,FY22
12208,12208,Theme,GAM,ActiveBroker,ActiveTrader,LiquidityProvider,MarketMaker,TANBHS|DAVEYC,Screen,Client,81,0,190.4,BTR,2025-08,USD,S078,2025,Q3,8,2H,253.227,PTG,XTX Markets,Afghanistan,LiquidityProvider,Academic,1,China,33107.25,6416.718,1410.8472,150492.8291,Theme,Tier 1,Kenny Groth,,Commods,Commods,Dairy,Dairy,Dairy,Dairy,SGX-NZX Global Butter (BTR) Futures,Macquarie,22,1,0.5,MarketMaker,T,FY25
12208,12208,Theme,SGROA RM,ActiveBroker,ActiveTrader,LiquidityProvider,MarketMaker,GROTHK,NLT,Client,342,346.6216216,1.29,BZNF,2021-06,USD,S009,2020,Q2,6,1H,170.28,Brokerage/Agency,Transtrend,Afghanistan,ActiveTrader,Academic,1,SG ROA,40,18.447,75.465,66.48852492,Theme,China,Craig Cohen,,Commods,Commods,Petchem,Petchem,Petchem,Petchem,BZ-Naphtha Spread Futures,JP Morgan,21,1,1,LiquidityProvider,T+1,FY25
12208,12208,Theme,SGROA NBS,ActiveBroker,ActiveTrader,LiquidityProvider,MarketMaker,WANGV,Screen,Client,220,98.7,48877.5,C3F,2023-11,USD,S020,2023,Q4,11,2H,85.14,Brokerage/Agency,Alpha Academic Ltd,Afghanistan,ActiveTrader,Academic,0.125,China,44,4.8375,28892.7,0,Theme,Omnibus,Craig Cohen,,Commods,Commods,FFA,FFA,FFA,FFA,Capesize Route C3 Futures,Morgan Stanley,19,1,1,LiquidityProvider,T,FY17
12208,12208,Theme,International Sales RM,ActiveBroker,ActiveTrader,LiquidityProvider,MarketMaker,KOHBRENNA,Screen,Client,153854.8,0,12537,C5F,2024-11,USD,S350,2024,Q4,11,2H,6072.739514,PTG,Millennium Capital Management,Afghanistan,ActiveTrader,Academic,1,USA,400,77.4,59948.88,1192.801006,Theme,Tier 1,Carl Davey,,Commods,Commods,FFA,FFA,FFA,FFA,Capesize Route C5 Futures,Phillip,22,1,1,LiquidityProvider,T,FY17
12208,12208,Theme,China,ActiveBroker,ActiveTrader,LiquidityProvider,MarketMaker,TANBHS|DAVEYC,Screen,Client,240,0,-11.55744904,CWFO,2022-07,SGD,S078,2022,Q3,7,2H,395.901,Brokerage/Agency,Mika Resources (Singapore),Afghanistan,MarketMaker,Academic,1,Omnibus,1,1135.2,483.75,122.98,Theme,Omnibus,omnibus,,Commods,Commods,FFA,FFA,FFA,FFA,Capesize Time Charter (5 Routes) Average Futures O,Deutsche,19,1,1,LiquidityProvider,T,FY18
12208,12208,Theme,Omnibus,ActiveBroker,ActiveTrader,LiquidityProvider,MarketMaker,KOHBRENNA|GROTHK,Screen,Client,7600,0,28.7,EJP,2023-07,USD,S011,2023,Q3,7,2H,142.2225,Trading Firms,Citigroup Prop,Afghanistan,ActiveTrader,Academic,1,China,50,7283.216841,102.555,0,Theme,China,Craig Cohen,,Financials,Equity Derivatives,Equity,Equity Index,EJP,EJP,SGX FTSE Blossom Japan Index Futures,Yuanta Global,22,1,1,ActiveTrader,T+1,FY13
12208,12208,Theme,Commodities Sales,ActiveBroker,ActiveTrader,LiquidityProvider,MarketMaker,LUSHB|KOHBRENNA,Screen,Client,97.75,0,4599,ETP,2023-10,USD,S001,2023,Q4,10,2H,36221.8584,PTG,Balyasny Asset Management,Afghanistan,ActiveTrader,Academic,1,Hong Kong,12,2284.59,516,0,Theme,Tier 1,Richard Wenk,,Financials,FX/IR,Crypto,Cryptocurrencies,Crypto,SGX Ethereum Perpetual Futures,SGX Ethereum Perpetual Futures,Morgan Stanley,21,1,1,LiquidityProvider,T,FY15
12208,12208,Theme,SGROA RM,ActiveBroker,ActiveTrader,LiquidityProvider,MarketMaker,LUSHB|KOHBRENNA,NLT,Client,71.75,0,0,FEFTS,2021-03,USD,S350,2020,Q1,3,1H,2043.185485,Buy-Side,Maven Investment Partners Limited,Afghanistan,LiquidityProvider,Academic,1,Hong Kong,3106,1748.208,21.93,0,Theme,Tier 2,David Wang Lipeng,,Commods,Commods,Iron Ore,Iron Ore,Iron Ore,Iron Ore,TSI Iron Ore CFR China (62% Fe Fines) Index Futures (Trade-at-Settlement),Merrill Lynch,21,0.5,1,ActiveTrader,T+1,FY15
12208,12208,Theme,International Sales RM,ActiveBroker,ActiveTrader,LiquidityProvider,MarketMaker,LUSHB,Screen,Client,13275,28547.46256,1452.75,FID,2022-01,USD,S092,2021,Q1,1,1H,42.57,Brokerage/Agency,Verition Fund Management LLC,Afghanistan,LiquidityProvider,Academic,0.125,Omnibus,21093,14.19,18149.01,0,Theme,Tier 3,Vivian Wang Min,,Financials,Equity Derivatives,Equity,Equity Index,FID,FTSE Indonesia Index Futures,FTSE Indonesia Index Futures,GH Financials,21,1,1,ActiveTrader,T+1,FY24
12208,12208,Theme,GAM,ActiveBroker,ActiveTrader,LiquidityProvider,MarketMaker,GROTHK,Screen,House,938.9,0,700,FVN,2022-04,USD,S001,2021,Q2,4,1H,71.595,PTG,Flow Traders,Afghanistan,ActiveTrader,Academic,1,China,638,309.6,13020.6279,0,Theme,GAM,Yan Xuan Li,,Financials,Equity Derivatives,Equity,Equity Index,FVN,SGX FTSE Vietnam 30 Index Futures,FTSE Vietnam 30 Index Futures,Phillip,19,1,1,ActiveTrader,T,FY17
12208,12208,Theme,SGROA NBS,ActiveBroker,ActiveTrader,LiquidityProvider,MarketMaker,TANSY,Screen,Client,120,0,231,GINB,2022-08,USD,S389,2022,Q3,8,2H,-3370.645161,Trading Firms,Qingdao Lide,Afghanistan,LiquidityProvider,Academic,1,Hong Kong,100,64.5,899.775,22178.2078,Theme,Tier 3,David Chiam,,Financials,Equity Derivatives,Equity,Equity Index,GINB,GIFT Derivatives,GIFT City Bank Index Futures,Macquarie,21,0.25,0.5,ActiveTrader,T+1,FY16
12208,12208,Theme,SGROA RM,ActiveBroker,ActiveTrader,LiquidityProvider,MarketMaker,TANBHS,Screen,Client,61.5,0,66,JB,2021-04,USD,S813,2020,Q2,4,1H,5.676,Buy-Side,Qube,Afghanistan,MarketMaker,Academic,0.5,SG ROA,41,140.25,387,0,Theme,Tier 1,Britney Tan Hwee Sian,,Financials,FX/IR,Interest Rates,Interest Rates,JB,JGB Futures,Mini Japanese Government Bond (JGB) Futures,Merrill Lynch,21,1,1,LiquidityProvider,T,FY21
12208,12208,Theme,International Sales RM,ActiveBroker,ActiveTrader,LiquidityProvider,MarketMaker,TANBHS|DAVEYC,Screen,House,8844,0,1.44,KRW,2023-06,USD,S888,2022,Q2,6,1H,1583.604,Buy-Side,Saxo Capital Markets,Afghanistan,ActiveTrader,Academic,1,Omnibus,10,1123.848,13785.585,0,Theme,Tier 2,Jun Won Lee,,Financials,FX/IR,FX,FX,KRW,KRW/USD FX Futures (Full-Sized),KRW/USD FX Futures (Full-Sized),Goldman Sachs,21,1,1,LiquidityProvider,T+1,FY24
12208,12208,Theme,Omnibus,ActiveBroker,ActiveTrader,LiquidityProvider,MarketMaker,KOHBRENNA|GROTHK,NLT,Client,9141,0,31675.47,LPF,2022-03,USD,S350,2021,Q1,3,1H,61.404,Trading Firms,K2J Global IFSC,Afghanistan,ActiveTrader,Academic,1,Europe,2982,1664.58375,23132.925,6269.4,Theme,GAM,Craig Cohen,,Commods,Commods,Iron ore,Iron ore,Iron Ore,Iron ore,Platts Iron Ore CFR China (Lump Premium) Index Fut,SG Securities,19,1,1,ActiveTrader,T+1,FY16
12208,12208,Theme,GAM,ActiveBroker,ActiveTrader,LiquidityProvider,MarketMaker,LUSHB,NLT,Client,440,546.6398192,26494.31462,M42F,2024-12,USD,S016,2024,Q4,12,2H,1588.635,Brokers Prop,Verition Fund Management LLC,Afghanistan,ActiveTrader,Academic,1,Hong Kong,10,1.935,2073.288,0,Theme,GAM,omnibus,,Commods,Commods,Thermal Coal,Thermal Coal,Thermal Coal,Thermal Coal,IHS McCloskey M42 - Indonesian 4200kc GAR FOB Ther,StoneX,19,0.125,1,ActiveTrader,T+1,FY19
12208,12208,Theme,International Sales RM,ActiveBroker,ActiveTrader,LiquidityProvider,MarketMaker,DAVEYC|TOHL,Screen,Client,6,3149.230036,13.5,MEG,2024-04,USD,S888,2023,Q2,4,1H,70.66392851,Brokers Prop,Futu Singapore,Afghanistan,ActiveTrader,Academic,0.25,SG ROA,10357,37.41,2073.159,0,Theme,Tier 3,Renaud Gocsei,,Commods,Commods,Petchem,Petchem,Petchem,Petchem,ICIS MEG CFR China Swap,DBS Vickers,21,1,1,ActiveTrader,T+1,FY14
12208,12208,Theme,Commodities Sales,ActiveBroker,ActiveTrader,LiquidityProvider,MarketMaker,WANGV,NLT,Client,26392.5,124.2,169.5,MEGF,2025-06,USD,S560,2024,Q2,6,1H,33.54,PTG,Transtrend,Afghanistan,MarketMaker,Academic,1,SG ROA,17154,97.266,3.87,0,Theme,Tier 3,Britney Tan Hwee Sian,,Commods,Commods,Petchem,Petchem,Petchem,Petchem,ICIS MEG CFR China Futures,UBS Futures,18,1,1,LiquidityProvider,T,FY16
12208,12208,Theme,GAM,ActiveBroker,ActiveTrader,LiquidityProvider,MarketMaker,GROTHK|JUDGEM,Screen,Client,475,0,300,MKP,2024-09,USD,S020,2024,Q3,9,2H,1315.8,Buy-Side,Synergy Link Capital Sdn. Bhd.,Afghanistan,ActiveTrader,Academic,1,Europe,28571,7.095,1504.14,0,Theme,Tier 3,Bobby Lush,,Commods,Commods,Dairy,Dairy,Dairy,Dairy,SGX-NZX NZ Milk Price (MKP) Futures,Merrill Lynch,19,1,1,ActiveTrader,T,FY23
12208,12208,Theme,GAM,ActiveBroker,ActiveTrader,LiquidityProvider,MarketMaker,GROTHK,Screen,Client,271.7,0,50,MTWD,2025-02,USD,S016,2024,Q1,2,1H,12439.4,Brokerage/Agency,Crabel Capital Management LLC,Afghanistan,LiquidityProvider,Academic,0.25,SG ROA,584,39083.13,23085.711,658.674,Theme,Tier 3,Richard Wenk,,Financials,FX/IR,FX,FX,MTWD,SGX TWD/USD FX (Micro) Futures,SGX TWD/USD FX (Micro) Futures,Orient Futures,21,1,1,LiquidityProvider,T,FY15
12208,12208,Theme,Europe NBS,ActiveBroker,ActiveTrader,LiquidityProvider,MarketMaker,WANGD|WANGV,Screen,Client,531.6,1500,-56.2352459,MUC,2024-05,USD,S660,2023,Q2,5,1H,328.95,Brokerage/Agency,Tiger Brokers (HK) Global Limited,Afghanistan,ActiveTrader,Academic,1,China,3503,77.4,105.78,0,Theme,Omnibus,Brenna Koh,,Financials,FX/IR,FX,FX,MUC,USD/CNH Futures,USD/CNH FX Futures Mini,Barclays,18,0.25,1,ActiveTrader,T,FY23
12208,12208,Theme,SGROA RM,ActiveBroker,ActiveTrader,LiquidityProvider,MarketMaker,KOHBRENNA,Screen,Client,0,0,1105,MXF,2022-10,USD,S108,2022,Q4,10,2H,1435,PTG,Jinrui Futures,Afghanistan,ActiveTrader,Academic,1,SG ROA,6,2572.647,774,0,Theme,Tier 3,Brenna Koh,,Commods,Commods,Petchem,Petchem,Petchem,Petchem,SGX ICIS Isomer MX FOB Korea Futures,Phillip,19,1,1,ActiveTrader,T,FY24
12208,12208,Theme,International Sales RM,ActiveBroker,ActiveTrader,LiquidityProvider,MarketMaker,CHIALPL,Screen,Client,145.8,0,-4951.25486,NJ,2023-01,USD,S078,2022,Q1,1,1H,877.2,Trading Firms,Propex Singapore Pte Ltd,Afghanistan,ActiveTrader,Academic,0.5,Omnibus,155,69.66,41.022,186.24375,Theme,China,Lily Chia,,Commods,Commods,Oil,Oil,Oil,Oil,Naphtha Swap CFR Japan,Goldman Sachs,21,1,1,ActiveTrader,T,FY24
12208,12208,Theme,China,ActiveBroker,ActiveTrader,LiquidityProvider,MarketMaker,TOHL,Screen,Client,45,45.79555794,466.4634146,NKO,2024-03,USD,S660,2023,Q1,3,1H,1032,Trading Firms,Enesel Group,Afghanistan,LiquidityProvider,Academic,1,Europe,271,2331.288,206.4,0,Theme,Tier 2,Kenny Groth,,Financials,Equity Derivatives,Equity,Equity Index,NKO,Nikkei 225 Options,Nikkei 225 Options,Barclays,22,1,1,ActiveTrader,T,FY15
12208,12208,Theme,China,ActiveBroker,ActiveTrader,LiquidityProvider,MarketMaker,JUDGEM|TANSY,NLT,Client,524.55,0,200,NSP,2025-01,USD,S883,2024,Q1,1,1H,-70441.353,Brokerage/Agency,Goldman House,Afghanistan,LiquidityProvider,Academic,1,SG ROA,1108,146.7375,13.158,3283.613844,Theme,Tier 2,Brenna Koh,,Financials,Equity Derivatives,Equity,MSCI NTR,MSCI NTR,MSCI Singapore NTR (USD) Index Futures,MSCI Singapore NTR (USD) Index Futures,UBS Futures,21,1,1,LiquidityProvider,T,FY14
12208,12208,Theme,SGROA RM,ActiveBroker,ActiveTrader,LiquidityProvider,MarketMaker,LIYAN,Screen,House,20702.5,0,3300.5,PWF,2021-02,USD,S009,2020,Q1,2,1H,576.63,Brokerage/Agency,Schonfeld Strategic,Afghanistan,ActiveTrader,Academic,1,SG ROA,673,23.22,4121.292,3.38625,Theme,Tier 1,Jun Won Lee,,Commods,Commods,FFA,FFA,FFA,FFA,Baltic Panamax Time Charter Average (5 Routes) Futures,JP Morgan,21,1,1,LiquidityProvider,T,FY21
12208,12208,Theme,International Sales RM,ActiveBroker,ActiveTrader,LiquidityProvider,MarketMaker,LIYAN,Screen,Client,22482.9,3826.15,64.34,PWFO,2021-12,USD,S560,2021,Q4,12,2H,-4143.9057,Brokerage/Agency,Optiver,Afghanistan,ActiveTrader,Academic,0.5,SG ROA,14,6796.824563,3436.56,0,Theme,Commods,omnibus,,Commods,Commods,FFA,FFA,FFA,FFA,Baltic Panamax Time Charter Average (5 Route) Options,Deutsche,19,0.5,1,LiquidityProvider,T+1,FY22
12208,12208,Theme,International Sales RM,ActiveBroker,ActiveTrader,LiquidityProvider,MarketMaker,WANGV,NLT,Client,3925,0,3.6,RT,2025-07,USD,S660,2025,Q3,7,2H,6.15,Brokerage/Agency,Huatai Securities,Afghanistan,MarketMaker,Academic,1,Hong Kong,45,108078.8445,479.622,0,Theme,Commods,Carl Davey,,Commods,Commods,Rubber,Rubber,Rubber,Rubber,Rubber,Phillip,21,1,1,LiquidityProvider,T,FY26
12208,12208,Theme,HK NBS,ActiveBroker,ActiveTrader,LiquidityProvider,MarketMaker,KOHBRENNA,Screen,Client,489,550,503.75,SMP,2021-07,USD,S001,2021,Q3,7,2H,22258.434,PTG,Flow Traders,Afghanistan,LiquidityProvider,Academic,1,Europe,206,7.33e-14,266.772,0,Theme,Tier 2,David Wang Lipeng,,Commods,Commods,Dairy,Dairy,Dairy,Dairy,SGX-NZX Global Skim Milk Powder (SMP) Futures,HGNH,21,1,1,ActiveTrader,T,FY18
12208,12208,Theme,Commodities Sales Europe,ActiveBroker,ActiveTrader,LiquidityProvider,MarketMaker,WANGD,Screen,House,1078,0,732.9186677,SMPO,2024-10,USD,S020,2024,Q4,10,2H,-22.575,Buy-Side,Huatai Futures,Afghanistan,ActiveBroker,Academic,0.5,SG ROA,1404,799.1808,3.06375,0,Theme,Tier 1,Richard Wenk,,Commods,Commods,Dairy,Dairy,Dairy,Dairy,SGX-NZX Global Skim Milk Powder (SMP) Options,Barclays,19,1,1,LiquidityProvider,T,FY24
12208,12208,Theme,International Sales RM,ActiveBroker,ActiveTrader,LiquidityProvider,MarketMaker,GOCSEIR,Screen,Client,58.5,0,243.2,ST,2023-12,USD,S328,2023,Q4,12,2H,9.03,PTG,ADMIS (Thomas David James Mold),Afghanistan,ActiveTrader,Academic,0.25,SG ROA,13464,309.6,1419,64478.70533,Theme,Tier 3,William Gulya,,Financials,Equity Derivatives,Equity,Equity Index,ST,Straits Times Index Futures,Straits Times Index Futures,Goldman Sachs,21,1,1,MarketMaker,T,FY24
12208,12208,Theme,Commodities Sales,ActiveBroker,ActiveTrader,LiquidityProvider,MarketMaker,WANGV,Screen,Client,7096.1,0,600,SWF,2022-02,SGD,S560,2021,Q1,2,1H,1533.939,Buy-Side,Undisclosed,Afghanistan,LiquidityProvider,Academic,0.5,Hong Kong,1,645,3551.37,79836.036,Theme,Tier 1,Penny Pan Ranran,,Commods,Commods,FFA,FFA,FFA,FFA,Baltic Supramax Time Charter (10 Routes) Average F,JP Morgan,21,1,1,ActiveTrader,T,FY24
12208,12208,Theme,China,ActiveBroker,ActiveTrader,LiquidityProvider,MarketMaker,JUDGEM,Screen,House,1157,0,552.5,TFO,2023-08,USD,S350,2023,Q3,8,2H,-18.69357455,Brokerage/Agency,Tiger Brokers (NZ) Limited,Afghanistan,ActiveTrader,Academic,1,Omnibus,4560,1194.669,81013.548,2387.7,Theme,Commods,Vivian Wang Min,,Commods,Commods,Rubber,Rubber,Rubber,Rubber,SICOM TSR 20 Rubber Options,Barclays,19,1,1,ActiveTrader,T+1,FY18
12208,12208,Theme,China,ActiveBroker,ActiveTrader,LiquidityProvider,MarketMaker,LUSHB|KOHBRENNA,Screen,Client,202.77,0,27.2,TU,2022-11,USD,S883,2022,Q4,11,2H,20329.11,Trading Firms,Millennium Capital Management,Afghanistan,ActiveTrader,Academic,1,Europe,4,692.8332,2.322,0,Theme,AMAO,Vivian Wang Min,,Financials,FX/IR,FX,FX,TU,THB/USD FX Futures,THB/USD FX Futures,JP Morgan,21,1,1,LiquidityProvider,T+1,FY25
12208,12208,Theme,Commodities Sales,ActiveBroker,ActiveTrader,LiquidityProvider,MarketMaker,KOHBRENNA|DAVEYC,Screen,Client,15,0,18240,UCO,2022-09,USD,S061,2022,Q3,9,2H,43.344,Buy-Side,Millennium Capital Management,Afghanistan,LiquidityProvider,Academic,0.125,SG ROA,61,953.25,391.8375,0,Theme,China,Bobby Lush,,Financials,FX/IR,FX,FX,UCO,USD/CNH Options,USD/CNH FX Options,SG Securities,22,1,1,LiquidityProvider,T,FY16
12208,12208,Theme,SGROA NBS,ActiveBroker,ActiveTrader,LiquidityProvider,MarketMaker,WANGV,Screen,Client,16.4,0,412.5,US,2021-11,USD,S016,2021,Q4,11,2H,4.386,Buy-Side,CGS International Capital,Afghanistan,ActiveTrader,Academic,1,USA,9559,464.4,548.25,2.500275196,Theme,GAM,Brenna Koh,,Financials,FX/IR,FX,FX,US,USD/SGD FX Futures,USD/SGD FX Futures (Mini),BPI,19,0.5,1,LiquidityProvider,T+1,FY17
12208,12208,Theme,International Sales RM,ActiveBroker,ActiveTrader,LiquidityProvider,MarketMaker,KOHBRENNA,NLT,Client,934.5,0,32132.95938,WMP,2024-06,USD,S009,2023,Q2,6,1H,1418.355,PTG,Schonfeld Strategic,Afghanistan,ActiveTrader,Academic,0.125,Omnibus,7,1880.82,154.8,0,Theme,Commods,Tan Say Liang,,Commods,Commods,Dairy,Dairy,Dairy,Dairy,SGX-NZX Global Whole Milk Powder (WMP) Futures,Marex,22,1,1,MarketMaker,T,FY17
12208,12208,Theme,Commodities Sales,ActiveBroker,ActiveTrader,LiquidityProvider,MarketMaker,WANGV,Screen,Client,1386,1406.16,10069.5,WMPO,2025-05,USD,S009,2024,Q2,5,1H,0.122034557,PTG,Xinhu International Futures,Afghanistan,ActiveTrader,Academic,1,Europe,40,16964.274,1540.3245,28734.75,Theme,Tier 3,omnibus,,Commods,Commods,Dairy,Dairy,Dairy,Dairy,SGX-NZX Global Whole Milk Powder (WMP) Options,SG Securities,19,1,0.5,LiquidityProvider,T,FY23
12208,12208,Theme,GAM,ActiveBroker,ActiveTrader,LiquidityProvider,MarketMaker,GROTHK|JUDGEM,Screen,Client,13.2,0,25.5,ZACE,2021-01,USD,S888,2020,Q1,1,1H,32704.08,PTG,Millennium Capital Management,Afghanistan,ActiveBroker,Academic,1,SG ROA,18481,4756.101,25184.412,14916.32509,Theme,Commods,Kenneth Ng Say Chong,,Financials,Equity Derivatives,Equity,SSF,Indian SSF,Indian Single Stock Futures,Ambuja Cements Futures,UBS Futures,22,1,1,LiquidityProvider,T,FY22
12208,12208,Theme,Omnibus,ActiveBroker,ActiveTrader,LiquidityProvider,MarketMaker,LUSHB|KOHBRENNA,Screen,Client,1491.3,0,-0.243829325,ZAXS,2022-05,USD,S888,2021,Q2,5,1H,227.04,Buy-Side,Tylesworth,Afghanistan,MarketMaker,Academic,0.25,Europe,4,272.835,4.644,2.406618077,Theme,Tier 3,David Chiam,,Financials,Equity Derivatives,Equity,SSF,Indian SSF,Indian Single Stock Futures,Axis Bank Futures,HGNH,18,0.125,1,MarketMaker,T+1,FY25
12208,12208,Theme,GAM,ActiveBroker,ActiveTrader,LiquidityProvider,MarketMaker,CHIALPL,Screen,Client,39,0,18,ZBAF,2024-07,USD,S078,2024,Q3,7,2H,3119.22,Buy-Side,Marex Spectron Asia (House),Afghanistan,LiquidityProvider,Academic,0.25,USA,97,248.325,38990.895,29053.5219,Theme,Commods,Richard Wenk,,Financials,Equity Derivatives,Equity,SSF,Indian SSF,Indian Single Stock Futures,Bajaj Finance Futures,JP Morgan,18,1,0.5,MarketMaker,T,FY20
12208,12208,Theme,China,ActiveBroker,ActiveTrader,LiquidityProvider,MarketMaker,TANBHS|DAVEYC,Screen,Client,1312,0,2500,ZCOA,2023-04,SGD,S020,2022,Q2,4,1H,-171.8737087,Brokerage/Agency,NYK Line Tokyo,Afghanistan,ActiveTrader,Academic,1,USA,142,22.6782,141.9,0,Theme,Tier 3,Yan Xuan Li,,Financials,Equity Derivatives,Equity,SSF,Indian SSF,Indian Single Stock Futures,Coal India Futures,SG Securities,22,1,1,LiquidityProvider,T+1,FY18
12208,12208,Theme,GAM,ActiveBroker,ActiveTrader,LiquidityProvider,MarketMaker,LIYAN,Screen,Client,13.2,3.6,86.5,ZHDB,2024-01,USD,S350,2023,Q1,1,1H,864.558,Brokerage/Agency,Transtrend,Afghanistan,LiquidityProvider,Academic,1,SG ROA,244,231.0915526,283.8,101.7,Theme,Commods,Yan Xuan Li,,Financials,Equity Derivatives,Equity,SSF,Indian SSF,Indian Single Stock Futures,HDFC Bank Futures,StoneX,21,1,1,LiquidityProvider,T+1,FY26
12208,12208,Theme,China,ActiveBroker,ActiveTrader,LiquidityProvider,MarketMaker,WANGD,Screen,Client,492,0,757.35,ZHND,2021-09,USD,S660,2021,Q3,9,2H,3.096,Brokerage/Agency,Crabel Capital Management LLC,Afghanistan,LiquidityProvider,Academic,1,SG ROA,1260,5108.4,670.4775,145.125,Theme,Tier 2,Britney Tan Hwee Sian,,Financials,Equity Derivatives,Equity,SSF,Indian SSF,Indian Single Stock Futures,Hindalco Industries Futures,JP Morgan,22,1,1,ActiveTrader,T+1,FY16
12208,12208,Theme,Commodities Sales Europe,ActiveBroker,ActiveTrader,LiquidityProvider,MarketMaker,LIYAN,Screen,Client,491.4,551.7073171,0,ZHPC,2023-03,USD,S001,2022,Q1,3,1H,3121.155,Others,Millennium Capital Management,Afghanistan,LiquidityProvider,Academic,1,USA,1100,1361.1306,849.62625,0,Theme,Tier 1,Craig Cohen,,Financials,Equity Derivatives,Equity,SSF,Indian SSF,Indian Single Stock Futures,Hindustan Petroleum Corp Futures,SG Securities,22,1,1,MarketMaker,T+1,FY22
12208,12208,Theme,China,ActiveBroker,ActiveTrader,LiquidityProvider,MarketMaker,KOHBRENNA|WANGV,Screen,Client,83,11299.55622,118.4,ZIIB,2024-02,SGD,S009,2023,Q1,2,1H,66562.452,Brokerage/Agency,ISAM Funds Ltd,Afghanistan,ActiveTrader,Academic,1,Europe,62,294.12,7.095,0,Theme,Omnibus,Toh Li,,Financials,Equity Derivatives,Equity,SSF,Indian SSF,Indian Single Stock Futures,IndusInd Bank Futures,JP Morgan,21,1,1,LiquidityProvider,T,FY13
12208,12208,Theme,Omnibus,ActiveBroker,ActiveTrader,LiquidityProvider,MarketMaker,MACCHIONEP,Screen,Client,6,5.7,630,ZLPC,2021-10,USD,S020,2021,Q4,10,2H,9108.045,Brokerage/Agency,Focus Vision FZCO,Afghanistan,ActiveTrader,Academic,0.75,Omnibus,187,21.93,406974.36,0,Theme,China,Richard Wenk,,Financials,Equity Derivatives,Equity,SSF,Indian SSF,Indian Single Stock Futures,Lupin Futures,HGNH,19,0.5,1,ActiveTrader,T,FY26
12208,12208,Theme,Commodities Sales,ActiveBroker,ActiveTrader,LiquidityProvider,MarketMaker,KOHBRENNA|DAVEYC,Screen,Client,1620,0,6805.5975,ZNTP,2022-12,USD,S078,2022,Q4,12,2H,192.21,Trading Firms,Daishin Securities (Client),Afghanistan,MarketMaker,Academic,0.125,Europe,20,177119.064,1050.06,134.676,Theme,Tier 3,Richard Wenk,,Financials,Equity Derivatives,Equity,SSF,Indian SSF,Indian Single Stock Futures,NTPC Futures,Citigroup,19,1,1,ActiveTrader,T,FY21
12208,12208,Theme,SGROA RM,ActiveBroker,ActiveTrader,LiquidityProvider,MarketMaker,MACCHIONEP,Screen,Client,782.4,0,1314,ZONG,2023-09,USD,S389,2023,Q3,9,2H,1410.8472,Trading Firms,D.E. Shaw,Afghanistan,MarketMaker,Academic,0.25,SG ROA,800,92.88,6753.8208,0,Theme,Tier 2,Yan Xuan Li,,Financials,Equity Derivatives,Equity,SSF,Indian SSF,Indian Single Stock Futures,Oil & Natural Gas Corp Futures,Marex,21,1,1,LiquidityProvider,T,FY14
12208,12208,Theme,GAM,ActiveBroker,ActiveTrader,LiquidityProvider,MarketMaker,COHENC,Screen,Client,125.4,384.4470206,114,ZTAM,2025-04,USD,S016,2024,Q2,4,1H,1163.967,Trading Firms,Marshall Wace,Afghanistan,ActiveBroker,Academic,1,SG ROA,12314,124.1625,170.28,0,Theme,Tier 1,Toh Li,,Financials,Equity Derivatives,Equity,SSF,Indian SSF,Indian Single Stock Futures,Tata Motors Passenger Vehicles Futures,JP Morgan,21,0.5,1,ActiveTrader,T,FY16
12208,12208,Theme,SGROA RM,ActiveBroker,ActiveTrader,LiquidityProvider,MarketMaker,GOCSEIR|TOHL,Screen,Client,25.2,0,74.2,ZTCS,2025-03,USD,S888,2024,Q1,3,1H,528.977363,PTG,Capstone Investment,Afghanistan,LiquidityProvider,Academic,1,China,1120,-15646.41,13.545,69.8922,Theme,Commods,David Wang Lipeng,,Financials,Equity Derivatives,Equity,SSF,Indian SSF,Indian Single Stock Futures,Tata Consult Svc Futures,Macquarie,22,0.5,1,LiquidityProvider,T+1,FY25
12208,12208,Theme,Commodities Sales,ActiveBroker,ActiveTrader,LiquidityProvider,MarketMaker,CHIALPL,NLT,Client,8283.5,0,1242,ZVDA,2023-02,USD,S001,2022,Q1,2,1H,537.93,Buy-Side,Rich Fortune International Industrial,Afghanistan,MarketMaker,Academic,1,SG ROA,954.5,635.712,5650.458,130.6260789,Theme,Tier 1,Richard Wenk,,Financials,Equity Derivatives,Equity,SSF,Indian SSF,Indian Single Stock Futures,Vedanta Limited Futures,SG Securities,21,0.25,1,LiquidityProvider,T,FY17
2897,2897,Virtu Financial,America NBS,ActiveBroker,ActiveTrader,LiquidityProvider,MarketMaker,GROTHK,Screen,Client,1050,0,13.65,BTR,2021-06,USD,S560,2020,Q2,6,1H,1857.112877,Brokerage/Agency,Jump Trading,Austria,LiquidityProvider,Advisory Firm,1,SG ROA,1137.25,464.4,3839.04,26.058,Virtu Financial,Commods,David Wang Lipeng,,Commods,Commods,Dairy,Dairy,Dairy,Dairy,SGX-NZX Global Butter (BTR) Futures,SG Securities,21,1,1,ActiveTrader,T,FY16
2897,2897,Virtu Financial,Omnibus,ActiveBroker,ActiveTrader,LiquidityProvider,MarketMaker,LUSHB,Screen,Client,18,0,1702.4,CX11F,2022-11,USD,S660,2022,Q4,11,2H,154.8,PTG,Millennium Capital Management,Austria,MarketMaker,Advisory Firm,1,China,44621,370.45,5.01e-14,349.9256298,Virtu Financial,China,John Hogger,,Commods,Commods,FFA,FFA,FFA,FFA,SGX Baltic Container Freight Route FBX11 Futures,Morgan Stanley,22,1,1,LiquidityProvider,T,FY14
2897,2897,Virtu Financial,SGROA NBS,ActiveBroker,ActiveTrader,LiquidityProvider,MarketMaker,KOHBRENNA|LEEKJ,NLT,Client,150,1227.44186,257.25,CZF,2022-03,USD,S660,2021,Q1,3,1H,-19.93304572,Buy-Side,Jinrui Futures,Austria,LiquidityProvider,Advisory Firm,1,Hong Kong,1,357.072,1131.6,4887.28916,Virtu Financial,GAM,Britney Tan Hwee Sian,,Commods,Commods,FFA,FFA,FFA,FFA,SGX Baltic Capesize Time Charter Average (5 Routes) 182 Futures,Morgan Stanley,21,1,1,LiquidityProvider,T+1,FY14
2897,2897,Virtu Financial,SGROA NBS,ActiveBroker,ActiveTrader,LiquidityProvider,MarketMaker,LUSHB|KOHBRENNA,NLT,Client,3.9,284.85,12044.72102,CZFO,2025-04,USD,S350,2024,Q2,4,1H,1736.374955,Brokerage/Agency,Undisclosed,Austria,ActiveTrader,Advisory Firm,1,Europe,15864,1895.655,37.926,130.0186876,Virtu Financial,Tier 3,Brenna Koh,,Commods,Commods,FFA,FFA,FFA,FFA,SGX Options on Baltic Capesize Time Charter Average (5 Routes) 182 Futures,Goldman Sachs,18,1,1,LiquidityProvider,T+1,FY14
2897,2897,Virtu Financial,International Sales RM,ActiveBroker,ActiveTrader,LiquidityProvider,MarketMaker,KOHBRENNA|GROTHK,Screen,Client,1540,0,100,GINO,2022-02,USD,S078,2021,Q1,2,1H,15908.409,Trading Firms,Paralos Master Fund,Austria,LiquidityProvider,Advisory Firm,0.25,China,7.75,252.03375,86.688,107.9813489,Virtu Financial,Omnibus,Britney Tan Hwee Sian,,Financials,Equity Derivatives,Equity,Equity Index,GINO,GIFT Derivatives,GIFT City Index Options,Yuanta Global,21,1,1,ActiveTrader,T+1,FY22
2897,2897,Virtu Financial,Commodities Sales,ActiveBroker,ActiveTrader,LiquidityProvider,MarketMaker,KOHBRENNA|WANGV,Screen,Client,2227.35,588,7645.5,HKC,2024-09,USD,S001,2024,Q3,9,2H,928.8,Buy-Side,Huatai Securities,Austria,ActiveTrader,Advisory Firm,1,SG ROA,104050,113.0427,270.126,1826.001541,Virtu Financial,China,Renaud Gocsei,,Financials,FX/IR,FX,FX,HKC,HKD/CNH Futures,HKD/CNH Futures,SG Securities,21,1,1,LiquidityProvider,T+1,FY24
2897,2897,Virtu Financial,America NBS,ActiveBroker,ActiveTrader,LiquidityProvider,MarketMaker,KOHBRENNA,NLT,Client,75,577.5,125,HKU,2023-09,USD,S020,2023,Q3,9,2H,29340.29283,Brokerage/Agency,Maxter Societa Semplice,Austria,ActiveTrader,Advisory Firm,0.5,Europe,16780,257.13441,9615.7374,0,Virtu Financial,China,Britney Tan Hwee Sian,,Financials,FX/IR,FX,FX,HKU,HKD/USD Futures,HKD/USD Futures,Barclays,19,1,1,LiquidityProvider,T,FY20
2897,2897,Virtu Financial,GAM,ActiveBroker,ActiveTrader,LiquidityProvider,MarketMaker,COHENC,Screen,Client,1028,600,250.15,IDR,2023-02,USD,S108,2022,Q1,2,1H,3509.316,Buy-Side,Ovata Capital Management,Austria,MarketMaker,Advisory Firm,1,China,4098,82.302,283.413,0,Virtu Financial,Tier 2,John Hogger,,Financials,FX/IR,FX,FX,IDR,IDR/USD FX Futures,IDR/USD Futures,JP Morgan,21,1,1,LiquidityProvider,T+1,FY14
2897,2897,Virtu Financial,GAM,ActiveBroker,ActiveTrader,LiquidityProvider,MarketMaker,LUSHB|TANSY,Screen,Client,353.4,0,15.3,IN10,2024-11,USD,S813,2024,Q4,11,2H,23.22,PTG,Champion Shipping,Austria,MarketMaker,Advisory Firm,1,Hong Kong,776,559.364686,4.128,5655.8502,Virtu Financial,Tier 2,Bobby Lush,,Financials,FX/IR,Interest Rates,Interest Rates,AGB,SGX FTSE 10-Year India Government Bond Futures,SGX FTSE 10-Year India Government Bond Futures,HGNH,19,1,1,LiquidityProvider,T+1,FY16
2897,2897,Virtu Financial,America NBS,ActiveBroker,ActiveTrader,LiquidityProvider,MarketMaker,LUSHB,NLT,Client,70,0,-2744,MCNAX,2025-09,USD,S020,2025,Q3,9,2H,1225.5,Buy-Side,Huatai Securities,Austria,ActiveTrader,Advisory Firm,1,Omnibus,405,268.965,9171.9,3737.315209,Virtu Financial,Tier 3,Tashya Zhuo Xiaofan,,Financials,Equity Derivatives,Equity,Equity Index,MCA,MSCI AC Asia Ex Japan Climate Action Index Net USD,MSCI AC Asia Ex Japan Climate Action Index Net USD,IBKR,19,1,1,ActiveTrader,T,FY20
2897,2897,Virtu Financial,AMAO,ActiveBroker,ActiveTrader,LiquidityProvider,MarketMaker,GROTHK|JUDGEM,Screen,Client,2,0,8664.7,MEGF,2021-04,USD,S078,2020,Q2,4,1H,1256.46,Brokerage/Agency,Millennium Capital Management,Austria,ActiveTrader,Advisory Firm,1,USA,4738,106.425,786.384,0,Virtu Financial,Commods,John Hogger,,Commods,Commods,Petchem,Petchem,Petchem,Petchem,ICIS MEG CFR China Futures,Merrill Lynch,19,1,1,LiquidityProvider,T+1,FY24
2897,2897,Virtu Financial,GAM,ActiveBroker,ActiveTrader,LiquidityProvider,MarketMaker,COHENC,Screen,Client,3.25,0,180,MKPO,2024-10,USD,S020,2024,Q4,10,2H,216.72,Trading Firms,ExodusPoint,Austria,MarketMaker,Advisory Firm,1,Omnibus,727,485.4915,5.676,6964.33636,Virtu Financial,China,Vivian Wang Min,,Commods,Commods,Dairy,Dairy,Dairy,Dairy,SGX-NZX NZ Milk Price (MKP) Options,Macquarie,19,0.25,1,ActiveBroker,T+1,FY19
2897,2897,Virtu Financial,America NBS,ActiveBroker,ActiveTrader,LiquidityProvider,MarketMaker,WANGD,Screen,Client,1380,52,1210,NS,2022-08,USD,S888,2022,Q3,8,2H,22159.104,Buy-Side,Tianyao Mineral,Austria,ActiveBroker,Advisory Firm,1,SG ROA,88,83.592,2.58,6840.617355,Virtu Financial,Tier 1,Brenna Koh,,Financials,Equity Derivatives,Equity,Equity Index,NS,NIKKEI 225 MINI,NIKKEI 225 MINI,BPI,20,1,1,ActiveTrader,T+1,FY23
2897,2897,Virtu Financial,International Sales RM,ActiveBroker,ActiveTrader,LiquidityProvider,MarketMaker,LUSHB,Screen,Client,368.5,0,4604.17453,NU,2025-11,USD,S078,2025,Q4,11,2H,1222.92,PTG,Wellington,Austria,LiquidityProvider,Advisory Firm,1,SG ROA,1,102070.7985,103.2,0,Virtu Financial,China,Yan Xuan Li,,Financials,Equity Derivatives,Equity,Equity Index,NU,USD Nikkei 225 Index Futures,USD Nikkei 225 Index Futures,ABN Amro,19,1,1,LiquidityProvider,T+1,FY14
2897,2897,Virtu Financial,Commodities Sales,ActiveBroker,ActiveTrader,LiquidityProvider,MarketMaker,LUSHB,Screen,Client,31.05,0,68.25,RBF,2023-06,USD,S289,2022,Q2,6,1H,1346.85,PTG,Balyasny Asset Management,Austria,MarketMaker,Advisory Firm,1,Hong Kong,32,3713.265,241.875,0,Virtu Financial,China,Britney Tan Hwee Sian,,Commods,Commods,Rebar,Rebar,Rebar,Rebar,SGX Mysteel Shanghai Rebar (USD) Futures,HGNH,18,1,1,LiquidityProvider,T,FY18
2897,2897,Virtu Financial,Commodities Sales,ActiveBroker,ActiveTrader,LiquidityProvider,MarketMaker,DAVEYC|LEEKJ,Screen,Client,10921.5,0,180,RT,2021-05,USD,S350,2020,Q2,5,1H,7603.1568,Buy-Side,Millennium Capital Management,Austria,ActiveTrader,Advisory Firm,1,China,217.25,1895.655,1053.7,0,Virtu Financial,GAM,David Wang Lipeng,,Commods,Commods,Rubber,Rubber,Rubber,Rubber,Rubber,OCBC Securities,19,1,1,ActiveBroker,T,FY14
2897,2897,Virtu Financial,SGROA RM,ActiveBroker,ActiveTrader,LiquidityProvider,MarketMaker,TANBHS|JUDGEM,NLT,Client,45.75,0,238.56,SMC,2024-02,USD,S339,2023,Q1,2,1H,388.29,PTG,Manifold,Austria,ActiveTrader,Advisory Firm,1,SG ROA,545,317.82375,207.05,0,Virtu Financial,Commods,John Hogger,,Commods,Commods,Petchem,Petchem,Petchem,Petchem,ICIS SM CFR China Swap,Merrill Lynch,18,1,1,MarketMaker,T,FY12
2897,2897,Virtu Financial,Commodities Sales,ActiveBroker,ActiveTrader,LiquidityProvider,MarketMaker,KOHBRENNA|TANBHS,NLT,Client,75,102.05,866.69,SND,2023-12,USD,S660,2023,Q4,12,2H,1064.25,PTG,Florin Court Capital,Austria,LiquidityProvider,Advisory Firm,0.25,Europe,2,4325.384313,90.171,116.358,Virtu Financial,Tier 3,Craig Cohen,,Financials,FX/IR,FX,FX,SND,USD/SGD FX Futures (Full-sized),USD/SGD FX Futures (Full-Sized),ABN Amro,22,1,1,MarketMaker,T,FY14
2897,2897,Virtu Financial,International Sales RM,ActiveBroker,ActiveTrader,LiquidityProvider,MarketMaker,LUSHB|KOHBRENNA,NLT,Client,525.6,7386.366953,1293.6,SWFO,2025-01,USD,S020,2024,Q1,1,1H,1864.758986,Brokers Prop,Fleche Holdings Pte Ltd,Austria,LiquidityProvider,Advisory Firm,1,Hong Kong,279,1712.5911,32.508,645,Virtu Financial,China,Tashya Zhuo Xiaofan,,Commods,Commods,FFA,FFA,FFA,FFA,SWFO,Barclays,19,1,1,MarketMaker,T,FY15
2897,2897,Virtu Financial,China,ActiveBroker,ActiveTrader,LiquidityProvider,MarketMaker,LUSHB,Screen,Client,167.2,0,0,SZFO,2025-10,USD,S389,2025,Q4,10,2H,3.612,Brokerage/Agency,Capula Limited,Austria,MarketMaker,Advisory Firm,1,SG ROA,1678.25,20968.563,1258.653,6691.502727,Virtu Financial,China,Jun Won Lee,,Commods,Commods,FFA,FFA,FFA,FFA,SGX Baltic Supramax Time Charter Average (11 Routes) Swap,Merrill Lynch,22,1,1,ActiveTrader,T+1,FY16
2897,2897,Virtu Financial,International Sales RM,ActiveBroker,ActiveTrader,LiquidityProvider,MarketMaker,CHIALPL,NLT,Client,68.25,13.68516499,80.4,TD,2024-07,USD,S328,2024,Q3,7,2H,438.084,Buy-Side,Greenland Investment Management,Austria,LiquidityProvider,Advisory Firm,1,Hong Kong,1400,14651.25,70.95,0,Virtu Financial,China,Vivian Wang Min,,Financials,FX/IR,FX,FX,TD,TWD/USD FX Futures (Mini),TWD/USD FX Futures (Mini),BPI,22,1,1,LiquidityProvider,T,FY16
2897,2897,Virtu Financial,Europe NBS,ActiveBroker,ActiveTrader,LiquidityProvider,MarketMaker,LEEKJ|WENKR,NLT,Client,20,0,5913.6,TONA,2022-06,USD,S883,2021,Q2,6,1H,1128.75,Brokerage/Agency,Undisclosed,Austria,LiquidityProvider,Advisory Firm,1,USA,30,77.4,6.45,0,Virtu Financial,Commods,Brenna Koh,,Financials,FX/IR,Interest Rates,Interest Rates,TONA,SGX Three-Month Tokyo Overnight Average Rate (TONA) Futures,SGX Three-Month Tokyo Overnight Average Rate (TONA) Futures,UBS Futures,21,1,1,MarketMaker,T+1,FY23
2897,2897,Virtu Financial,Commodities Sales,ActiveBroker,ActiveTrader,LiquidityProvider,MarketMaker,JUDGEM,Screen,Client,150,0,376.5,TWD,2021-11,USD,S888,2021,Q4,11,2H,15624.996,Brokers Prop,Direct Access,Austria,ActiveBroker,Advisory Firm,1,Hong Kong,15704,835.92,4489.2,8842.321125,Virtu Financial,Tier 3,Brenna Koh,,Financials,FX/IR,FX,FX,TWD,TWD/USD FX Futures (Full-Sized),TWD/USD FX Futures (Full-Sized),SG Securities,22,1,1,ActiveTrader,T+1,FY26
2897,2897,Virtu Financial,GAM,ActiveBroker,ActiveTrader,LiquidityProvider,MarketMaker,LIYAN,Screen,Client,306.9,0,17525.2,TWNO,2025-06,USD,S016,2024,Q2,6,1H,3.096,Buy-Side,Metori Capital Management,Austria,ActiveTrader,Advisory Firm,1,Hong Kong,3000,3842.766856,77891.49,0,Virtu Financial,Tier 1,Richard Wenk,,Financials,Equity Derivatives,Equity,Equity Index,TWNO,FTSE Taiwan Index Options,FTSE Taiwan Index Options,SG Securities,22,1,1,LiquidityProvider,T+1,FY18
2897,2897,Virtu Financial,HK NBS,ActiveBroker,ActiveTrader,LiquidityProvider,MarketMaker,LUSHB,Screen,Client,110,0,240,UY,2021-10,USD,S660,2021,Q4,10,2H,54.954,Buy-Side,Undisclosed,Austria,MarketMaker,Advisory Firm,1,Hong Kong,199,5014.875,1519.749,55.1475,Virtu Financial,Tier 3,Kenneth Ng Say Chong,,Financials,FX/IR,FX,FX,UY,USD/JPY (STANDARD) FX,USD/JPY (STANDARD) FX,Morgan Stanley,18,1,1,MarketMaker,T,FY26
2897,2897,Virtu Financial,China,ActiveBroker,ActiveTrader,LiquidityProvider,MarketMaker,TOHL,Screen,Client,4,0,1000,WMPO,2021-03,USD,S328,2020,Q1,3,1H,304.8012,Brokerage/Agency,RW Proprietary Trading,Austria,ActiveBroker,Advisory Firm,1,Hong Kong,21,211.8825,1.935,0,Virtu Financial,Commods,Craig Cohen,,Commods,Commods,Dairy,Dairy,Dairy,Dairy,SGX-NZX Global Whole Milk Powder (WMP) Options,DBS Vickers,21,1,1,LiquidityProvider,T,FY23
2897,2897,Virtu Financial,America NBS,ActiveBroker,ActiveTrader,LiquidityProvider,MarketMaker,GROTHK,Screen,Client,779.9,0,0,YDBS,2022-09,USD,S088,2022,Q3,9,2H,41,Bank Trading Desks,Trafigura Pte Ltd,Austria,LiquidityProvider,Advisory Firm,1,Omnibus,4890,2375.148,2.05,0,Virtu Financial,Omnibus,Tan Say Liang,,Financials,Equity Derivatives,Equity,SSF,Singapore SSF,Singapore Single Stock Futures,DBS Futures,HGNH,22,1,1,ActiveTrader,T,FY15
2897,2897,Virtu Financial,America NBS,ActiveBroker,ActiveTrader,LiquidityProvider,MarketMaker,JUDGEM|GOCSEIR,Screen,Client,1170.4,519.2,1.5,YWIL,2025-05,USD,S660,2024,Q2,5,1H,71.75,PTG,Eckhardt Trading Company,Austria,LiquidityProvider,Advisory Firm,1,China,7960,-203.7690789,2294.91,0,Virtu Financial,Tier 2,Brenna Koh,,Financials,Equity Derivatives,Equity,SSF,Singapore SSF,Singapore Single Stock Futures,Wilmar Futures,Marex,22,1,1,ActiveBroker,T,FY12
2897,2897,Virtu Financial,SGROA NBS,ActiveBroker,ActiveTrader,LiquidityProvider,MarketMaker,LEEJW,Screen,Client,1111.8,8167.81,32.8,ZADS,2023-07,USD,S007,2023,Q3,7,2H,962.34,PTG,Verition Fund Management LLC,Austria,ActiveBroker,Advisory Firm,1,SG ROA,298,15.093,428.538,0,Virtu Financial,China,David Wang Lipeng,,Financials,Equity Derivatives,Equity,SSF,Indian SSF,Indian Single Stock Futures,ADANIPORT Futures Contracts: ADANI PORTS AND SPECIAL ECON,Barclays,19,1,1,ActiveBroker,T,FY15
2897,2897,Virtu Financial,International Sales RM,ActiveBroker,ActiveTrader,LiquidityProvider,MarketMaker,KOHBRENNA|WANGV,Screen,Client,2625,0,1375,ZARB,2025-08,USD,S020,2025,Q3,8,2H,8277.8784,PTG,Morgan Stanley House,Austria,MarketMaker,Advisory Firm,1,Hong Kong,8455,1524.264,4331.175,0,Virtu Financial,China,Richard Wenk,,Financials,Equity Derivatives,Equity,SSF,Indian SSF,Indian Single Stock Futures,Aurobindo Pharma Futures,SG Securities,19,1,1,ActiveTrader,T,FY22
2897,2897,Virtu Financial,SGROA NBS,ActiveBroker,ActiveTrader,LiquidityProvider,MarketMaker,LUSHB,Screen,Client,9,2147.875612,15425.28,ZBHA,2021-08,USD,S016,2021,Q3,8,2H,192.726,Brokers Prop,Millennium Capital Management,Austria,ActiveTrader,Advisory Firm,1,China,20,667.575,129,267.7007174,Virtu Financial,Commods,Brenna Koh,,Financials,Equity Derivatives,Equity,SSF,Indian SSF,Indian Single Stock Futures,Bharti Airtel Futures,Morgan Stanley,19,1,1,ActiveBroker,T,FY25
2897,2897,Virtu Financial,GAM,ActiveBroker,ActiveTrader,LiquidityProvider,MarketMaker,COHENC,Screen,Client,14.3,9434.622946,108,ZBHI,2023-11,USD,S009,2023,Q4,11,2H,12218.83742,Buy-Side,Undisclosed,Austria,LiquidityProvider,Advisory Firm,0.125,Europe,170,804.6768293,6298.812,220.3965,Virtu Financial,Tier 1,Renaud Gocsei,,Financials,Equity Derivatives,Equity,SSF,Indian SSF,Indian Single Stock Futures,Bharti Infratel Futures,Phillip,18,0.5,1,LiquidityProvider,T,FY24
2897,2897,Virtu Financial,International Sales RM,ActiveBroker,ActiveTrader,LiquidityProvider,MarketMaker,TANBHS,NLT,Client,39122.6,0,1400,ZBJA,2023-05,USD,S813,2022,Q2,5,1H,124.227,Trading Firms,Vela Capital Fund,Austria,ActiveTrader,Advisory Firm,1,Europe,15,210.6,2214.3495,0,Virtu Financial,Tier 1,Vivian Wang Min,,Financials,Equity Derivatives,Equity,SSF,Indian SSF,Indian Single Stock Futures,Bajaj Auto Futures,Orient Futures,19,1,1,ActiveTrader,T+1,FY26
2897,2897,Virtu Financial,GAM,ActiveBroker,ActiveTrader,LiquidityProvider,MarketMaker,WANGD|WANGV,Screen,Client,12521.6,0,28.5,ZBOS,2021-12,USD,S009,2021,Q4,12,2H,81.27,Trading Firms,Capstone Investment,Austria,LiquidityProvider,Advisory Firm,0.125,Omnibus,732.5,155.1612,2289.75,0,Virtu Financial,Commods,Renaud Gocsei,,Financials,Equity Derivatives,Equity,SSF,Indian SSF,Indian Single Stock Futures,Bosch Futures,JP Morgan,21,0.5,1,ActiveTrader,T+1,FY15
2897,2897,Virtu Financial,International Sales RM,ActiveBroker,ActiveTrader,LiquidityProvider,MarketMaker,KOHBRENNA|GROTHK,NLT,Client,66880,0,127.9215462,ZCIP,2022-07,USD,S007,2022,Q3,7,2H,464.4,Others,RGL Shipping Pte Ltd,Austria,LiquidityProvider,Advisory Firm,1,Europe,54,25.8,488.136,53878.011,Virtu Financial,China,Britney Tan Hwee Sian,,Financials,Equity Derivatives,Equity,SSF,Indian SSF,Indian Single Stock Futures,Cipla Ltd India Futures,Morgan Stanley,19,1,1,LiquidityProvider,T,FY15
2897,2897,Virtu Financial,China,ActiveBroker,ActiveTrader,LiquidityProvider,MarketMaker,KOHBRENNA|LEEKJ,NLT,Client,26809.2,0,6162.2,ZDRR,2025-03,USD,S020,2024,Q1,3,1H,379.25,Trading Firms,AH Investment,Austria,LiquidityProvider,Advisory Firm,1,Omnibus,1594,1588.75,64.5,0,Virtu Financial,Tier 3,Carl Davey,,Financials,Equity Derivatives,Equity,SSF,Indian SSF,Indian Single Stock Futures,Dr Reddy's Laboratories Futures,Morgan Stanley,19,0.5,1,LiquidityProvider,T,FY21
2897,2897,Virtu Financial,International Sales RM,ActiveBroker,ActiveTrader,LiquidityProvider,MarketMaker,WANGV,Screen,Client,105,0,37.5,ZEIM,2024-08,USD,S198,2024,Q3,8,2H,212.85,Brokers Prop,CTBC Bank House,Austria,ActiveTrader,Advisory Firm,1,China,96107,610.17,0,1841.4,Virtu Financial,Tier 1,David Chiam,,Financials,Equity Derivatives,Equity,SSF,Indian SSF,Indian Single Stock Futures,Eicher Motors Futures,KGI,21,1,1,ActiveTrader,T,FY15
2897,2897,Virtu Financial,America NBS,ActiveBroker,ActiveTrader,LiquidityProvider,MarketMaker,KOHBRENNA|GROTHK,Screen,Client,2794,0,14335.5,ZGRA,2024-04,USD,S560,2023,Q2,4,1H,32.25,Buy-Side,Verition Fund Management LLC,Austria,LiquidityProvider,Advisory Firm,1,SG ROA,3,979.11,573.147,0,Virtu Financial,GAM,Richard Wenk,,Financials,Equity Derivatives,Equity,SSF,USA SSF,USA Single Stock Futures,USA SSF Futures,Orient Futures,20,1,1,ActiveBroker,T,FY19
2897,2897,Virtu Financial,Commodities Sales,ActiveBroker,ActiveTrader,LiquidityProvider,MarketMaker,LUSHB,Screen,Client,1078,2809.95,3.4,ZHCL,2022-01,USD,S888,2021,Q1,1,1H,254.646,Trading Firms,Qube,Austria,LiquidityProvider,Advisory Firm,0.25,SG ROA,1,1375.14,1531.5525,133.7701157,Virtu Financial,Commods,Craig Cohen,,Financials,Equity Derivatives,Equity,SSF,Indian SSF,Indian Single Stock Futures,HCL Technologies Futures,Phillip,21,0.25,1,ActiveTrader,T,FY20
2897,2897,Virtu Financial,International Sales RM,ActiveBroker,ActiveTrader,LiquidityProvider,MarketMaker,WANGD,Screen,Client,796.8,0,73.2,ZHUL,2024-06,USD,S007,2023,Q2,6,1H,-32250,Bank Trading Desks,Nine Masts Investment Fund,Austria,LiquidityProvider,Advisory Firm,0.5,USA,391,7353,483.75,0,Virtu Financial,GAM,Renaud Gocsei,,Financials,Equity Derivatives,Equity,SSF,Indian SSF,Indian Single Stock Futures,Hindustan Unilever ZHUL Futures,BNP Paribas,22,1,1,LiquidityProvider,T+1,FY16
2897,2897,Virtu Financial,GAM,ActiveBroker,ActiveTrader,LiquidityProvider,MarketMaker,LEEKJ,Screen,Client,109573.2,0,-24866.36304,ZICI,2024-03,USD,S009,2023,Q1,3,1H,9466.149,Bank Trading Desks,Noboru International FZCO,Austria,MarketMaker,Advisory Firm,1,SG ROA,28,5657.553,16221.75,272.448,Virtu Financial,Tier 2,Renaud Gocsei,,Financials,Equity Derivatives,Equity,SSF,Indian SSF,Indian Single Stock Futures,ICICI Bank Futures,Barclays,18,1,1,LiquidityProvider,T,FY15
2897,2897,Virtu Financial,GAM,ActiveBroker,ActiveTrader,LiquidityProvider,MarketMaker,LIYAN,NLT,Client,187.8,0,-2.84e-14,ZINF,2023-03,USD,S007,2022,Q1,3,1H,1506.7845,Brokerage/Agency,China Xin YongAn Futures,Austria,MarketMaker,Advisory Firm,1,USA,1,31.98038656,43.344,6.28875,Virtu Financial,China,David Chiam,,Financials,Equity Derivatives,Equity,SSF,Indian SSF,Indian Single Stock Futures,Infosys Futures,DBS Vickers,21,1,1,LiquidityProvider,T,FY20
2897,2897,Virtu Financial,GAM,ActiveBroker,ActiveTrader,LiquidityProvider,MarketMaker,GOCSEIR,NLT,Client,17.4,0,6663.15,ZITD,2024-01,USD,S111,2023,Q1,1,1H,1741.5,Buy-Side,RG Niederhoffer Capital Management,Austria,ActiveTrader,Advisory Firm,1,SG ROA,2042,1419,13029,0,Virtu Financial,Tier 2,Carl Davey,,Financials,Equity Derivatives,Equity,SSF,Indian SSF,Indian Single Stock Futures,ITC Futures,Goldman Sachs,21,0.25,1,LiquidityProvider,T,FY23
2897,2897,Virtu Financial,Commodities Sales,ActiveBroker,ActiveTrader,LiquidityProvider,MarketMaker,KOHBRENNA|LEEKJ,Screen,Client,120,270,11366.9,ZKMB,2023-10,SGD,S061,2023,Q4,10,2H,4762.035,Brokerage/Agency,Concord Futures Agency,Austria,ActiveTrader,Advisory Firm,1,Europe,943,-0.946479109,6682.42575,0,Virtu Financial,Tier 1,Penny Pan Ranran,,Financials,Equity Derivatives,Equity,SSF,Indian SSF,Indian Single Stock Futures,Kotak Mahindra Bank Futures,Marex,20,1,1,LiquidityProvider,T,FY13
2897,2897,Virtu Financial,GAM,ActiveBroker,ActiveTrader,LiquidityProvider,MarketMaker,TANBHS|DAVEYC,Screen,Client,2634.5,0,19.2,ZLT,2025-02,USD,S020,2024,Q1,2,1H,21381.0405,Buy-Side,Crabel Capital Management LLC,Austria,ActiveTrader,Advisory Firm,1,USA,69356,15.48,487.62,0,Virtu Financial,Tier 1,Kenny Groth,,Financials,Equity Derivatives,Equity,SSF,Indian SSF,Indian Single Stock Futures,Larsen & Toubro Futures,Goldman Sachs,19,1,1,ActiveBroker,T,FY25
2897,2897,Virtu Financial,GAM,ActiveBroker,ActiveTrader,LiquidityProvider,MarketMaker,LUSHB,NLT,Client,130497,0,-3.98e-13,ZMM,2022-05,USD,S078,2021,Q2,5,1H,29.025,Bank Trading Desks,Versor Investments,Austria,LiquidityProvider,Advisory Firm,0.5,Europe,1058.5,8.514,479.622,0,Virtu Financial,Tier 3,Renaud Gocsei,,Financials,Equity Derivatives,Equity,SSF,Indian SSF,Indian Single Stock Futures,Mahindra & Mahindra Futures,KGI,19,1,1,LiquidityProvider,T,FY12
2897,2897,Virtu Financial,Commodities Sales Europe,ActiveBroker,ActiveTrader,LiquidityProvider,MarketMaker,LUSHB|KOHBRENNA,Screen,Client,0,0,797.25,ZMSI,2023-08,USD,S168,2023,Q3,8,2H,131.58,Brokerage/Agency,Synergy Link Capital,Austria,LiquidityProvider,Advisory Firm,1,Omnibus,477,2999.8176,52.245,0,Virtu Financial,Tier 3,Yan Xuan Li,,Financials,Equity Derivatives,Equity,SSF,Indian SSF,Indian Single Stock Futures,Maruti Suzuki India Futures,Goldman Sachs,19,1,1,ActiveBroker,T,FY13
2897,2897,Virtu Financial,AMAO,ActiveBroker,ActiveTrader,LiquidityProvider,MarketMaker,TANBHS|LEEKJ,Screen,Client,44,14382.40177,300,ZPWG,2021-07,USD,S350,2021,Q3,7,2H,1809.600198,PTG,Millennium Capital Management,Austria,LiquidityProvider,Advisory Firm,1,Hong Kong,64,1839.975375,4644,0,Virtu Financial,Commods,Yan Xuan Li,,Financials,Equity Derivatives,Equity,SSF,Indian SSF,Indian Single Stock Futures,Power Grid Corp of India Futures,Merrill Lynch,19,1,1,ActiveBroker,T+1,FY17
2897,2897,Virtu Financial,SGROA NBS,ActiveBroker,ActiveTrader,LiquidityProvider,MarketMaker,WANGV,Screen,Client,60,13864.4,410.0599713,ZRILA,2023-01,USD,S660,2022,Q1,1,1H,2.5155,Buy-Side,Qube,Austria,ActiveTrader,Advisory Firm,1,China,13706,9929.775,84818.79,0,Virtu Financial,China,Brenna Koh,,Financials,Equity Derivatives,Equity,SSF,Indian SSF,Indian Single Stock Futures,Reliance Industries Futures,Morgan Stanley,22,0.5,1,LiquidityProvider,T,FY16
2897,2897,Virtu Financial,Commodities Sales,ActiveBroker,ActiveTrader,LiquidityProvider,MarketMaker,WANGV,Screen,Client,5.1,55047.3,126,ZSBI,2022-12,USD,S888,2022,Q4,12,2H,382.356,Buy-Side,HRTC,Austria,MarketMaker,Advisory Firm,0.25,Omnibus,15573,225.75,3579.75,0,Virtu Financial,Commods,David Wang Lipeng,,Financials,Equity Derivatives,Equity,SSF,Indian SSF,Indian Single Stock Futures,State Bank of India Futures,Orient Futures,21,1,0.5,ActiveTrader,T,FY22
2897,2897,Virtu Financial,GAM,ActiveBroker,ActiveTrader,LiquidityProvider,MarketMaker,WANGV,NLT,Client,3520,39.42,17330.8,ZSEA,2023-04,USD,S138,2022,Q2,4,1H,77.4,Buy-Side,Sri Trang International,Austria,LiquidityProvider,Advisory Firm,1,China,0,1.83e-14,120632.028,7.607747899,Virtu Financial,Tier 3,omnibus,,Financials,Equity Derivatives,Equity,SSF,USA SSF,USA Single Stock Futures,SEA Futures,CIMB,22,1,1,MarketMaker,T+1,FY19
2897,2897,Virtu Financial,GAM,ActiveBroker,ActiveTrader,LiquidityProvider,MarketMaker,GOCSEIR|TOHL,Screen,Client,63,0,9.6,ZSUN,2024-12,SGD,S009,2024,Q4,12,2H,1526.844,Buy-Side,Jinrui Futures,Austria,ActiveTrader,Advisory Firm,1,Hong Kong,14081,399.9,42849.543,0,Virtu Financial,Commods,David Wang Lipeng,,Financials,Equity Derivatives,Equity,SSF,Indian SSF,Indian Single Stock Futures,Sun Pharm Ind Futures,KGI,18,0.5,1,ActiveTrader,T+1,FY16
2897,2897,Virtu Financial,International Sales RM,ActiveBroker,ActiveTrader,LiquidityProvider,MarketMaker,LUSHB,Screen,Client,433.2,0,1255,ZTAM,2021-02,USD,S888,2020,Q1,2,1H,15.48,PTG,KB Securities (Client),Austria,LiquidityProvider,Advisory Firm,1,USA,389,212.85,2696.1,647.58,Virtu Financial,Tier 3,Britney Tan Hwee Sian,,Financials,Equity Derivatives,Equity,SSF,Indian SSF,Indian Single Stock Futures,Tata Motors Passenger Vehicles Futures,Deutsche,20,1,1,ActiveTrader,T,FY24
2897,2897,Virtu Financial,SGROA RM,ActiveBroker,ActiveTrader,LiquidityProvider,MarketMaker,CHIALPL,NLT,Client,2711.25,0,13194,ZTAT,2022-04,USD,S001,2021,Q2,4,1H,28.7,Brokerage/Agency,Shagang International,Austria,LiquidityProvider,Advisory Firm,1,USA,34478,0,1548,0,Virtu Financial,Commods,Richard Wenk,,Financials,Equity Derivatives,Equity,SSF,Indian SSF,Indian Single Stock Futures,Tata Steel Futures,ABN Amro,21,1,0.5,LiquidityProvider,T+1,FY13
2897,2897,Virtu Financial,SGROA NBS,ActiveBroker,ActiveTrader,LiquidityProvider,MarketMaker,TANBHS|DAVEYC,Screen,Client,1.7,0,188.6,ZTCS,2021-01,USD,S168,2020,Q1,1,1H,2389.725,Trading Firms,Undisclosed,Austria,MarketMaker,Advisory Firm,1,Europe,1384.75,1864.05,4708.5,5.9259375,Virtu Financial,Commods,omnibus,,Financials,Equity Derivatives,Equity,SSF,Indian SSF,Indian Single Stock Futures,Tata Consult Svc Futures,CIMB,19,1,1,ActiveTrader,T,FY22
2897,2897,Virtu Financial,International Sales RM,ActiveBroker,ActiveTrader,LiquidityProvider,MarketMaker,MACCHIONEP,Screen,Client,2535.6,0,2,ZTEC,2021-09,USD,S061,2021,Q3,9,2H,116.1,Trading Firms,TotalEnergies Trading Asia Pte. Ltd.,Austria,ActiveTrader,Advisory Firm,1,SG ROA,24,64.5,6592.674,0,Virtu Financial,Tier 1,Vivian Wang Min,,Financials,Equity Derivatives,Equity,SSF,Indian SSF,Indian Single Stock Futures,Tech Mahindra Futures,Barclays,21,1,1,ActiveBroker,T+1,FY17
2897,2897,Virtu Financial,GAM,ActiveBroker,ActiveTrader,LiquidityProvider,MarketMaker,CHIALPL,NLT,Client,863.5,268.6919577,4136,ZUPL,2025-07,USD,S020,2025,Q3,7,2H,361.3760958,Trading Firms,UBS Omnibus,Austria,LiquidityProvider,Advisory Firm,1,SG ROA,4846.5,1257.75,92.88,0,Virtu Financial,Tier 1,Kenneth Ng Say Chong,,Financials,Equity Derivatives,Equity,SSF,Indian SSF,Indian Single Stock Futures,UPL Futures,JP Morgan,22,0.5,1,LiquidityProvider,T+1,FY14
2897,2897,Virtu Financial,China,ActiveBroker,ActiveTrader,LiquidityProvider,MarketMaker,WANGD,Screen,Client,149,5.091240876,0,ZUTC,2022-10,USD,S092,2022,Q4,10,2H,123046.185,Buy-Side,Transtrend,Austria,ActiveTrader,Advisory Firm,1,Hong Kong,7367.5,322.758,3225,1150.0995,Virtu Financial,Tier 1,Renaud Gocsei,,Financials,Equity Derivatives,Equity,SSF,Indian SSF,Indian Single Stock Futures,UltraTech Cement Futures,Macquarie,22,1,1,LiquidityProvider,T,FY14
2897,2897,Virtu Financial,Commodities Sales,ActiveBroker,ActiveTrader,LiquidityProvider,MarketMaker,COHENC|MACCHIONEP,Screen,House,72213,630,884.4,ZWPR,2024-05,USD,S888,2023,Q2,5,1H,86.688,Buy-Side,BNP Paribas Omnibus,Austria,LiquidityProvider,Advisory Firm,1,SG ROA,2.375,700.9215,23185.041,554.66775,Virtu Financial,Tier 2,Renaud Gocsei,,Financials,Equity Derivatives,Equity,SSF,Indian SSF,Indian Single Stock Futures,Wipro Futures,Morgan Stanley,21,1,1,ActiveTrader,T,FY26
